chatwoot_id,evolvy_id,evolvy_inbox_id,inbox_id,inbox_name,status_anterior,status_novo,created_at
213006,85442,5599,1,Histórico Evolvy,pending,snoozed,2024-04-29 06:36:57
213039,85689,5599,1,Histórico Evolvy,pending,snoozed,2024-04-30 00:45:21
213051,85832,5599,1,Histórico Evolvy,pending,snoozed,2024-04-30 16:41:17
213067,85970,5599,1,Histórico Evolvy,pending,snoozed,2024-05-01 00:49:16
213071,85980,5599,1,Histórico Evolvy,pending,snoozed,2024-05-01 01:33:02
213116,86284,5599,1,Histórico Evolvy,pending,snoozed,2024-05-02 20:42:56
195924,89524,5598,1,Histórico Evolvy,pending,snoozed,2024-05-20 16:35:48
196680,90348,5598,1,Histórico Evolvy,pending,snoozed,2024-05-24 17:01:14
198984,94523,5598,1,Histórico Evolvy,pending,snoozed,2024-06-17 17:16:06
198986,94526,5598,1,Histórico Evolvy,pending,snoozed,2024-06-17 17:18:05
198990,94532,5598,1,Histórico Evolvy,pending,snoozed,2024-06-17 17:22:06
198992,94535,5598,1,Histórico Evolvy,pending,snoozed,2024-06-17 17:28:06
198993,94536,5598,1,Histórico Evolvy,pending,snoozed,2024-06-17 17:29:05
198995,94538,5598,1,Histórico Evolvy,pending,snoozed,2024-06-17 17:32:05
198999,94542,5598,1,Histórico Evolvy,pending,snoozed,2024-06-17 17:38:05
199000,94546,5598,1,Histórico Evolvy,pending,snoozed,2024-06-17 17:51:06
199001,94548,5598,1,Histórico Evolvy,pending,snoozed,2024-06-17 17:53:05
199003,94554,5598,1,Histórico Evolvy,pending,snoozed,2024-06-17 18:04:06
199004,94555,5598,1,Histórico Evolvy,pending,snoozed,2024-06-17 18:07:08
199005,94556,5598,1,Histórico Evolvy,pending,snoozed,2024-06-17 18:07:13
199006,94557,5598,1,Histórico Evolvy,pending,snoozed,2024-06-17 18:09:05
199007,94559,5598,1,Histórico Evolvy,pending,snoozed,2024-06-17 18:10:05
199008,94560,5598,1,Histórico Evolvy,pending,snoozed,2024-06-17 18:11:05
199010,94563,5598,1,Histórico Evolvy,pending,snoozed,2024-06-17 18:12:04
199011,94564,5598,1,Histórico Evolvy,pending,snoozed,2024-06-17 18:12:07
199012,94568,5598,1,Histórico Evolvy,pending,snoozed,2024-06-17 18:18:05
199014,94572,5598,1,Histórico Evolvy,pending,snoozed,2024-06-17 18:28:05
199016,94575,5598,1,Histórico Evolvy,pending,snoozed,2024-06-17 18:39:05
199017,94576,5598,1,Histórico Evolvy,pending,snoozed,2024-06-17 18:40:05
199020,94580,5598,1,Histórico Evolvy,pending,snoozed,2024-06-17 18:46:06
199021,94581,5598,1,Histórico Evolvy,pending,snoozed,2024-06-17 18:46:09
199022,94582,5598,1,Histórico Evolvy,pending,snoozed,2024-06-17 18:51:05
199025,94585,5598,1,Histórico Evolvy,pending,snoozed,2024-06-17 18:54:06
199026,94586,5598,1,Histórico Evolvy,pending,snoozed,2024-06-17 18:57:19
199027,94587,5598,1,Histórico Evolvy,pending,snoozed,2024-06-17 18:59:05
199028,94588,5598,1,Histórico Evolvy,pending,snoozed,2024-06-17 19:01:06
199033,94594,5598,1,Histórico Evolvy,pending,snoozed,2024-06-17 19:12:06
199034,94595,5598,1,Histórico Evolvy,pending,snoozed,2024-06-17 19:16:06
199036,94598,5598,1,Histórico Evolvy,pending,snoozed,2024-06-17 19:19:05
199037,94599,5598,1,Histórico Evolvy,pending,snoozed,2024-06-17 19:21:06
199041,94604,5598,1,Histórico Evolvy,pending,snoozed,2024-06-17 19:36:05
199043,94608,5598,1,Histórico Evolvy,pending,snoozed,2024-06-17 19:47:05
199044,94610,5598,1,Histórico Evolvy,pending,snoozed,2024-06-17 19:48:05
199045,94611,5598,1,Histórico Evolvy,pending,snoozed,2024-06-17 19:50:07
199050,94617,5598,1,Histórico Evolvy,pending,snoozed,2024-06-17 20:12:06
199051,94618,5598,1,Histórico Evolvy,pending,snoozed,2024-06-17 20:12:09
199052,94619,5598,1,Histórico Evolvy,pending,snoozed,2024-06-17 20:13:06
199053,94620,5598,1,Histórico Evolvy,pending,snoozed,2024-06-17 20:13:10
199054,94621,5598,1,Histórico Evolvy,pending,snoozed,2024-06-17 20:15:06
199055,94622,5598,1,Histórico Evolvy,pending,snoozed,2024-06-17 20:17:06
199058,94628,5598,1,Histórico Evolvy,pending,snoozed,2024-06-17 20:31:05
199060,94630,5598,1,Histórico Evolvy,pending,snoozed,2024-06-17 20:33:06
199061,94631,5598,1,Histórico Evolvy,pending,snoozed,2024-06-17 20:34:04
199063,94636,5598,1,Histórico Evolvy,pending,snoozed,2024-06-17 20:45:06
199064,94637,5598,1,Histórico Evolvy,pending,snoozed,2024-06-17 20:46:06
199065,94638,5598,1,Histórico Evolvy,pending,snoozed,2024-06-17 20:46:08
199067,94641,5598,1,Histórico Evolvy,pending,snoozed,2024-06-17 20:49:08
199068,94642,5598,1,Histórico Evolvy,pending,snoozed,2024-06-17 20:54:05
199070,94644,5598,1,Histórico Evolvy,pending,snoozed,2024-06-17 20:57:10
199072,94646,5598,1,Histórico Evolvy,pending,snoozed,2024-06-17 21:00:19
199073,94647,5598,1,Histórico Evolvy,pending,snoozed,2024-06-17 21:00:23
199074,94648,5598,1,Histórico Evolvy,pending,snoozed,2024-06-17 21:00:26
199075,94650,5598,1,Histórico Evolvy,pending,snoozed,2024-06-17 21:02:07
199076,94651,5598,1,Histórico Evolvy,pending,snoozed,2024-06-17 21:02:09
199077,94652,5598,1,Histórico Evolvy,pending,snoozed,2024-06-17 21:03:06
199082,94659,5598,1,Histórico Evolvy,pending,snoozed,2024-06-17 21:07:06
199083,94660,5598,1,Histórico Evolvy,pending,snoozed,2024-06-17 21:07:10
199085,94664,5598,1,Histórico Evolvy,pending,snoozed,2024-06-17 21:10:06
199086,94665,5598,1,Histórico Evolvy,pending,snoozed,2024-06-17 21:11:04
199087,94667,5598,1,Histórico Evolvy,pending,snoozed,2024-06-17 21:12:05
199088,94668,5598,1,Histórico Evolvy,pending,snoozed,2024-06-17 21:12:08
199093,94675,5598,1,Histórico Evolvy,pending,snoozed,2024-06-17 21:18:07
199097,94681,5598,1,Histórico Evolvy,pending,snoozed,2024-06-17 21:30:06
199098,94682,5598,1,Histórico Evolvy,pending,snoozed,2024-06-17 21:33:05
199103,94690,5598,1,Histórico Evolvy,pending,snoozed,2024-06-17 21:41:06
199104,94692,5598,1,Histórico Evolvy,pending,snoozed,2024-06-17 21:45:07
199105,94693,5598,1,Histórico Evolvy,pending,snoozed,2024-06-17 21:50:06
199106,94694,5598,1,Histórico Evolvy,pending,snoozed,2024-06-17 21:51:06
199107,94695,5598,1,Histórico Evolvy,pending,snoozed,2024-06-17 21:51:09
199108,94696,5598,1,Histórico Evolvy,pending,snoozed,2024-06-17 21:53:07
199109,94698,5598,1,Histórico Evolvy,pending,snoozed,2024-06-17 21:56:06
199110,94699,5598,1,Histórico Evolvy,pending,snoozed,2024-06-17 21:57:07
199111,94701,5598,1,Histórico Evolvy,pending,snoozed,2024-06-17 22:02:06
199112,94703,5598,1,Histórico Evolvy,pending,snoozed,2024-06-17 22:03:17
199113,94705,5598,1,Histórico Evolvy,pending,snoozed,2024-06-17 22:05:07
199114,94706,5598,1,Histórico Evolvy,pending,snoozed,2024-06-17 22:06:06
199115,94707,5598,1,Histórico Evolvy,pending,snoozed,2024-06-17 22:06:09
199117,94711,5598,1,Histórico Evolvy,pending,snoozed,2024-06-17 22:08:06
199118,94712,5598,1,Histórico Evolvy,pending,snoozed,2024-06-17 22:08:08
199119,94714,5598,1,Histórico Evolvy,pending,snoozed,2024-06-17 22:11:07
199120,94715,5598,1,Histórico Evolvy,pending,snoozed,2024-06-17 22:12:06
199124,94721,5598,1,Histórico Evolvy,pending,snoozed,2024-06-17 22:23:07
199125,94722,5598,1,Histórico Evolvy,pending,snoozed,2024-06-17 22:25:06
199126,94724,5598,1,Histórico Evolvy,pending,snoozed,2024-06-17 22:26:05
199127,94725,5598,1,Histórico Evolvy,pending,snoozed,2024-06-17 22:28:06
199128,94726,5598,1,Histórico Evolvy,pending,snoozed,2024-06-17 22:28:10
199129,94727,5598,1,Histórico Evolvy,pending,snoozed,2024-06-17 22:28:12
199130,94728,5598,1,Histórico Evolvy,pending,snoozed,2024-06-17 22:32:06
199131,94729,5598,1,Histórico Evolvy,pending,snoozed,2024-06-17 22:33:07
199132,94730,5598,1,Histórico Evolvy,pending,snoozed,2024-06-17 22:33:11
199133,94732,5598,1,Histórico Evolvy,pending,snoozed,2024-06-17 22:37:06
199134,94734,5598,1,Histórico Evolvy,pending,snoozed,2024-06-17 22:37:10
199135,94736,5598,1,Histórico Evolvy,pending,snoozed,2024-06-17 22:39:06
199137,94738,5598,1,Histórico Evolvy,pending,snoozed,2024-06-17 22:44:07
199139,94740,5598,1,Histórico Evolvy,pending,snoozed,2024-06-17 22:45:06
199140,94742,5598,1,Histórico Evolvy,pending,snoozed,2024-06-17 22:49:06
199141,94744,5598,1,Histórico Evolvy,pending,snoozed,2024-06-17 22:54:07
199142,94745,5598,1,Histórico Evolvy,pending,snoozed,2024-06-17 23:00:16
199143,94746,5598,1,Histórico Evolvy,pending,snoozed,2024-06-17 23:01:05
199146,94753,5598,1,Histórico Evolvy,pending,snoozed,2024-06-17 23:08:05
199148,94755,5598,1,Histórico Evolvy,pending,snoozed,2024-06-17 23:09:06
199149,94756,5598,1,Histórico Evolvy,pending,snoozed,2024-06-17 23:10:06
199150,94759,5598,1,Histórico Evolvy,pending,snoozed,2024-06-17 23:14:05
199151,94760,5598,1,Histórico Evolvy,pending,snoozed,2024-06-17 23:14:09
199152,94761,5598,1,Histórico Evolvy,pending,snoozed,2024-06-17 23:16:05
199154,94764,5598,1,Histórico Evolvy,pending,snoozed,2024-06-17 23:19:05
199155,94765,5598,1,Histórico Evolvy,pending,snoozed,2024-06-17 23:19:08
199157,94769,5598,1,Histórico Evolvy,pending,snoozed,2024-06-17 23:25:05
199160,94772,5598,1,Histórico Evolvy,pending,snoozed,2024-06-17 23:31:05
199162,94774,5598,1,Histórico Evolvy,pending,snoozed,2024-06-17 23:36:04
199164,94778,5598,1,Histórico Evolvy,pending,snoozed,2024-06-17 23:39:06
199167,94782,5598,1,Histórico Evolvy,pending,snoozed,2024-06-17 23:46:05
199168,94783,5598,1,Histórico Evolvy,pending,snoozed,2024-06-17 23:49:08
199169,94784,5598,1,Histórico Evolvy,pending,snoozed,2024-06-17 23:51:05
199170,94785,5598,1,Histórico Evolvy,pending,snoozed,2024-06-17 23:51:09
199171,94786,5598,1,Histórico Evolvy,pending,snoozed,2024-06-17 23:52:05
199173,94788,5598,1,Histórico Evolvy,pending,snoozed,2024-06-17 23:55:06
199174,94790,5598,1,Histórico Evolvy,pending,snoozed,2024-06-18 00:00:09
199175,94791,5598,1,Histórico Evolvy,pending,snoozed,2024-06-18 00:05:07
199178,94794,5598,1,Histórico Evolvy,pending,snoozed,2024-06-18 00:16:06
199180,94798,5598,1,Histórico Evolvy,pending,snoozed,2024-06-18 00:19:05
199181,94799,5598,1,Histórico Evolvy,pending,snoozed,2024-06-18 00:19:09
199182,94800,5598,1,Histórico Evolvy,pending,snoozed,2024-06-18 00:20:10
199183,94801,5598,1,Histórico Evolvy,pending,snoozed,2024-06-18 00:22:06
199184,94802,5598,1,Histórico Evolvy,pending,snoozed,2024-06-18 00:23:06
199186,94804,5598,1,Histórico Evolvy,pending,snoozed,2024-06-18 00:28:10
199190,94810,5598,1,Histórico Evolvy,pending,snoozed,2024-06-18 00:37:10
199191,94812,5598,1,Histórico Evolvy,pending,snoozed,2024-06-18 00:40:11
199192,94813,5598,1,Histórico Evolvy,pending,snoozed,2024-06-18 00:41:07
199193,94814,5598,1,Histórico Evolvy,pending,snoozed,2024-06-18 00:43:06
199194,94815,5598,1,Histórico Evolvy,pending,snoozed,2024-06-18 00:43:09
199196,94818,5598,1,Histórico Evolvy,pending,snoozed,2024-06-18 00:45:08
199197,94819,5598,1,Histórico Evolvy,pending,snoozed,2024-06-18 00:45:10
199198,94821,5598,1,Histórico Evolvy,pending,snoozed,2024-06-18 00:49:06
199200,94824,5598,1,Histórico Evolvy,pending,snoozed,2024-06-18 00:59:07
199201,94825,5598,1,Histórico Evolvy,pending,snoozed,2024-06-18 01:01:06
199202,94826,5598,1,Histórico Evolvy,pending,snoozed,2024-06-18 01:03:04
199203,94829,5598,1,Histórico Evolvy,pending,snoozed,2024-06-18 01:06:06
199204,94833,5598,1,Histórico Evolvy,pending,snoozed,2024-06-18 01:20:10
199207,94836,5598,1,Histórico Evolvy,pending,snoozed,2024-06-18 01:23:06
199208,94837,5598,1,Histórico Evolvy,pending,snoozed,2024-06-18 01:25:06
199210,94839,5598,1,Histórico Evolvy,pending,snoozed,2024-06-18 01:27:06
199211,94840,5598,1,Histórico Evolvy,pending,snoozed,2024-06-18 01:30:07
199212,94841,5598,1,Histórico Evolvy,pending,snoozed,2024-06-18 01:31:07
199213,94842,5598,1,Histórico Evolvy,pending,snoozed,2024-06-18 01:31:10
199215,94846,5598,1,Histórico Evolvy,pending,snoozed,2024-06-18 01:41:04
199217,94848,5598,1,Histórico Evolvy,pending,snoozed,2024-06-18 01:45:09
199218,94849,5598,1,Histórico Evolvy,pending,snoozed,2024-06-18 01:46:08
199219,94850,5598,1,Histórico Evolvy,pending,snoozed,2024-06-18 01:47:06
199223,94858,5598,1,Histórico Evolvy,pending,snoozed,2024-06-18 01:58:06
199224,94859,5598,1,Histórico Evolvy,pending,snoozed,2024-06-18 01:58:09
199226,94862,5598,1,Histórico Evolvy,pending,snoozed,2024-06-18 02:04:06
199227,94863,5598,1,Histórico Evolvy,pending,snoozed,2024-06-18 02:05:05
199228,94865,5598,1,Histórico Evolvy,pending,snoozed,2024-06-18 02:11:07
199229,94866,5598,1,Histórico Evolvy,pending,snoozed,2024-06-18 02:14:07
199230,94867,5598,1,Histórico Evolvy,pending,snoozed,2024-06-18 02:15:07
199231,94868,5598,1,Histórico Evolvy,pending,snoozed,2024-06-18 02:16:06
199232,94869,5598,1,Histórico Evolvy,pending,snoozed,2024-06-18 02:25:06
199234,94871,5598,1,Histórico Evolvy,pending,snoozed,2024-06-18 02:28:05
199235,94872,5598,1,Histórico Evolvy,pending,snoozed,2024-06-18 02:29:06
199236,94873,5598,1,Histórico Evolvy,pending,snoozed,2024-06-18 02:32:05
199237,94874,5598,1,Histórico Evolvy,pending,snoozed,2024-06-18 02:37:04
199238,94875,5598,1,Histórico Evolvy,pending,snoozed,2024-06-18 02:39:05
199239,94876,5598,1,Histórico Evolvy,pending,snoozed,2024-06-18 02:40:13
199240,94877,5598,1,Histórico Evolvy,pending,snoozed,2024-06-18 02:40:19
199241,94879,5598,1,Histórico Evolvy,pending,snoozed,2024-06-18 02:46:06
199242,94880,5598,1,Histórico Evolvy,pending,snoozed,2024-06-18 02:50:08
199244,94882,5598,1,Histórico Evolvy,pending,snoozed,2024-06-18 02:52:07
199245,94883,5598,1,Histórico Evolvy,pending,snoozed,2024-06-18 02:53:05
199247,94885,5598,1,Histórico Evolvy,pending,snoozed,2024-06-18 02:58:08
199248,94886,5598,1,Histórico Evolvy,pending,snoozed,2024-06-18 03:13:08
199249,94887,5598,1,Histórico Evolvy,pending,snoozed,2024-06-18 03:24:06
199252,94894,5598,1,Histórico Evolvy,pending,snoozed,2024-06-18 03:55:05
199253,94895,5598,1,Histórico Evolvy,pending,snoozed,2024-06-18 04:01:06
199255,94897,5598,1,Histórico Evolvy,pending,snoozed,2024-06-18 04:13:05
199256,94898,5598,1,Histórico Evolvy,pending,snoozed,2024-06-18 04:29:05
199257,94899,5598,1,Histórico Evolvy,pending,snoozed,2024-06-18 04:49:05
199258,94903,5598,1,Histórico Evolvy,pending,snoozed,2024-06-18 05:31:05
199259,94904,5598,1,Histórico Evolvy,pending,snoozed,2024-06-18 05:45:05
199261,94906,5598,1,Histórico Evolvy,pending,snoozed,2024-06-18 05:56:06
199262,94908,5598,1,Histórico Evolvy,pending,snoozed,2024-06-18 06:35:05
199264,94912,5598,1,Histórico Evolvy,pending,snoozed,2024-06-18 06:57:05
199265,94913,5598,1,Histórico Evolvy,pending,snoozed,2024-06-18 07:26:06
199267,94915,5598,1,Histórico Evolvy,pending,snoozed,2024-06-18 07:27:12
199268,94916,5598,1,Histórico Evolvy,pending,snoozed,2024-06-18 07:27:19
199271,94920,5598,1,Histórico Evolvy,pending,snoozed,2024-06-18 07:38:07
199273,94924,5598,1,Histórico Evolvy,pending,snoozed,2024-06-18 08:18:06
199275,94929,5598,1,Histórico Evolvy,pending,snoozed,2024-06-18 08:49:09
199277,94932,5598,1,Histórico Evolvy,pending,snoozed,2024-06-18 09:17:05
199279,94934,5598,1,Histórico Evolvy,pending,snoozed,2024-06-18 09:33:07
199280,94937,5598,1,Histórico Evolvy,pending,snoozed,2024-06-18 09:37:07
199281,94940,5598,1,Histórico Evolvy,pending,snoozed,2024-06-18 09:39:06
199282,94941,5598,1,Histórico Evolvy,pending,snoozed,2024-06-18 09:40:08
199283,94942,5598,1,Histórico Evolvy,pending,snoozed,2024-06-18 09:42:04
199284,94943,5598,1,Histórico Evolvy,pending,snoozed,2024-06-18 09:44:05
199285,94944,5598,1,Histórico Evolvy,pending,snoozed,2024-06-18 09:45:07
199288,94950,5598,1,Histórico Evolvy,pending,snoozed,2024-06-18 09:49:05
199289,94951,5598,1,Histórico Evolvy,pending,snoozed,2024-06-18 09:50:05
199290,94952,5598,1,Histórico Evolvy,pending,snoozed,2024-06-18 09:51:04
199292,94954,5598,1,Histórico Evolvy,pending,snoozed,2024-06-18 09:53:06
199293,94955,5598,1,Histórico Evolvy,pending,snoozed,2024-06-18 09:57:05
199295,94958,5598,1,Histórico Evolvy,pending,snoozed,2024-06-18 10:02:04
199296,94959,5598,1,Histórico Evolvy,pending,snoozed,2024-06-18 10:07:06
199297,94960,5598,1,Histórico Evolvy,pending,snoozed,2024-06-18 10:07:09
199299,94963,5598,1,Histórico Evolvy,pending,snoozed,2024-06-18 10:10:06
199300,94964,5598,1,Histórico Evolvy,pending,snoozed,2024-06-18 10:13:07
199305,94973,5598,1,Histórico Evolvy,pending,snoozed,2024-06-18 10:26:05
199309,94978,5598,1,Histórico Evolvy,pending,snoozed,2024-06-18 10:31:06
199310,94982,5598,1,Histórico Evolvy,pending,snoozed,2024-06-18 10:35:05
199312,94984,5598,1,Histórico Evolvy,pending,snoozed,2024-06-18 10:39:05
199313,94986,5598,1,Histórico Evolvy,pending,snoozed,2024-06-18 10:41:06
199314,94988,5598,1,Histórico Evolvy,pending,snoozed,2024-06-18 10:46:05
199315,94989,5598,1,Histórico Evolvy,pending,snoozed,2024-06-18 10:48:06
199316,94990,5598,1,Histórico Evolvy,pending,snoozed,2024-06-18 10:50:05
199317,94992,5598,1,Histórico Evolvy,pending,snoozed,2024-06-18 10:50:10
199319,94997,5598,1,Histórico Evolvy,pending,snoozed,2024-06-18 11:00:11
199321,94999,5598,1,Histórico Evolvy,pending,snoozed,2024-06-18 11:03:06
199323,95001,5598,1,Histórico Evolvy,pending,snoozed,2024-06-18 11:04:05
199324,95002,5598,1,Histórico Evolvy,pending,snoozed,2024-06-18 11:05:07
199325,95003,5598,1,Histórico Evolvy,pending,snoozed,2024-06-18 11:05:10
199326,95005,5598,1,Histórico Evolvy,pending,snoozed,2024-06-18 11:07:08
199327,95006,5598,1,Histórico Evolvy,pending,snoozed,2024-06-18 11:08:05
199328,95008,5598,1,Histórico Evolvy,pending,snoozed,2024-06-18 11:10:05
199331,95012,5598,1,Histórico Evolvy,pending,snoozed,2024-06-18 11:14:08
199332,95013,5598,1,Histórico Evolvy,pending,snoozed,2024-06-18 11:15:05
199335,95017,5598,1,Histórico Evolvy,pending,snoozed,2024-06-18 11:21:06
199337,95020,5598,1,Histórico Evolvy,pending,snoozed,2024-06-18 11:23:05
199338,95021,5598,1,Histórico Evolvy,pending,snoozed,2024-06-18 11:23:09
199341,95024,5598,1,Histórico Evolvy,pending,snoozed,2024-06-18 11:24:15
199342,95025,5598,1,Histórico Evolvy,pending,snoozed,2024-06-18 11:26:06
199343,95026,5598,1,Histórico Evolvy,pending,snoozed,2024-06-18 11:27:05
199346,95030,5598,1,Histórico Evolvy,pending,snoozed,2024-06-18 11:31:06
199347,95031,5598,1,Histórico Evolvy,pending,snoozed,2024-06-18 11:31:09
199348,95032,5598,1,Histórico Evolvy,pending,snoozed,2024-06-18 11:32:06
199349,95033,5598,1,Histórico Evolvy,pending,snoozed,2024-06-18 11:32:10
199350,95034,5598,1,Histórico Evolvy,pending,snoozed,2024-06-18 11:35:04
199352,95036,5598,1,Histórico Evolvy,pending,snoozed,2024-06-18 11:37:10
199353,95038,5598,1,Histórico Evolvy,pending,snoozed,2024-06-18 11:38:07
199354,95039,5598,1,Histórico Evolvy,pending,snoozed,2024-06-18 11:38:09
199356,95041,5598,1,Histórico Evolvy,pending,snoozed,2024-06-18 11:39:09
199358,95043,5598,1,Histórico Evolvy,pending,snoozed,2024-06-18 11:41:05
199359,95044,5598,1,Histórico Evolvy,pending,snoozed,2024-06-18 11:42:06
199360,95046,5598,1,Histórico Evolvy,pending,snoozed,2024-06-18 11:42:08
199362,95049,5598,1,Histórico Evolvy,pending,snoozed,2024-06-18 11:46:07
199363,95050,5598,1,Histórico Evolvy,pending,snoozed,2024-06-18 11:46:10
199365,95053,5598,1,Histórico Evolvy,pending,snoozed,2024-06-18 11:48:09
199366,95055,5598,1,Histórico Evolvy,pending,snoozed,2024-06-18 11:51:06
199368,95058,5598,1,Histórico Evolvy,pending,snoozed,2024-06-18 11:53:06
199369,95060,5598,1,Histórico Evolvy,pending,snoozed,2024-06-18 11:55:05
199370,95061,5598,1,Histórico Evolvy,pending,snoozed,2024-06-18 11:56:06
199371,95062,5598,1,Histórico Evolvy,pending,snoozed,2024-06-18 11:56:09
199372,95064,5598,1,Histórico Evolvy,pending,snoozed,2024-06-18 11:59:05
199373,95065,5598,1,Histórico Evolvy,pending,snoozed,2024-06-18 11:59:09
199374,95066,5598,1,Histórico Evolvy,pending,snoozed,2024-06-18 12:01:05
199375,95067,5598,1,Histórico Evolvy,pending,snoozed,2024-06-18 12:02:06
199376,95068,5598,1,Histórico Evolvy,pending,snoozed,2024-06-18 12:04:05
199377,95070,5598,1,Histórico Evolvy,pending,snoozed,2024-06-18 12:07:05
199380,95073,5598,1,Histórico Evolvy,pending,snoozed,2024-06-18 12:13:05
199382,95075,5598,1,Histórico Evolvy,pending,snoozed,2024-06-18 12:18:06
199383,95077,5598,1,Histórico Evolvy,pending,snoozed,2024-06-18 12:18:10
199384,95079,5598,1,Histórico Evolvy,pending,snoozed,2024-06-18 12:19:05
199385,95080,5598,1,Histórico Evolvy,pending,snoozed,2024-06-18 12:20:11
199386,95082,5598,1,Histórico Evolvy,pending,snoozed,2024-06-18 12:22:06
199387,95083,5598,1,Histórico Evolvy,pending,snoozed,2024-06-18 12:23:04
199388,95086,5598,1,Histórico Evolvy,pending,snoozed,2024-06-18 12:25:05
199389,95088,5598,1,Histórico Evolvy,pending,snoozed,2024-06-18 12:26:05
199390,95089,5598,1,Histórico Evolvy,pending,snoozed,2024-06-18 12:27:06
199391,95090,5598,1,Histórico Evolvy,pending,snoozed,2024-06-18 12:29:06
199392,95091,5598,1,Histórico Evolvy,pending,snoozed,2024-06-18 12:32:06
199393,95093,5598,1,Histórico Evolvy,pending,snoozed,2024-06-18 12:33:05
199394,95095,5598,1,Histórico Evolvy,pending,snoozed,2024-06-18 12:34:05
199395,95096,5598,1,Histórico Evolvy,pending,snoozed,2024-06-18 12:35:06
199396,95098,5598,1,Histórico Evolvy,pending,snoozed,2024-06-18 12:36:05
199397,95100,5598,1,Histórico Evolvy,pending,snoozed,2024-06-18 12:37:06
199398,95101,5598,1,Histórico Evolvy,pending,snoozed,2024-06-18 12:37:09
199399,95102,5598,1,Histórico Evolvy,pending,snoozed,2024-06-18 12:40:07
199400,95103,5598,1,Histórico Evolvy,pending,snoozed,2024-06-18 12:40:11
199403,95107,5598,1,Histórico Evolvy,pending,snoozed,2024-06-18 12:46:08
199404,95109,5598,1,Histórico Evolvy,pending,snoozed,2024-06-18 12:48:08
199405,95110,5598,1,Histórico Evolvy,pending,snoozed,2024-06-18 12:48:13
199406,95111,5598,1,Histórico Evolvy,pending,snoozed,2024-06-18 12:52:06
199409,95114,5598,1,Histórico Evolvy,pending,snoozed,2024-06-18 12:55:07
199411,95118,5598,1,Histórico Evolvy,pending,snoozed,2024-06-18 12:59:06
199412,95121,5598,1,Histórico Evolvy,pending,snoozed,2024-06-18 12:59:11
199413,95126,5598,1,Histórico Evolvy,pending,snoozed,2024-06-18 13:04:07
199414,95127,5598,1,Histórico Evolvy,pending,snoozed,2024-06-18 13:05:06
199416,95130,5598,1,Histórico Evolvy,pending,snoozed,2024-06-18 13:07:05
199418,95133,5598,1,Histórico Evolvy,pending,snoozed,2024-06-18 13:10:06
199419,95137,5598,1,Histórico Evolvy,pending,snoozed,2024-06-18 13:23:05
199421,95139,5598,1,Histórico Evolvy,pending,snoozed,2024-06-18 13:25:07
199422,95140,5598,1,Histórico Evolvy,pending,snoozed,2024-06-18 13:25:10
199423,95145,5598,1,Histórico Evolvy,pending,snoozed,2024-06-18 13:33:06
199424,95147,5598,1,Histórico Evolvy,pending,snoozed,2024-06-18 13:37:05
199425,95150,5598,1,Histórico Evolvy,pending,snoozed,2024-06-18 13:38:06
199426,95153,5598,1,Histórico Evolvy,pending,snoozed,2024-06-18 13:39:05
199427,95155,5598,1,Histórico Evolvy,pending,snoozed,2024-06-18 13:41:06
199428,95157,5598,1,Histórico Evolvy,pending,snoozed,2024-06-18 13:43:06
199429,95158,5598,1,Histórico Evolvy,pending,snoozed,2024-06-18 13:45:05
199430,95160,5598,1,Histórico Evolvy,pending,snoozed,2024-06-18 13:48:05
199432,95163,5598,1,Histórico Evolvy,pending,snoozed,2024-06-18 13:51:06
199434,95165,5598,1,Histórico Evolvy,pending,snoozed,2024-06-18 13:55:04
199436,95168,5598,1,Histórico Evolvy,pending,snoozed,2024-06-18 13:56:06
199437,95170,5598,1,Histórico Evolvy,pending,snoozed,2024-06-18 13:59:05
199438,95175,5598,1,Histórico Evolvy,pending,snoozed,2024-06-18 14:00:11
199440,95179,5598,1,Histórico Evolvy,pending,snoozed,2024-06-18 14:07:05
199443,95182,5598,1,Histórico Evolvy,pending,snoozed,2024-06-18 14:08:06
199445,95185,5598,1,Histórico Evolvy,pending,snoozed,2024-06-18 14:11:08
199446,95186,5598,1,Histórico Evolvy,pending,snoozed,2024-06-18 14:14:05
199447,95191,5598,1,Histórico Evolvy,pending,snoozed,2024-06-18 14:29:10
199449,95193,5598,1,Histórico Evolvy,pending,snoozed,2024-06-18 14:30:05
199450,95194,5598,1,Histórico Evolvy,pending,snoozed,2024-06-18 14:32:06
199452,95196,5598,1,Histórico Evolvy,pending,snoozed,2024-06-18 14:37:06
199454,95198,5598,1,Histórico Evolvy,pending,snoozed,2024-06-18 14:40:05
199455,95200,5598,1,Histórico Evolvy,pending,snoozed,2024-06-18 14:42:05
199459,95204,5598,1,Histórico Evolvy,pending,snoozed,2024-06-18 14:52:05
199460,95205,5598,1,Histórico Evolvy,pending,snoozed,2024-06-18 14:53:04
199461,95207,5598,1,Histórico Evolvy,pending,snoozed,2024-06-18 14:57:06
199462,95208,5598,1,Histórico Evolvy,pending,snoozed,2024-06-18 15:02:06
199463,95210,5598,1,Histórico Evolvy,pending,snoozed,2024-06-18 15:07:06
199466,95216,5598,1,Histórico Evolvy,pending,snoozed,2024-06-18 15:21:06
199468,95219,5598,1,Histórico Evolvy,pending,snoozed,2024-06-18 15:23:05
199471,95224,5598,1,Histórico Evolvy,pending,snoozed,2024-06-18 15:28:05
199474,95227,5598,1,Histórico Evolvy,pending,snoozed,2024-06-18 15:31:05
199475,95229,5598,1,Histórico Evolvy,pending,snoozed,2024-06-18 15:36:06
199977,95234,5598,1,Histórico Evolvy,pending,snoozed,2024-06-18 15:41:05
199978,95235,5598,1,Histórico Evolvy,pending,snoozed,2024-06-18 15:42:06
199979,95237,5598,1,Histórico Evolvy,pending,snoozed,2024-06-18 15:48:10
199980,95238,5598,1,Histórico Evolvy,pending,snoozed,2024-06-18 15:49:05
199981,95240,5598,1,Histórico Evolvy,pending,snoozed,2024-06-18 15:52:04
199983,95243,5598,1,Histórico Evolvy,pending,snoozed,2024-06-18 15:58:06
199984,95244,5598,1,Histórico Evolvy,pending,snoozed,2024-06-18 15:59:05
199985,95245,5598,1,Histórico Evolvy,pending,snoozed,2024-06-18 16:03:05
199989,95249,5598,1,Histórico Evolvy,pending,snoozed,2024-06-18 16:15:06
199990,95250,5598,1,Histórico Evolvy,pending,snoozed,2024-06-18 16:16:06
199992,95252,5598,1,Histórico Evolvy,pending,snoozed,2024-06-18 16:18:06
199993,95253,5598,1,Histórico Evolvy,pending,snoozed,2024-06-18 16:19:06
199994,95254,5598,1,Histórico Evolvy,pending,snoozed,2024-06-18 16:19:11
199995,95256,5598,1,Histórico Evolvy,pending,snoozed,2024-06-18 16:22:05
199996,95257,5598,1,Histórico Evolvy,pending,snoozed,2024-06-18 16:22:09
199997,95259,5598,1,Histórico Evolvy,pending,snoozed,2024-06-18 16:25:10
199998,95260,5598,1,Histórico Evolvy,pending,snoozed,2024-06-18 16:27:07
199999,95261,5598,1,Histórico Evolvy,pending,snoozed,2024-06-18 16:31:05
200006,95273,5598,1,Histórico Evolvy,pending,snoozed,2024-06-18 17:00:05
200007,95275,5598,1,Histórico Evolvy,pending,snoozed,2024-06-18 17:02:06
200009,95279,5598,1,Histórico Evolvy,pending,snoozed,2024-06-18 17:17:08
200010,95280,5598,1,Histórico Evolvy,pending,snoozed,2024-06-18 17:27:07
200011,95284,5598,1,Histórico Evolvy,pending,snoozed,2024-06-18 17:35:05
200012,95285,5598,1,Histórico Evolvy,pending,snoozed,2024-06-18 17:36:06
200013,95288,5598,1,Histórico Evolvy,pending,snoozed,2024-06-18 17:44:07
200014,95289,5598,1,Histórico Evolvy,pending,snoozed,2024-06-18 17:47:06
200015,95291,5598,1,Histórico Evolvy,pending,snoozed,2024-06-18 17:54:04
200016,95294,5598,1,Histórico Evolvy,pending,snoozed,2024-06-18 18:03:07
200017,95297,5598,1,Histórico Evolvy,pending,snoozed,2024-06-18 18:09:06
200018,95299,5598,1,Histórico Evolvy,pending,snoozed,2024-06-18 18:10:06
200022,95303,5598,1,Histórico Evolvy,pending,snoozed,2024-06-18 18:28:06
200023,95305,5598,1,Histórico Evolvy,pending,snoozed,2024-06-18 18:30:04
200024,95307,5598,1,Histórico Evolvy,pending,snoozed,2024-06-18 18:35:07
200025,95310,5598,1,Histórico Evolvy,pending,snoozed,2024-06-18 18:38:11
200027,95312,5598,1,Histórico Evolvy,pending,snoozed,2024-06-18 18:42:05
200030,95317,5598,1,Histórico Evolvy,pending,snoozed,2024-06-18 18:49:06
200035,95323,5598,1,Histórico Evolvy,pending,snoozed,2024-06-18 19:06:06
200036,95325,5598,1,Histórico Evolvy,pending,snoozed,2024-06-18 19:11:06
200039,95331,5598,1,Histórico Evolvy,pending,snoozed,2024-06-18 19:31:07
200042,95334,5598,1,Histórico Evolvy,pending,snoozed,2024-06-18 19:58:05
200043,95335,5598,1,Histórico Evolvy,pending,snoozed,2024-06-18 20:03:06
200044,95336,5598,1,Histórico Evolvy,pending,snoozed,2024-06-18 20:07:04
200045,95338,5598,1,Histórico Evolvy,pending,snoozed,2024-06-18 20:11:06
200047,95340,5598,1,Histórico Evolvy,pending,snoozed,2024-06-18 20:14:07
200048,95345,5598,1,Histórico Evolvy,pending,snoozed,2024-06-18 20:23:06
200049,95346,5598,1,Histórico Evolvy,pending,snoozed,2024-06-18 20:26:07
200050,95349,5598,1,Histórico Evolvy,pending,snoozed,2024-06-18 20:36:06
200052,95353,5598,1,Histórico Evolvy,pending,snoozed,2024-06-18 20:45:06
200053,95354,5598,1,Histórico Evolvy,pending,snoozed,2024-06-18 20:56:07
200055,95358,5598,1,Histórico Evolvy,pending,snoozed,2024-06-18 21:16:07
200057,95360,5598,1,Histórico Evolvy,pending,snoozed,2024-06-18 21:24:07
200058,95361,5598,1,Histórico Evolvy,pending,snoozed,2024-06-18 21:27:05
200060,95366,5598,1,Histórico Evolvy,pending,snoozed,2024-06-18 21:35:09
200062,95368,5598,1,Histórico Evolvy,pending,snoozed,2024-06-18 21:40:07
200064,95371,5598,1,Histórico Evolvy,pending,snoozed,2024-06-18 21:49:06
200067,95377,5598,1,Histórico Evolvy,pending,snoozed,2024-06-18 22:05:06
200068,95379,5598,1,Histórico Evolvy,pending,snoozed,2024-06-18 22:10:05
200069,95380,5598,1,Histórico Evolvy,pending,snoozed,2024-06-18 22:10:10
200070,95381,5598,1,Histórico Evolvy,pending,snoozed,2024-06-18 22:12:07
200074,95389,5598,1,Histórico Evolvy,pending,snoozed,2024-06-18 22:26:05
200075,95395,5598,1,Histórico Evolvy,pending,snoozed,2024-06-18 22:48:06
200077,95398,5598,1,Histórico Evolvy,pending,snoozed,2024-06-18 23:00:09
200078,95404,5598,1,Histórico Evolvy,pending,snoozed,2024-06-18 23:24:04
200079,95405,5598,1,Histórico Evolvy,pending,snoozed,2024-06-18 23:24:08
200081,95407,5598,1,Histórico Evolvy,pending,snoozed,2024-06-18 23:29:06
200082,95408,5598,1,Histórico Evolvy,pending,snoozed,2024-06-18 23:33:06
200083,95409,5598,1,Histórico Evolvy,pending,snoozed,2024-06-18 23:36:06
200086,95412,5598,1,Histórico Evolvy,pending,snoozed,2024-06-18 23:51:06
200087,95413,5598,1,Histórico Evolvy,pending,snoozed,2024-06-18 23:52:08
200088,95414,5598,1,Histórico Evolvy,pending,snoozed,2024-06-18 23:54:08
200089,95416,5598,1,Histórico Evolvy,pending,snoozed,2024-06-18 23:58:07
200090,95422,5598,1,Histórico Evolvy,pending,snoozed,2024-06-19 00:24:06
200091,95423,5598,1,Histórico Evolvy,pending,snoozed,2024-06-19 00:28:07
200092,95424,5598,1,Histórico Evolvy,pending,snoozed,2024-06-19 00:30:06
200093,95425,5598,1,Histórico Evolvy,pending,snoozed,2024-06-19 00:31:06
200095,95427,5598,1,Histórico Evolvy,pending,snoozed,2024-06-19 00:34:06
200096,95428,5598,1,Histórico Evolvy,pending,snoozed,2024-06-19 00:34:09
200098,95433,5598,1,Histórico Evolvy,pending,snoozed,2024-06-19 00:41:06
200100,95435,5598,1,Histórico Evolvy,pending,snoozed,2024-06-19 00:53:06
200101,95436,5598,1,Histórico Evolvy,pending,snoozed,2024-06-19 00:54:09
200102,95437,5598,1,Histórico Evolvy,pending,snoozed,2024-06-19 00:57:08
200103,95438,5598,1,Histórico Evolvy,pending,snoozed,2024-06-19 00:58:08
200107,95445,5598,1,Histórico Evolvy,pending,snoozed,2024-06-19 01:25:11
200108,95446,5598,1,Histórico Evolvy,pending,snoozed,2024-06-19 01:25:14
200112,95453,5598,1,Histórico Evolvy,pending,snoozed,2024-06-19 02:02:07
200113,95455,5598,1,Histórico Evolvy,pending,snoozed,2024-06-19 02:15:10
200114,95456,5598,1,Histórico Evolvy,pending,snoozed,2024-06-19 02:16:09
200115,95458,5598,1,Histórico Evolvy,pending,snoozed,2024-06-19 02:29:07
200117,95460,5598,1,Histórico Evolvy,pending,snoozed,2024-06-19 02:37:07
200118,95462,5598,1,Histórico Evolvy,pending,snoozed,2024-06-19 03:27:05
200119,95464,5598,1,Histórico Evolvy,pending,snoozed,2024-06-19 03:41:07
200121,95473,5598,1,Histórico Evolvy,pending,snoozed,2024-06-19 03:56:06
200122,95474,5598,1,Histórico Evolvy,pending,snoozed,2024-06-19 04:02:07
200123,95475,5598,1,Histórico Evolvy,pending,snoozed,2024-06-19 04:32:05
200124,95477,5598,1,Histórico Evolvy,pending,snoozed,2024-06-19 04:52:07
200126,95481,5598,1,Histórico Evolvy,pending,snoozed,2024-06-19 08:36:05
200127,95483,5598,1,Histórico Evolvy,pending,snoozed,2024-06-19 09:06:05
200129,95485,5598,1,Histórico Evolvy,pending,snoozed,2024-06-19 09:08:06
200131,95489,5598,1,Histórico Evolvy,pending,snoozed,2024-06-19 09:18:05
200132,95491,5598,1,Histórico Evolvy,pending,snoozed,2024-06-19 09:20:19
200133,95492,5598,1,Histórico Evolvy,pending,snoozed,2024-06-19 09:27:07
200134,95493,5598,1,Histórico Evolvy,pending,snoozed,2024-06-19 09:28:06
200135,95494,5598,1,Histórico Evolvy,pending,snoozed,2024-06-19 09:32:05
200136,95495,5598,1,Histórico Evolvy,pending,snoozed,2024-06-19 09:36:06
200140,95503,5598,1,Histórico Evolvy,pending,snoozed,2024-06-19 09:57:05
200142,95506,5598,1,Histórico Evolvy,pending,snoozed,2024-06-19 10:04:09
200144,95509,5598,1,Histórico Evolvy,pending,snoozed,2024-06-19 10:06:06
200148,95515,5598,1,Histórico Evolvy,pending,snoozed,2024-06-19 10:27:05
200149,95516,5598,1,Histórico Evolvy,pending,snoozed,2024-06-19 10:27:10
200150,95517,5598,1,Histórico Evolvy,pending,snoozed,2024-06-19 10:30:06
200154,95522,5598,1,Histórico Evolvy,pending,snoozed,2024-06-19 10:41:05
200155,95523,5598,1,Histórico Evolvy,pending,snoozed,2024-06-19 10:41:10
200156,95524,5598,1,Histórico Evolvy,pending,snoozed,2024-06-19 10:42:06
200162,95531,5598,1,Histórico Evolvy,pending,snoozed,2024-06-19 10:51:06
200163,95535,5598,1,Histórico Evolvy,pending,snoozed,2024-06-19 10:54:05
200164,95536,5598,1,Histórico Evolvy,pending,snoozed,2024-06-19 10:56:05
200165,95538,5598,1,Histórico Evolvy,pending,snoozed,2024-06-19 11:00:10
200166,95539,5598,1,Histórico Evolvy,pending,snoozed,2024-06-19 11:01:05
200167,95541,5598,1,Histórico Evolvy,pending,snoozed,2024-06-19 11:04:05
200168,95542,5598,1,Histórico Evolvy,pending,snoozed,2024-06-19 11:06:07
200169,95543,5598,1,Histórico Evolvy,pending,snoozed,2024-06-19 11:07:06
200170,95544,5598,1,Histórico Evolvy,pending,snoozed,2024-06-19 11:07:09
200171,95546,5598,1,Histórico Evolvy,pending,snoozed,2024-06-19 11:15:06
200174,95549,5598,1,Histórico Evolvy,pending,snoozed,2024-06-19 11:18:07
200176,95551,5598,1,Histórico Evolvy,pending,snoozed,2024-06-19 11:20:05
200178,95553,5598,1,Histórico Evolvy,pending,snoozed,2024-06-19 11:21:11
200180,95558,5598,1,Histórico Evolvy,pending,snoozed,2024-06-19 11:28:05
200181,95560,5598,1,Histórico Evolvy,pending,snoozed,2024-06-19 11:30:07
200183,95566,5598,1,Histórico Evolvy,pending,snoozed,2024-06-19 11:37:07
200184,95568,5598,1,Histórico Evolvy,pending,snoozed,2024-06-19 11:44:05
200185,95570,5598,1,Histórico Evolvy,pending,snoozed,2024-06-19 11:53:05
200186,95571,5598,1,Histórico Evolvy,pending,snoozed,2024-06-19 11:53:10
200187,95572,5598,1,Histórico Evolvy,pending,snoozed,2024-06-19 11:53:15
200189,95575,5598,1,Histórico Evolvy,pending,snoozed,2024-06-19 12:17:06
200190,95576,5598,1,Histórico Evolvy,pending,snoozed,2024-06-19 12:18:06
200192,95578,5598,1,Histórico Evolvy,pending,snoozed,2024-06-19 12:19:05
200193,95580,5598,1,Histórico Evolvy,pending,snoozed,2024-06-19 12:25:05
200194,95581,5598,1,Histórico Evolvy,pending,snoozed,2024-06-19 12:29:06
200195,95583,5598,1,Histórico Evolvy,pending,snoozed,2024-06-19 12:39:05
200196,95585,5598,1,Histórico Evolvy,pending,snoozed,2024-06-19 12:49:05
200199,95591,5598,1,Histórico Evolvy,pending,snoozed,2024-06-19 12:58:05
200202,95595,5598,1,Histórico Evolvy,pending,snoozed,2024-06-19 13:03:06
200203,95596,5598,1,Histórico Evolvy,pending,snoozed,2024-06-19 13:06:04
200204,95598,5598,1,Histórico Evolvy,pending,snoozed,2024-06-19 13:07:08
200208,95616,5598,1,Histórico Evolvy,pending,snoozed,2024-06-19 13:36:05
200209,95618,5598,1,Histórico Evolvy,pending,snoozed,2024-06-19 13:40:04
200211,95621,5598,1,Histórico Evolvy,pending,snoozed,2024-06-19 13:49:07
200213,95626,5598,1,Histórico Evolvy,pending,snoozed,2024-06-19 13:55:09
200215,95628,5598,1,Histórico Evolvy,pending,snoozed,2024-06-19 14:01:06
200216,95629,5598,1,Histórico Evolvy,pending,snoozed,2024-06-19 14:02:06
200217,95630,5598,1,Histórico Evolvy,pending,snoozed,2024-06-19 14:02:10
200218,95632,5598,1,Histórico Evolvy,pending,snoozed,2024-06-19 14:06:05
200219,95633,5598,1,Histórico Evolvy,pending,snoozed,2024-06-19 14:13:07
200220,95635,5598,1,Histórico Evolvy,pending,snoozed,2024-06-19 14:17:05
200221,95636,5598,1,Histórico Evolvy,pending,snoozed,2024-06-19 14:26:07
200223,95638,5598,1,Histórico Evolvy,pending,snoozed,2024-06-19 14:28:05
200224,95639,5598,1,Histórico Evolvy,pending,snoozed,2024-06-19 14:29:07
200225,95640,5598,1,Histórico Evolvy,pending,snoozed,2024-06-19 14:31:07
200226,95643,5598,1,Histórico Evolvy,pending,snoozed,2024-06-19 14:54:06
200227,95644,5598,1,Histórico Evolvy,pending,snoozed,2024-06-19 15:02:06
200228,95647,5598,1,Histórico Evolvy,pending,snoozed,2024-06-19 15:10:06
200229,95649,5598,1,Histórico Evolvy,pending,snoozed,2024-06-19 15:19:06
200230,95652,5598,1,Histórico Evolvy,pending,snoozed,2024-06-19 15:26:05
200231,95653,5598,1,Histórico Evolvy,pending,snoozed,2024-06-19 15:31:06
200232,95655,5598,1,Histórico Evolvy,pending,snoozed,2024-06-19 15:35:06
200234,95658,5598,1,Histórico Evolvy,pending,snoozed,2024-06-19 15:46:06
200235,95660,5598,1,Histórico Evolvy,pending,snoozed,2024-06-19 15:53:06
200238,95666,5598,1,Histórico Evolvy,pending,snoozed,2024-06-19 16:27:07
200239,95669,5598,1,Histórico Evolvy,pending,snoozed,2024-06-19 16:34:05
200240,95670,5598,1,Histórico Evolvy,pending,snoozed,2024-06-19 16:36:05
200242,95672,5598,1,Histórico Evolvy,pending,snoozed,2024-06-19 16:44:05
200244,95681,5598,1,Histórico Evolvy,pending,snoozed,2024-06-19 16:53:07
200246,95683,5598,1,Histórico Evolvy,pending,snoozed,2024-06-19 16:56:06
200247,95689,5598,1,Histórico Evolvy,pending,snoozed,2024-06-19 17:13:05
200248,95690,5598,1,Histórico Evolvy,pending,snoozed,2024-06-19 17:15:06
200250,95694,5598,1,Histórico Evolvy,pending,snoozed,2024-06-19 17:23:06
200251,95695,5598,1,Histórico Evolvy,pending,snoozed,2024-06-19 17:23:10
200252,95697,5598,1,Histórico Evolvy,pending,snoozed,2024-06-19 17:28:06
200253,95699,5598,1,Histórico Evolvy,pending,snoozed,2024-06-19 17:37:06
200254,95700,5598,1,Histórico Evolvy,pending,snoozed,2024-06-19 17:38:07
200255,95701,5598,1,Histórico Evolvy,pending,snoozed,2024-06-19 17:51:05
200256,95702,5598,1,Histórico Evolvy,pending,snoozed,2024-06-19 17:55:05
200257,95703,5598,1,Histórico Evolvy,pending,snoozed,2024-06-19 17:55:08
200258,95705,5598,1,Histórico Evolvy,pending,snoozed,2024-06-19 18:10:09
200260,95708,5598,1,Histórico Evolvy,pending,snoozed,2024-06-19 18:22:06
200262,95710,5598,1,Histórico Evolvy,pending,snoozed,2024-06-19 18:26:06
200264,95715,5598,1,Histórico Evolvy,pending,snoozed,2024-06-19 19:04:11
200266,95718,5598,1,Histórico Evolvy,pending,snoozed,2024-06-19 19:11:14
200267,95719,5598,1,Histórico Evolvy,pending,snoozed,2024-06-19 19:17:06
200269,95721,5598,1,Histórico Evolvy,pending,snoozed,2024-06-19 19:18:05
200270,95722,5598,1,Histórico Evolvy,pending,snoozed,2024-06-19 19:19:08
200272,95724,5598,1,Histórico Evolvy,pending,snoozed,2024-06-19 19:26:06
200275,95727,5598,1,Histórico Evolvy,pending,snoozed,2024-06-19 19:29:06
200277,95730,5598,1,Histórico Evolvy,pending,snoozed,2024-06-19 19:46:06
200278,95731,5598,1,Histórico Evolvy,pending,snoozed,2024-06-19 19:47:05
200284,95738,5598,1,Histórico Evolvy,pending,snoozed,2024-06-19 19:58:06
200285,95742,5598,1,Histórico Evolvy,pending,snoozed,2024-06-19 20:06:06
200286,95744,5598,1,Histórico Evolvy,pending,snoozed,2024-06-19 20:11:05
200287,95749,5598,1,Histórico Evolvy,pending,snoozed,2024-06-19 20:27:04
200291,95754,5598,1,Histórico Evolvy,pending,snoozed,2024-06-19 20:33:05
200293,95757,5598,1,Histórico Evolvy,pending,snoozed,2024-06-19 20:42:04
200294,95758,5598,1,Histórico Evolvy,pending,snoozed,2024-06-19 20:42:07
200297,95765,5598,1,Histórico Evolvy,pending,snoozed,2024-06-19 21:10:05
200298,95766,5598,1,Histórico Evolvy,pending,snoozed,2024-06-19 21:12:07
200299,95768,5598,1,Histórico Evolvy,pending,snoozed,2024-06-19 21:16:05
200304,95775,5598,1,Histórico Evolvy,pending,snoozed,2024-06-19 21:35:08
200306,95777,5598,1,Histórico Evolvy,pending,snoozed,2024-06-19 21:41:05
200309,95783,5598,1,Histórico Evolvy,pending,snoozed,2024-06-19 21:46:06
200311,95785,5598,1,Histórico Evolvy,pending,snoozed,2024-06-19 21:49:04
200312,95787,5598,1,Histórico Evolvy,pending,snoozed,2024-06-19 21:54:05
200313,95788,5598,1,Histórico Evolvy,pending,snoozed,2024-06-19 21:56:05
200316,95792,5598,1,Histórico Evolvy,pending,snoozed,2024-06-19 22:09:06
200320,95796,5598,1,Histórico Evolvy,pending,snoozed,2024-06-19 22:15:06
200321,95797,5598,1,Histórico Evolvy,pending,snoozed,2024-06-19 22:18:06
200322,95798,5598,1,Histórico Evolvy,pending,snoozed,2024-06-19 22:19:06
200324,95800,5598,1,Histórico Evolvy,pending,snoozed,2024-06-19 22:20:14
200327,95804,5598,1,Histórico Evolvy,pending,snoozed,2024-06-19 22:26:06
200328,95805,5598,1,Histórico Evolvy,pending,snoozed,2024-06-19 22:28:05
200329,95806,5598,1,Histórico Evolvy,pending,snoozed,2024-06-19 22:33:06
200330,95807,5598,1,Histórico Evolvy,pending,snoozed,2024-06-19 22:35:06
200331,95809,5598,1,Histórico Evolvy,pending,snoozed,2024-06-19 22:46:07
200332,95810,5598,1,Histórico Evolvy,pending,snoozed,2024-06-19 22:46:11
200333,95811,5598,1,Histórico Evolvy,pending,snoozed,2024-06-19 22:55:06
200334,95813,5598,1,Histórico Evolvy,pending,snoozed,2024-06-19 23:00:10
200335,95815,5598,1,Histórico Evolvy,pending,snoozed,2024-06-19 23:04:05
200336,95817,5598,1,Histórico Evolvy,pending,snoozed,2024-06-19 23:10:05
200339,95823,5598,1,Histórico Evolvy,pending,snoozed,2024-06-19 23:31:07
200340,95824,5598,1,Histórico Evolvy,pending,snoozed,2024-06-19 23:37:06
200342,95826,5598,1,Histórico Evolvy,pending,snoozed,2024-06-19 23:52:11
200343,95827,5598,1,Histórico Evolvy,pending,snoozed,2024-06-19 23:56:06
200344,95828,5598,1,Histórico Evolvy,pending,snoozed,2024-06-20 00:07:05
200350,95839,5598,1,Histórico Evolvy,pending,snoozed,2024-06-20 00:58:06
200351,95840,5598,1,Histórico Evolvy,pending,snoozed,2024-06-20 01:00:11
200352,95844,5598,1,Histórico Evolvy,pending,snoozed,2024-06-20 01:05:09
200353,95846,5598,1,Histórico Evolvy,pending,snoozed,2024-06-20 01:08:06
200355,95848,5598,1,Histórico Evolvy,pending,snoozed,2024-06-20 01:09:06
200356,95850,5598,1,Histórico Evolvy,pending,snoozed,2024-06-20 01:12:06
200357,95852,5598,1,Histórico Evolvy,pending,snoozed,2024-06-20 01:13:05
200358,95853,5598,1,Histórico Evolvy,pending,snoozed,2024-06-20 01:15:06
200360,95857,5598,1,Histórico Evolvy,pending,snoozed,2024-06-20 01:25:06
200361,95858,5598,1,Histórico Evolvy,pending,snoozed,2024-06-20 01:27:06
200362,95859,5598,1,Histórico Evolvy,pending,snoozed,2024-06-20 01:28:06
200363,95861,5598,1,Histórico Evolvy,pending,snoozed,2024-06-20 01:30:06
200364,95863,5598,1,Histórico Evolvy,pending,snoozed,2024-06-20 01:34:06
200365,95865,5598,1,Histórico Evolvy,pending,snoozed,2024-06-20 01:45:06
200366,95867,5598,1,Histórico Evolvy,pending,snoozed,2024-06-20 01:46:06
200367,95869,5598,1,Histórico Evolvy,pending,snoozed,2024-06-20 02:02:06
200369,95873,5598,1,Histórico Evolvy,pending,snoozed,2024-06-20 02:09:05
200370,95874,5598,1,Histórico Evolvy,pending,snoozed,2024-06-20 02:15:05
200371,95875,5598,1,Histórico Evolvy,pending,snoozed,2024-06-20 02:21:06
200372,95876,5598,1,Histórico Evolvy,pending,snoozed,2024-06-20 02:23:05
200374,95878,5598,1,Histórico Evolvy,pending,snoozed,2024-06-20 02:25:06
200376,95880,5598,1,Histórico Evolvy,pending,snoozed,2024-06-20 02:32:04
200377,95882,5598,1,Histórico Evolvy,pending,snoozed,2024-06-20 02:43:06
200378,95884,5598,1,Histórico Evolvy,pending,snoozed,2024-06-20 02:51:05
200379,95886,5598,1,Histórico Evolvy,pending,snoozed,2024-06-20 02:54:07
200380,95887,5598,1,Histórico Evolvy,pending,snoozed,2024-06-20 03:01:06
200381,95889,5598,1,Histórico Evolvy,pending,snoozed,2024-06-20 03:08:07
200382,95891,5598,1,Histórico Evolvy,pending,snoozed,2024-06-20 03:15:07
200385,95899,5598,1,Histórico Evolvy,pending,snoozed,2024-06-20 03:49:06
200386,95903,5598,1,Histórico Evolvy,pending,snoozed,2024-06-20 04:01:06
200388,95908,5598,1,Histórico Evolvy,pending,snoozed,2024-06-20 04:08:06
200389,95910,5598,1,Histórico Evolvy,pending,snoozed,2024-06-20 04:53:07
200391,95914,5598,1,Histórico Evolvy,pending,snoozed,2024-06-20 06:38:07
200392,95916,5598,1,Histórico Evolvy,pending,snoozed,2024-06-20 07:06:07
200394,95918,5598,1,Histórico Evolvy,pending,snoozed,2024-06-20 07:08:07
200395,95919,5598,1,Histórico Evolvy,pending,snoozed,2024-06-20 07:40:08
200396,95920,5598,1,Histórico Evolvy,pending,snoozed,2024-06-20 07:50:06
200397,95923,5598,1,Histórico Evolvy,pending,snoozed,2024-06-20 08:13:05
200398,95924,5598,1,Histórico Evolvy,pending,snoozed,2024-06-20 08:28:05
200400,95927,5598,1,Histórico Evolvy,pending,snoozed,2024-06-20 08:48:07
200401,95929,5598,1,Histórico Evolvy,pending,snoozed,2024-06-20 09:06:05
200404,95937,5598,1,Histórico Evolvy,pending,snoozed,2024-06-20 09:29:05
200405,95938,5598,1,Histórico Evolvy,pending,snoozed,2024-06-20 09:36:07
200406,95941,5598,1,Histórico Evolvy,pending,snoozed,2024-06-20 09:44:07
200409,95945,5598,1,Histórico Evolvy,pending,snoozed,2024-06-20 09:56:08
200410,95946,5598,1,Histórico Evolvy,pending,snoozed,2024-06-20 09:57:07
200411,95947,5598,1,Histórico Evolvy,pending,snoozed,2024-06-20 09:57:12
200412,95948,5598,1,Histórico Evolvy,pending,snoozed,2024-06-20 09:59:05
200414,95951,5598,1,Histórico Evolvy,pending,snoozed,2024-06-20 10:09:07
200415,95952,5598,1,Histórico Evolvy,pending,snoozed,2024-06-20 10:10:06
200416,95954,5598,1,Histórico Evolvy,pending,snoozed,2024-06-20 10:15:06
200418,95959,5598,1,Histórico Evolvy,pending,snoozed,2024-06-20 10:25:05
200420,95961,5598,1,Histórico Evolvy,pending,snoozed,2024-06-20 10:26:05
200421,95962,5598,1,Histórico Evolvy,pending,snoozed,2024-06-20 10:30:06
200422,95963,5598,1,Histórico Evolvy,pending,snoozed,2024-06-20 10:33:06
200423,95964,5598,1,Histórico Evolvy,pending,snoozed,2024-06-20 10:33:10
200424,95965,5598,1,Histórico Evolvy,pending,snoozed,2024-06-20 10:33:13
200425,95966,5598,1,Histórico Evolvy,pending,snoozed,2024-06-20 10:38:05
200426,95968,5598,1,Histórico Evolvy,pending,snoozed,2024-06-20 10:44:05
200427,95969,5598,1,Histórico Evolvy,pending,snoozed,2024-06-20 10:45:06
200428,95970,5598,1,Histórico Evolvy,pending,snoozed,2024-06-20 10:45:11
200429,95971,5598,1,Histórico Evolvy,pending,snoozed,2024-06-20 10:48:05
200430,95972,5598,1,Histórico Evolvy,pending,snoozed,2024-06-20 10:48:09
200431,95973,5598,1,Histórico Evolvy,pending,snoozed,2024-06-20 10:48:12
200432,95975,5598,1,Histórico Evolvy,pending,snoozed,2024-06-20 10:54:05
200433,95976,5598,1,Histórico Evolvy,pending,snoozed,2024-06-20 10:56:06
200434,95977,5598,1,Histórico Evolvy,pending,snoozed,2024-06-20 10:57:06
200435,95980,5598,1,Histórico Evolvy,pending,snoozed,2024-06-20 11:08:06
200436,95981,5598,1,Histórico Evolvy,pending,snoozed,2024-06-20 11:09:07
200437,95982,5598,1,Histórico Evolvy,pending,snoozed,2024-06-20 11:14:05
200438,95983,5598,1,Histórico Evolvy,pending,snoozed,2024-06-20 11:16:06
200439,95985,5598,1,Histórico Evolvy,pending,snoozed,2024-06-20 11:19:05
200440,95986,5598,1,Histórico Evolvy,pending,snoozed,2024-06-20 11:20:05
200441,95987,5598,1,Histórico Evolvy,pending,snoozed,2024-06-20 11:21:05
200442,95990,5598,1,Histórico Evolvy,pending,snoozed,2024-06-20 11:32:05
200443,95991,5598,1,Histórico Evolvy,pending,snoozed,2024-06-20 11:34:06
200447,95996,5598,1,Histórico Evolvy,pending,snoozed,2024-06-20 11:40:17
200448,95997,5598,1,Histórico Evolvy,pending,snoozed,2024-06-20 11:41:05
200451,96002,5598,1,Histórico Evolvy,pending,snoozed,2024-06-20 11:48:06
200453,96006,5598,1,Histórico Evolvy,pending,snoozed,2024-06-20 11:59:06
200454,96008,5598,1,Histórico Evolvy,pending,snoozed,2024-06-20 12:02:06
200455,96011,5598,1,Histórico Evolvy,pending,snoozed,2024-06-20 12:16:05
200457,96014,5598,1,Histórico Evolvy,pending,snoozed,2024-06-20 12:20:09
200458,96015,5598,1,Histórico Evolvy,pending,snoozed,2024-06-20 12:23:07
200459,96016,5598,1,Histórico Evolvy,pending,snoozed,2024-06-20 12:24:06
200461,96018,5598,1,Histórico Evolvy,pending,snoozed,2024-06-20 12:35:06
200462,96021,5598,1,Histórico Evolvy,pending,snoozed,2024-06-20 12:46:06
200463,96023,5598,1,Histórico Evolvy,pending,snoozed,2024-06-20 12:50:05
200464,96025,5598,1,Histórico Evolvy,pending,snoozed,2024-06-20 12:54:05
200467,96028,5598,1,Histórico Evolvy,pending,snoozed,2024-06-20 12:57:15
200468,96031,5598,1,Histórico Evolvy,pending,snoozed,2024-06-20 12:59:05
200469,96033,5598,1,Histórico Evolvy,pending,snoozed,2024-06-20 13:01:10
200470,96034,5598,1,Histórico Evolvy,pending,snoozed,2024-06-20 13:05:07
200473,96037,5598,1,Histórico Evolvy,pending,snoozed,2024-06-20 13:09:07
200475,96043,5598,1,Histórico Evolvy,pending,snoozed,2024-06-20 13:29:07
200980,96046,5598,1,Histórico Evolvy,pending,snoozed,2024-06-20 13:49:04
200981,96049,5598,1,Histórico Evolvy,pending,snoozed,2024-06-20 14:15:06
200982,96050,5598,1,Histórico Evolvy,pending,snoozed,2024-06-20 14:17:06
200983,96051,5598,1,Histórico Evolvy,pending,snoozed,2024-06-20 14:19:06
200986,96058,5598,1,Histórico Evolvy,pending,snoozed,2024-06-20 14:46:05
200987,96062,5598,1,Histórico Evolvy,pending,snoozed,2024-06-20 14:56:07
200988,96072,5598,1,Histórico Evolvy,pending,snoozed,2024-06-20 15:06:06
200992,96080,5598,1,Histórico Evolvy,pending,snoozed,2024-06-20 15:20:09
200993,96082,5598,1,Histórico Evolvy,pending,snoozed,2024-06-20 15:23:06
200994,96085,5598,1,Histórico Evolvy,pending,snoozed,2024-06-20 15:37:05
200995,96086,5598,1,Histórico Evolvy,pending,snoozed,2024-06-20 15:40:08
200996,96088,5598,1,Histórico Evolvy,pending,snoozed,2024-06-20 15:43:07
200998,96092,5598,1,Histórico Evolvy,pending,snoozed,2024-06-20 16:00:09
201001,96095,5598,1,Histórico Evolvy,pending,snoozed,2024-06-20 16:03:08
201002,96098,5598,1,Histórico Evolvy,pending,snoozed,2024-06-20 16:06:06
201003,96100,5598,1,Histórico Evolvy,pending,snoozed,2024-06-20 16:10:07
201004,96103,5598,1,Histórico Evolvy,pending,snoozed,2024-06-20 16:21:06
201007,96108,5598,1,Histórico Evolvy,pending,snoozed,2024-06-20 16:25:05
201010,96113,5598,1,Histórico Evolvy,pending,snoozed,2024-06-20 16:33:05
201011,96114,5598,1,Histórico Evolvy,pending,snoozed,2024-06-20 16:34:06
201014,96117,5598,1,Histórico Evolvy,pending,snoozed,2024-06-20 16:38:06
201016,96122,5598,1,Histórico Evolvy,pending,snoozed,2024-06-20 16:50:06
201017,96125,5598,1,Histórico Evolvy,pending,snoozed,2024-06-20 17:02:06
201018,96126,5598,1,Histórico Evolvy,pending,snoozed,2024-06-20 17:03:05
201019,96127,5598,1,Histórico Evolvy,pending,snoozed,2024-06-20 17:20:06
201020,96128,5598,1,Histórico Evolvy,pending,snoozed,2024-06-20 17:20:10
201021,96130,5598,1,Histórico Evolvy,pending,snoozed,2024-06-20 17:22:07
201022,96131,5598,1,Histórico Evolvy,pending,snoozed,2024-06-20 17:26:05
201026,96138,5598,1,Histórico Evolvy,pending,snoozed,2024-06-20 17:59:06
201028,96143,5598,1,Histórico Evolvy,pending,snoozed,2024-06-20 18:13:06
201029,96145,5598,1,Histórico Evolvy,pending,snoozed,2024-06-20 18:37:06
201030,96146,5598,1,Histórico Evolvy,pending,snoozed,2024-06-20 18:38:07
201031,96148,5598,1,Histórico Evolvy,pending,snoozed,2024-06-20 18:48:07
201032,96150,5598,1,Histórico Evolvy,pending,snoozed,2024-06-20 18:58:06
201033,96151,5598,1,Histórico Evolvy,pending,snoozed,2024-06-20 19:10:07
201034,96152,5598,1,Histórico Evolvy,pending,snoozed,2024-06-20 19:14:07
201036,96155,5598,1,Histórico Evolvy,pending,snoozed,2024-06-20 19:20:07
201038,96157,5598,1,Histórico Evolvy,pending,snoozed,2024-06-20 19:34:07
201039,96159,5598,1,Histórico Evolvy,pending,snoozed,2024-06-20 19:49:06
201040,96160,5598,1,Histórico Evolvy,pending,snoozed,2024-06-20 19:49:10
201044,96166,5598,1,Histórico Evolvy,pending,snoozed,2024-06-20 19:58:07
201045,96167,5598,1,Histórico Evolvy,pending,snoozed,2024-06-20 20:01:07
201047,96170,5598,1,Histórico Evolvy,pending,snoozed,2024-06-20 20:08:06
201049,96174,5598,1,Histórico Evolvy,pending,snoozed,2024-06-20 20:12:07
201051,96179,5598,1,Histórico Evolvy,pending,snoozed,2024-06-20 20:19:07
201053,96181,5598,1,Histórico Evolvy,pending,snoozed,2024-06-20 20:21:06
201055,96186,5598,1,Histórico Evolvy,pending,snoozed,2024-06-20 20:30:06
201056,96187,5598,1,Histórico Evolvy,pending,snoozed,2024-06-20 20:33:09
201057,96188,5598,1,Histórico Evolvy,pending,snoozed,2024-06-20 20:38:06
201058,96189,5598,1,Histórico Evolvy,pending,snoozed,2024-06-20 20:42:07
201059,96191,5598,1,Histórico Evolvy,pending,snoozed,2024-06-20 20:54:07
201060,96193,5598,1,Histórico Evolvy,pending,snoozed,2024-06-20 20:58:06
201061,96195,5598,1,Histórico Evolvy,pending,snoozed,2024-06-20 21:14:06
201062,96196,5598,1,Histórico Evolvy,pending,snoozed,2024-06-20 21:18:06
201063,96197,5598,1,Histórico Evolvy,pending,snoozed,2024-06-20 21:19:08
201064,96198,5598,1,Histórico Evolvy,pending,snoozed,2024-06-20 21:24:06
201065,96204,5598,1,Histórico Evolvy,pending,snoozed,2024-06-20 21:53:05
201067,96207,5598,1,Histórico Evolvy,pending,snoozed,2024-06-20 22:06:08
201069,96209,5598,1,Histórico Evolvy,pending,snoozed,2024-06-20 22:10:06
201070,96211,5598,1,Histórico Evolvy,pending,snoozed,2024-06-20 22:17:08
201071,96212,5598,1,Histórico Evolvy,pending,snoozed,2024-06-20 22:22:06
201073,96215,5598,1,Histórico Evolvy,pending,snoozed,2024-06-20 22:27:05
201076,96219,5598,1,Histórico Evolvy,pending,snoozed,2024-06-20 22:40:07
201077,96220,5598,1,Histórico Evolvy,pending,snoozed,2024-06-20 22:41:06
201078,96222,5598,1,Histórico Evolvy,pending,snoozed,2024-06-20 22:54:08
201080,96224,5598,1,Histórico Evolvy,pending,snoozed,2024-06-20 22:59:06
201081,96226,5598,1,Histórico Evolvy,pending,snoozed,2024-06-20 23:05:06
201083,96228,5598,1,Histórico Evolvy,pending,snoozed,2024-06-20 23:22:07
201084,96229,5598,1,Histórico Evolvy,pending,snoozed,2024-06-20 23:23:07
201085,96230,5598,1,Histórico Evolvy,pending,snoozed,2024-06-20 23:26:11
201087,96233,5598,1,Histórico Evolvy,pending,snoozed,2024-06-20 23:30:07
201089,96237,5598,1,Histórico Evolvy,pending,snoozed,2024-06-20 23:38:06
201091,96241,5598,1,Histórico Evolvy,pending,snoozed,2024-06-21 00:00:12
201092,96244,5598,1,Histórico Evolvy,pending,snoozed,2024-06-21 00:03:12
201093,96245,5598,1,Histórico Evolvy,pending,snoozed,2024-06-21 00:04:07
201094,96246,5598,1,Histórico Evolvy,pending,snoozed,2024-06-21 00:07:07
201096,96248,5598,1,Histórico Evolvy,pending,snoozed,2024-06-21 00:13:04
201097,96250,5598,1,Histórico Evolvy,pending,snoozed,2024-06-21 00:16:06
201098,96253,5598,1,Histórico Evolvy,pending,snoozed,2024-06-21 00:25:05
201100,96256,5598,1,Histórico Evolvy,pending,snoozed,2024-06-21 00:35:07
201101,96257,5598,1,Histórico Evolvy,pending,snoozed,2024-06-21 00:44:07
201102,96260,5598,1,Histórico Evolvy,pending,snoozed,2024-06-21 00:50:09
201105,96264,5598,1,Histórico Evolvy,pending,snoozed,2024-06-21 01:05:06
201106,96267,5598,1,Histórico Evolvy,pending,snoozed,2024-06-21 01:07:05
201107,96268,5598,1,Histórico Evolvy,pending,snoozed,2024-06-21 01:10:05
201108,96269,5598,1,Histórico Evolvy,pending,snoozed,2024-06-21 01:10:09
201111,96272,5598,1,Histórico Evolvy,pending,snoozed,2024-06-21 01:13:06
201113,96274,5598,1,Histórico Evolvy,pending,snoozed,2024-06-21 01:15:07
201114,96275,5598,1,Histórico Evolvy,pending,snoozed,2024-06-21 01:26:05
201115,96276,5598,1,Histórico Evolvy,pending,snoozed,2024-06-21 01:30:05
201116,96277,5598,1,Histórico Evolvy,pending,snoozed,2024-06-21 01:32:10
201118,96279,5598,1,Histórico Evolvy,pending,snoozed,2024-06-21 01:34:07
201119,96281,5598,1,Histórico Evolvy,pending,snoozed,2024-06-21 01:50:06
201120,96282,5598,1,Histórico Evolvy,pending,snoozed,2024-06-21 01:55:06
201121,96283,5598,1,Histórico Evolvy,pending,snoozed,2024-06-21 01:56:05
201122,96284,5598,1,Histórico Evolvy,pending,snoozed,2024-06-21 01:58:08
201123,96285,5598,1,Histórico Evolvy,pending,snoozed,2024-06-21 02:01:06
201126,96288,5598,1,Histórico Evolvy,pending,snoozed,2024-06-21 02:09:06
201127,96289,5598,1,Histórico Evolvy,pending,snoozed,2024-06-21 02:10:05
201128,96290,5598,1,Histórico Evolvy,pending,snoozed,2024-06-21 02:11:07
201129,96293,5598,1,Histórico Evolvy,pending,snoozed,2024-06-21 02:35:09
201131,96295,5598,1,Histórico Evolvy,pending,snoozed,2024-06-21 03:05:06
201133,96302,5598,1,Histórico Evolvy,pending,snoozed,2024-06-21 04:07:06
201134,96303,5598,1,Histórico Evolvy,pending,snoozed,2024-06-21 04:24:05
201135,96306,5598,1,Histórico Evolvy,pending,snoozed,2024-06-21 05:28:07
201136,96308,5598,1,Histórico Evolvy,pending,snoozed,2024-06-21 05:41:05
201141,96313,5598,1,Histórico Evolvy,pending,snoozed,2024-06-21 06:58:07
201142,96314,5598,1,Histórico Evolvy,pending,snoozed,2024-06-21 07:09:06
201144,96318,5598,1,Histórico Evolvy,pending,snoozed,2024-06-21 07:54:06
201145,96320,5598,1,Histórico Evolvy,pending,snoozed,2024-06-21 08:05:07
201146,96321,5598,1,Histórico Evolvy,pending,snoozed,2024-06-21 08:06:06
201147,96322,5598,1,Histórico Evolvy,pending,snoozed,2024-06-21 08:26:05
201148,96324,5598,1,Histórico Evolvy,pending,snoozed,2024-06-21 08:41:06
201149,96326,5598,1,Histórico Evolvy,pending,snoozed,2024-06-21 08:50:06
201150,96327,5598,1,Histórico Evolvy,pending,snoozed,2024-06-21 09:04:05
201151,96328,5598,1,Histórico Evolvy,pending,snoozed,2024-06-21 09:07:06
201152,96329,5598,1,Histórico Evolvy,pending,snoozed,2024-06-21 09:24:07
201153,96330,5598,1,Histórico Evolvy,pending,snoozed,2024-06-21 09:24:12
201154,96332,5598,1,Histórico Evolvy,pending,snoozed,2024-06-21 09:31:06
201156,96337,5598,1,Histórico Evolvy,pending,snoozed,2024-06-21 09:44:05
201157,96340,5598,1,Histórico Evolvy,pending,snoozed,2024-06-21 10:00:08
201158,96341,5598,1,Histórico Evolvy,pending,snoozed,2024-06-21 10:10:06
201159,96342,5598,1,Histórico Evolvy,pending,snoozed,2024-06-21 10:14:05
201160,96343,5598,1,Histórico Evolvy,pending,snoozed,2024-06-21 10:15:06
201161,96344,5598,1,Histórico Evolvy,pending,snoozed,2024-06-21 10:19:06
201162,96345,5598,1,Histórico Evolvy,pending,snoozed,2024-06-21 10:19:10
201163,96346,5598,1,Histórico Evolvy,pending,snoozed,2024-06-21 10:24:06
201164,96347,5598,1,Histórico Evolvy,pending,snoozed,2024-06-21 10:31:06
201166,96350,5598,1,Histórico Evolvy,pending,snoozed,2024-06-21 10:35:07
201167,96351,5598,1,Histórico Evolvy,pending,snoozed,2024-06-21 10:40:12
201168,96355,5598,1,Histórico Evolvy,pending,snoozed,2024-06-21 10:48:07
201169,96357,5598,1,Histórico Evolvy,pending,snoozed,2024-06-21 10:50:07
201170,96358,5598,1,Histórico Evolvy,pending,snoozed,2024-06-21 10:54:05
201171,96362,5598,1,Histórico Evolvy,pending,snoozed,2024-06-21 11:06:07
201172,96363,5598,1,Histórico Evolvy,pending,snoozed,2024-06-21 11:07:05
201173,96365,5598,1,Histórico Evolvy,pending,snoozed,2024-06-21 11:07:10
201174,96367,5598,1,Histórico Evolvy,pending,snoozed,2024-06-21 11:11:05
201175,96368,5598,1,Histórico Evolvy,pending,snoozed,2024-06-21 11:12:06
201177,96372,5598,1,Histórico Evolvy,pending,snoozed,2024-06-21 11:21:10
201179,96375,5598,1,Histórico Evolvy,pending,snoozed,2024-06-21 11:23:06
201180,96376,5598,1,Histórico Evolvy,pending,snoozed,2024-06-21 11:26:08
201181,96377,5598,1,Histórico Evolvy,pending,snoozed,2024-06-21 11:28:06
201182,96378,5598,1,Histórico Evolvy,pending,snoozed,2024-06-21 11:37:06
201183,96379,5598,1,Histórico Evolvy,pending,snoozed,2024-06-21 11:38:08
201184,96383,5598,1,Histórico Evolvy,pending,snoozed,2024-06-21 11:42:06
201185,96384,5598,1,Histórico Evolvy,pending,snoozed,2024-06-21 11:43:05
201186,96386,5598,1,Histórico Evolvy,pending,snoozed,2024-06-21 11:55:06
201187,96388,5598,1,Histórico Evolvy,pending,snoozed,2024-06-21 12:02:06
201188,96389,5598,1,Histórico Evolvy,pending,snoozed,2024-06-21 12:02:10
201189,96390,5598,1,Histórico Evolvy,pending,snoozed,2024-06-21 12:02:14
201190,96391,5598,1,Histórico Evolvy,pending,snoozed,2024-06-21 12:03:05
201194,96397,5598,1,Histórico Evolvy,pending,snoozed,2024-06-21 12:27:06
201195,96398,5598,1,Histórico Evolvy,pending,snoozed,2024-06-21 12:28:05
201196,96399,5598,1,Histórico Evolvy,pending,snoozed,2024-06-21 12:32:05
201198,96402,5598,1,Histórico Evolvy,pending,snoozed,2024-06-21 12:38:07
201199,96404,5598,1,Histórico Evolvy,pending,snoozed,2024-06-21 12:50:07
201200,96405,5598,1,Histórico Evolvy,pending,snoozed,2024-06-21 12:53:07
201201,96406,5598,1,Histórico Evolvy,pending,snoozed,2024-06-21 12:54:06
201202,96407,5598,1,Histórico Evolvy,pending,snoozed,2024-06-21 12:56:07
201205,96413,5598,1,Histórico Evolvy,pending,snoozed,2024-06-21 13:08:06
201206,96414,5598,1,Histórico Evolvy,pending,snoozed,2024-06-21 13:09:06
201207,96415,5598,1,Histórico Evolvy,pending,snoozed,2024-06-21 13:10:06
201208,96416,5598,1,Histórico Evolvy,pending,snoozed,2024-06-21 13:13:06
201209,96417,5598,1,Histórico Evolvy,pending,snoozed,2024-06-21 13:13:10
201212,96423,5598,1,Histórico Evolvy,pending,snoozed,2024-06-21 13:25:08
201213,96424,5598,1,Histórico Evolvy,pending,snoozed,2024-06-21 13:31:07
201214,96425,5598,1,Histórico Evolvy,pending,snoozed,2024-06-21 13:47:07
201216,96427,5598,1,Histórico Evolvy,pending,snoozed,2024-06-21 13:52:05
201217,96428,5598,1,Histórico Evolvy,pending,snoozed,2024-06-21 13:52:09
201218,96430,5598,1,Histórico Evolvy,pending,snoozed,2024-06-21 13:53:09
201220,96432,5598,1,Histórico Evolvy,pending,snoozed,2024-06-21 13:57:06
201221,96433,5598,1,Histórico Evolvy,pending,snoozed,2024-06-21 13:59:06
201222,96434,5598,1,Histórico Evolvy,pending,snoozed,2024-06-21 13:59:09
201226,96438,5598,1,Histórico Evolvy,pending,snoozed,2024-06-21 14:07:05
201227,96440,5598,1,Histórico Evolvy,pending,snoozed,2024-06-21 14:14:05
201232,96446,5598,1,Histórico Evolvy,pending,snoozed,2024-06-21 14:23:06
201233,96447,5598,1,Histórico Evolvy,pending,snoozed,2024-06-21 14:23:10
201234,96449,5598,1,Histórico Evolvy,pending,snoozed,2024-06-21 14:33:06
201236,96452,5598,1,Histórico Evolvy,pending,snoozed,2024-06-21 14:45:08
201237,96453,5598,1,Histórico Evolvy,pending,snoozed,2024-06-21 14:46:06
201239,96457,5598,1,Histórico Evolvy,pending,snoozed,2024-06-21 15:01:05
201240,96459,5598,1,Histórico Evolvy,pending,snoozed,2024-06-21 15:14:03
201241,96463,5598,1,Histórico Evolvy,pending,snoozed,2024-06-21 15:37:07
201243,96465,5598,1,Histórico Evolvy,pending,snoozed,2024-06-21 15:42:07
201244,96466,5598,1,Histórico Evolvy,pending,snoozed,2024-06-21 15:43:08
201245,96467,5598,1,Histórico Evolvy,pending,snoozed,2024-06-21 15:43:14
201247,96472,5598,1,Histórico Evolvy,pending,snoozed,2024-06-21 16:14:07
201248,96473,5598,1,Histórico Evolvy,pending,snoozed,2024-06-21 16:14:11
201253,96479,5598,1,Histórico Evolvy,pending,snoozed,2024-06-21 16:49:06
201256,96493,5598,1,Histórico Evolvy,pending,snoozed,2024-06-21 17:11:15
201257,96496,5598,1,Histórico Evolvy,pending,snoozed,2024-06-21 17:19:05
201258,96497,5598,1,Histórico Evolvy,pending,snoozed,2024-06-21 17:26:07
201259,96498,5598,1,Histórico Evolvy,pending,snoozed,2024-06-21 17:30:06
201261,96500,5598,1,Histórico Evolvy,pending,snoozed,2024-06-21 17:32:51
201263,96503,5598,1,Histórico Evolvy,pending,snoozed,2024-06-21 17:48:09
201264,96504,5598,1,Histórico Evolvy,pending,snoozed,2024-06-21 17:53:05
201265,96505,5598,1,Histórico Evolvy,pending,snoozed,2024-06-21 17:54:06
201266,96506,5598,1,Histórico Evolvy,pending,snoozed,2024-06-21 17:57:06
201268,96509,5598,1,Histórico Evolvy,pending,snoozed,2024-06-21 18:08:06
201270,96513,5598,1,Histórico Evolvy,pending,snoozed,2024-06-21 18:24:10
201273,96520,5598,1,Histórico Evolvy,pending,snoozed,2024-06-21 18:40:08
201275,96524,5598,1,Histórico Evolvy,pending,snoozed,2024-06-21 18:50:07
201278,96532,5598,1,Histórico Evolvy,pending,snoozed,2024-06-21 19:05:05
201281,96543,5598,1,Histórico Evolvy,pending,snoozed,2024-06-21 19:42:07
201282,96544,5598,1,Histórico Evolvy,pending,snoozed,2024-06-21 19:48:06
201283,96545,5598,1,Histórico Evolvy,pending,snoozed,2024-06-21 20:02:07
201286,96550,5598,1,Histórico Evolvy,pending,snoozed,2024-06-21 20:30:06
201287,96551,5598,1,Histórico Evolvy,pending,snoozed,2024-06-21 20:36:06
201288,96553,5598,1,Histórico Evolvy,pending,snoozed,2024-06-21 20:48:07
201289,96555,5598,1,Histórico Evolvy,pending,snoozed,2024-06-21 20:50:09
201291,96557,5598,1,Histórico Evolvy,pending,snoozed,2024-06-21 21:10:10
201292,96560,5598,1,Histórico Evolvy,pending,snoozed,2024-06-21 21:19:07
201293,96563,5598,1,Histórico Evolvy,pending,snoozed,2024-06-21 21:34:06
201300,96576,5598,1,Histórico Evolvy,pending,snoozed,2024-06-21 21:57:06
201302,96578,5598,1,Histórico Evolvy,pending,snoozed,2024-06-21 22:21:06
201303,96579,5598,1,Histórico Evolvy,pending,snoozed,2024-06-21 22:24:08
201304,96580,5598,1,Histórico Evolvy,pending,snoozed,2024-06-21 22:24:11
201305,96582,5598,1,Histórico Evolvy,pending,snoozed,2024-06-21 22:26:06
201306,96584,5598,1,Histórico Evolvy,pending,snoozed,2024-06-21 22:27:37
201308,96587,5598,1,Histórico Evolvy,pending,snoozed,2024-06-21 22:39:07
201311,96593,5598,1,Histórico Evolvy,pending,snoozed,2024-06-21 22:59:05
201312,96596,5598,1,Histórico Evolvy,pending,snoozed,2024-06-21 23:13:08
201314,96599,5598,1,Histórico Evolvy,pending,snoozed,2024-06-21 23:20:12
201316,96603,5598,1,Histórico Evolvy,pending,snoozed,2024-06-21 23:31:09
201319,96608,5598,1,Histórico Evolvy,pending,snoozed,2024-06-22 00:06:06
201320,96609,5598,1,Histórico Evolvy,pending,snoozed,2024-06-22 00:11:09
201321,96610,5598,1,Histórico Evolvy,pending,snoozed,2024-06-22 00:13:07
201322,96611,5598,1,Histórico Evolvy,pending,snoozed,2024-06-22 00:14:06
201324,96613,5598,1,Histórico Evolvy,pending,snoozed,2024-06-22 00:27:06
201325,96616,5598,1,Histórico Evolvy,pending,snoozed,2024-06-22 00:41:07
201327,96619,5598,1,Histórico Evolvy,pending,snoozed,2024-06-22 00:55:07
201329,96621,5598,1,Histórico Evolvy,pending,snoozed,2024-06-22 01:03:07
201331,96625,5598,1,Histórico Evolvy,pending,snoozed,2024-06-22 01:19:07
201332,96626,5598,1,Histórico Evolvy,pending,snoozed,2024-06-22 01:23:07
201333,96627,5598,1,Histórico Evolvy,pending,snoozed,2024-06-22 01:24:07
201334,96629,5598,1,Histórico Evolvy,pending,snoozed,2024-06-22 01:25:07
201335,96630,5598,1,Histórico Evolvy,pending,snoozed,2024-06-22 01:36:08
201336,96631,5598,1,Histórico Evolvy,pending,snoozed,2024-06-22 01:40:11
201337,96632,5598,1,Histórico Evolvy,pending,snoozed,2024-06-22 01:50:07
201343,96642,5598,1,Histórico Evolvy,pending,snoozed,2024-06-22 02:45:06
201345,96647,5598,1,Histórico Evolvy,pending,snoozed,2024-06-22 03:26:07
201346,96649,5598,1,Histórico Evolvy,pending,snoozed,2024-06-22 03:34:06
201347,96652,5598,1,Histórico Evolvy,pending,snoozed,2024-06-22 03:37:06
201348,96653,5598,1,Histórico Evolvy,pending,snoozed,2024-06-22 03:45:07
201351,96656,5598,1,Histórico Evolvy,pending,snoozed,2024-06-22 04:43:06
201352,96661,5598,1,Histórico Evolvy,pending,snoozed,2024-06-22 05:52:06
201354,96664,5598,1,Histórico Evolvy,pending,snoozed,2024-06-22 07:10:06
201355,96666,5598,1,Histórico Evolvy,pending,snoozed,2024-06-22 07:25:06
201356,96667,5598,1,Histórico Evolvy,pending,snoozed,2024-06-22 07:29:07
201358,96669,5598,1,Histórico Evolvy,pending,snoozed,2024-06-22 07:49:07
201359,96671,5598,1,Histórico Evolvy,pending,snoozed,2024-06-22 08:18:04
201360,96674,5598,1,Histórico Evolvy,pending,snoozed,2024-06-22 08:52:06
201361,96675,5598,1,Histórico Evolvy,pending,snoozed,2024-06-22 09:02:06
201362,96676,5598,1,Histórico Evolvy,pending,snoozed,2024-06-22 09:09:05
201363,96678,5598,1,Histórico Evolvy,pending,snoozed,2024-06-22 09:25:06
201364,96680,5598,1,Histórico Evolvy,pending,snoozed,2024-06-22 09:28:05
201366,96687,5598,1,Histórico Evolvy,pending,snoozed,2024-06-22 10:10:06
201368,96689,5598,1,Histórico Evolvy,pending,snoozed,2024-06-22 10:19:07
201369,96690,5598,1,Histórico Evolvy,pending,snoozed,2024-06-22 10:27:05
201370,96691,5598,1,Histórico Evolvy,pending,snoozed,2024-06-22 10:32:08
201372,96696,5598,1,Histórico Evolvy,pending,snoozed,2024-06-22 10:46:08
201373,96697,5598,1,Histórico Evolvy,pending,snoozed,2024-06-22 10:47:08
201375,96701,5598,1,Histórico Evolvy,pending,snoozed,2024-06-22 10:53:07
201376,96703,5598,1,Histórico Evolvy,pending,snoozed,2024-06-22 10:56:06
201377,96706,5598,1,Histórico Evolvy,pending,snoozed,2024-06-22 11:05:07
201379,96708,5598,1,Histórico Evolvy,pending,snoozed,2024-06-22 11:06:05
201381,96710,5598,1,Histórico Evolvy,pending,snoozed,2024-06-22 11:10:06
201382,96712,5598,1,Histórico Evolvy,pending,snoozed,2024-06-22 11:14:07
201383,96713,5598,1,Histórico Evolvy,pending,snoozed,2024-06-22 11:18:06
201387,96718,5598,1,Histórico Evolvy,pending,snoozed,2024-06-22 11:41:09
201388,96719,5598,1,Histórico Evolvy,pending,snoozed,2024-06-22 11:43:07
201389,96720,5598,1,Histórico Evolvy,pending,snoozed,2024-06-22 11:48:07
201390,96721,5598,1,Histórico Evolvy,pending,snoozed,2024-06-22 11:48:12
201391,96722,5598,1,Histórico Evolvy,pending,snoozed,2024-06-22 11:51:05
201395,96729,5598,1,Histórico Evolvy,pending,snoozed,2024-06-22 12:03:13
201397,96732,5598,1,Histórico Evolvy,pending,snoozed,2024-06-22 12:12:08
201398,96733,5598,1,Histórico Evolvy,pending,snoozed,2024-06-22 12:14:06
201403,96739,5598,1,Histórico Evolvy,pending,snoozed,2024-06-22 12:36:06
201404,96740,5598,1,Histórico Evolvy,pending,snoozed,2024-06-22 12:39:06
201405,96741,5598,1,Histórico Evolvy,pending,snoozed,2024-06-22 12:39:11
201407,96746,5598,1,Histórico Evolvy,pending,snoozed,2024-06-22 12:52:07
201408,96748,5598,1,Histórico Evolvy,pending,snoozed,2024-06-22 12:54:06
201409,96749,5598,1,Histórico Evolvy,pending,snoozed,2024-06-22 12:55:07
201410,96751,5598,1,Histórico Evolvy,pending,snoozed,2024-06-22 13:03:06
201412,96754,5598,1,Histórico Evolvy,pending,snoozed,2024-06-22 13:15:06
201413,96755,5598,1,Histórico Evolvy,pending,snoozed,2024-06-22 13:16:06
201415,96759,5598,1,Histórico Evolvy,pending,snoozed,2024-06-22 13:22:06
201417,96761,5598,1,Histórico Evolvy,pending,snoozed,2024-06-22 13:24:05
201419,96764,5598,1,Histórico Evolvy,pending,snoozed,2024-06-22 13:29:05
201421,96767,5598,1,Histórico Evolvy,pending,snoozed,2024-06-22 13:31:06
201425,96776,5598,1,Histórico Evolvy,pending,snoozed,2024-06-22 13:42:05
201426,96777,5598,1,Histórico Evolvy,pending,snoozed,2024-06-22 13:45:06
201427,96778,5598,1,Histórico Evolvy,pending,snoozed,2024-06-22 13:47:06
201431,96784,5598,1,Histórico Evolvy,pending,snoozed,2024-06-22 13:55:07
201432,96785,5598,1,Histórico Evolvy,pending,snoozed,2024-06-22 14:01:06
201434,96787,5598,1,Histórico Evolvy,pending,snoozed,2024-06-22 14:09:08
201437,96791,5598,1,Histórico Evolvy,pending,snoozed,2024-06-22 14:32:06
201439,96795,5598,1,Histórico Evolvy,pending,snoozed,2024-06-22 14:41:05
201442,96809,5598,1,Histórico Evolvy,pending,snoozed,2024-06-22 14:52:08
201443,96810,5598,1,Histórico Evolvy,pending,snoozed,2024-06-22 14:52:11
201444,96811,5598,1,Histórico Evolvy,pending,snoozed,2024-06-22 14:53:05
201445,96813,5598,1,Histórico Evolvy,pending,snoozed,2024-06-22 15:01:09
201446,96814,5598,1,Histórico Evolvy,pending,snoozed,2024-06-22 15:09:07
201450,96819,5598,1,Histórico Evolvy,pending,snoozed,2024-06-22 15:17:06
201451,96822,5598,1,Histórico Evolvy,pending,snoozed,2024-06-22 15:45:12
201452,96823,5598,1,Histórico Evolvy,pending,snoozed,2024-06-22 15:49:06
201453,96824,5598,1,Histórico Evolvy,pending,snoozed,2024-06-22 15:51:06
201454,96826,5598,1,Histórico Evolvy,pending,snoozed,2024-06-22 15:55:06
201456,96828,5598,1,Histórico Evolvy,pending,snoozed,2024-06-22 16:00:11
201458,96832,5598,1,Histórico Evolvy,pending,snoozed,2024-06-22 16:14:08
201460,96834,5598,1,Histórico Evolvy,pending,snoozed,2024-06-22 16:21:06
201462,96837,5598,1,Histórico Evolvy,pending,snoozed,2024-06-22 16:34:07
201466,96848,5598,1,Histórico Evolvy,pending,snoozed,2024-06-22 17:48:06
201468,96850,5598,1,Histórico Evolvy,pending,snoozed,2024-06-22 17:54:06
201469,96853,5598,1,Histórico Evolvy,pending,snoozed,2024-06-22 18:03:06
201470,96854,5598,1,Histórico Evolvy,pending,snoozed,2024-06-22 18:12:07
201471,96857,5598,1,Histórico Evolvy,pending,snoozed,2024-06-22 18:32:06
201472,96858,5598,1,Histórico Evolvy,pending,snoozed,2024-06-22 18:35:07
201473,96859,5598,1,Histórico Evolvy,pending,snoozed,2024-06-22 18:38:07
201475,96861,5598,1,Histórico Evolvy,pending,snoozed,2024-06-22 18:41:08
201476,96863,5598,1,Histórico Evolvy,pending,snoozed,2024-06-22 18:52:08
201477,96864,5598,1,Histórico Evolvy,pending,snoozed,2024-06-22 19:01:08
201980,96867,5598,1,Histórico Evolvy,pending,snoozed,2024-06-22 19:16:06
201981,96870,5598,1,Histórico Evolvy,pending,snoozed,2024-06-22 19:27:07
201982,96873,5598,1,Histórico Evolvy,pending,snoozed,2024-06-22 19:46:05
201983,96874,5598,1,Histórico Evolvy,pending,snoozed,2024-06-22 19:52:06
201984,96875,5598,1,Histórico Evolvy,pending,snoozed,2024-06-22 20:14:07
201985,96876,5598,1,Histórico Evolvy,pending,snoozed,2024-06-22 20:28:06
201986,96878,5598,1,Histórico Evolvy,pending,snoozed,2024-06-22 20:40:10
201987,96879,5598,1,Histórico Evolvy,pending,snoozed,2024-06-22 20:43:07
201989,96881,5598,1,Histórico Evolvy,pending,snoozed,2024-06-22 20:55:08
201991,96884,5598,1,Histórico Evolvy,pending,snoozed,2024-06-22 20:59:06
201993,96888,5598,1,Histórico Evolvy,pending,snoozed,2024-06-22 21:16:06
201997,96895,5598,1,Histórico Evolvy,pending,snoozed,2024-06-22 21:48:07
202000,96899,5598,1,Histórico Evolvy,pending,snoozed,2024-06-22 22:10:07
202001,96901,5598,1,Histórico Evolvy,pending,snoozed,2024-06-22 22:14:10
202002,96902,5598,1,Histórico Evolvy,pending,snoozed,2024-06-22 22:21:08
202003,96905,5598,1,Histórico Evolvy,pending,snoozed,2024-06-22 22:33:07
202004,96906,5598,1,Histórico Evolvy,pending,snoozed,2024-06-22 22:33:11
202006,96909,5598,1,Histórico Evolvy,pending,snoozed,2024-06-22 22:39:07
202007,96910,5598,1,Histórico Evolvy,pending,snoozed,2024-06-22 22:54:09
202010,96913,5598,1,Histórico Evolvy,pending,snoozed,2024-06-22 23:05:08
202011,96916,5598,1,Histórico Evolvy,pending,snoozed,2024-06-22 23:09:04
202013,96919,5598,1,Histórico Evolvy,pending,snoozed,2024-06-22 23:22:07
202014,96920,5598,1,Histórico Evolvy,pending,snoozed,2024-06-22 23:32:05
202015,96921,5598,1,Histórico Evolvy,pending,snoozed,2024-06-22 23:51:08
202016,96923,5598,1,Histórico Evolvy,pending,snoozed,2024-06-22 23:55:07
202017,96925,5598,1,Histórico Evolvy,pending,snoozed,2024-06-23 00:10:07
202019,96927,5598,1,Histórico Evolvy,pending,snoozed,2024-06-23 00:16:06
202020,96928,5598,1,Histórico Evolvy,pending,snoozed,2024-06-23 00:16:12
202021,96929,5598,1,Histórico Evolvy,pending,snoozed,2024-06-23 00:17:06
202022,96932,5598,1,Histórico Evolvy,pending,snoozed,2024-06-23 00:22:08
202023,96935,5598,1,Histórico Evolvy,pending,snoozed,2024-06-23 00:32:06
202024,96939,5598,1,Histórico Evolvy,pending,snoozed,2024-06-23 00:37:05
202025,96940,5598,1,Histórico Evolvy,pending,snoozed,2024-06-23 00:41:07
202026,96943,5598,1,Histórico Evolvy,pending,snoozed,2024-06-23 00:59:05
202028,96945,5598,1,Histórico Evolvy,pending,snoozed,2024-06-23 01:02:52
202029,96947,5598,1,Histórico Evolvy,pending,snoozed,2024-06-23 01:07:07
202030,96949,5598,1,Histórico Evolvy,pending,snoozed,2024-06-23 01:19:07
202031,96950,5598,1,Histórico Evolvy,pending,snoozed,2024-06-23 01:31:07
202032,96951,5598,1,Histórico Evolvy,pending,snoozed,2024-06-23 01:32:08
202033,96952,5598,1,Histórico Evolvy,pending,snoozed,2024-06-23 01:34:04
202034,96954,5598,1,Histórico Evolvy,pending,snoozed,2024-06-23 01:38:05
202035,96955,5598,1,Histórico Evolvy,pending,snoozed,2024-06-23 01:41:06
202036,96956,5598,1,Histórico Evolvy,pending,snoozed,2024-06-23 01:50:06
202037,96958,5598,1,Histórico Evolvy,pending,snoozed,2024-06-23 01:56:07
202040,96961,5598,1,Histórico Evolvy,pending,snoozed,2024-06-23 02:23:06
202043,96966,5598,1,Histórico Evolvy,pending,snoozed,2024-06-23 02:55:06
202045,96968,5598,1,Histórico Evolvy,pending,snoozed,2024-06-23 03:18:06
202047,96970,5598,1,Histórico Evolvy,pending,snoozed,2024-06-23 03:29:06
202048,96972,5598,1,Histórico Evolvy,pending,snoozed,2024-06-23 03:41:08
202050,96974,5598,1,Histórico Evolvy,pending,snoozed,2024-06-23 04:10:07
202052,96978,5598,1,Histórico Evolvy,pending,snoozed,2024-06-23 07:23:07
202053,96979,5598,1,Histórico Evolvy,pending,snoozed,2024-06-23 07:44:08
202054,96980,5598,1,Histórico Evolvy,pending,snoozed,2024-06-23 08:00:11
202055,96981,5598,1,Histórico Evolvy,pending,snoozed,2024-06-23 08:12:40
202056,96983,5598,1,Histórico Evolvy,pending,snoozed,2024-06-23 08:43:10
202057,96984,5598,1,Histórico Evolvy,pending,snoozed,2024-06-23 09:02:46
202058,96986,5598,1,Histórico Evolvy,pending,snoozed,2024-06-23 09:34:12
202061,96993,5598,1,Histórico Evolvy,pending,snoozed,2024-06-23 10:10:15
202062,96994,5598,1,Histórico Evolvy,pending,snoozed,2024-06-23 10:11:07
202065,96998,5598,1,Histórico Evolvy,pending,snoozed,2024-06-23 10:40:12
202069,97002,5598,1,Histórico Evolvy,pending,snoozed,2024-06-23 11:00:13
202071,97005,5598,1,Histórico Evolvy,pending,snoozed,2024-06-23 11:11:06
202075,97015,5598,1,Histórico Evolvy,pending,snoozed,2024-06-23 11:29:08
202079,97020,5598,1,Histórico Evolvy,pending,snoozed,2024-06-23 11:42:07
202080,97021,5598,1,Histórico Evolvy,pending,snoozed,2024-06-23 11:42:11
202082,97023,5598,1,Histórico Evolvy,pending,snoozed,2024-06-23 11:44:14
202083,97024,5598,1,Histórico Evolvy,pending,snoozed,2024-06-23 11:45:08
202084,97028,5598,1,Histórico Evolvy,pending,snoozed,2024-06-23 11:47:07
202086,97030,5598,1,Histórico Evolvy,pending,snoozed,2024-06-23 11:52:06
202087,97031,5598,1,Histórico Evolvy,pending,snoozed,2024-06-23 11:54:06
202089,97033,5598,1,Histórico Evolvy,pending,snoozed,2024-06-23 11:58:05
202093,97045,5598,1,Histórico Evolvy,pending,snoozed,2024-06-23 12:21:06
202094,97048,5598,1,Histórico Evolvy,pending,snoozed,2024-06-23 12:32:09
202095,97050,5598,1,Histórico Evolvy,pending,snoozed,2024-06-23 12:42:05
202096,97051,5598,1,Histórico Evolvy,pending,snoozed,2024-06-23 12:42:09
202097,97052,5598,1,Histórico Evolvy,pending,snoozed,2024-06-23 12:43:07
202099,97055,5598,1,Histórico Evolvy,pending,snoozed,2024-06-23 12:56:07
202100,97056,5598,1,Histórico Evolvy,pending,snoozed,2024-06-23 12:57:06
202103,97060,5598,1,Histórico Evolvy,pending,snoozed,2024-06-23 13:07:07
202104,97061,5598,1,Histórico Evolvy,pending,snoozed,2024-06-23 13:19:08
202106,97063,5598,1,Histórico Evolvy,pending,snoozed,2024-06-23 13:25:13
202111,97069,5598,1,Histórico Evolvy,pending,snoozed,2024-06-23 14:11:06
202112,97072,5598,1,Histórico Evolvy,pending,snoozed,2024-06-23 14:15:06
202116,97078,5598,1,Histórico Evolvy,pending,snoozed,2024-06-23 14:57:05
202117,97079,5598,1,Histórico Evolvy,pending,snoozed,2024-06-23 15:00:11
202118,97081,5598,1,Histórico Evolvy,pending,snoozed,2024-06-23 15:03:07
202119,97082,5598,1,Histórico Evolvy,pending,snoozed,2024-06-23 15:10:07
202120,97083,5598,1,Histórico Evolvy,pending,snoozed,2024-06-23 15:10:13
202124,97087,5598,1,Histórico Evolvy,pending,snoozed,2024-06-23 15:26:09
202126,97090,5598,1,Histórico Evolvy,pending,snoozed,2024-06-23 15:53:07
202128,97093,5598,1,Histórico Evolvy,pending,snoozed,2024-06-23 16:19:07
202129,97097,5598,1,Histórico Evolvy,pending,snoozed,2024-06-23 16:32:06
202131,97099,5598,1,Histórico Evolvy,pending,snoozed,2024-06-23 16:52:07
202132,97102,5598,1,Histórico Evolvy,pending,snoozed,2024-06-23 17:04:06
202133,97103,5598,1,Histórico Evolvy,pending,snoozed,2024-06-23 17:05:06
202134,97105,5598,1,Histórico Evolvy,pending,snoozed,2024-06-23 17:20:16
202135,97107,5598,1,Histórico Evolvy,pending,snoozed,2024-06-23 17:29:06
202139,97112,5598,1,Histórico Evolvy,pending,snoozed,2024-06-23 18:09:10
202142,97116,5598,1,Histórico Evolvy,pending,snoozed,2024-06-23 18:54:06
202144,97118,5598,1,Histórico Evolvy,pending,snoozed,2024-06-23 19:04:05
202145,97120,5598,1,Histórico Evolvy,pending,snoozed,2024-06-23 19:09:07
202147,97126,5598,1,Histórico Evolvy,pending,snoozed,2024-06-23 19:57:06
202148,97127,5598,1,Histórico Evolvy,pending,snoozed,2024-06-23 20:23:06
202149,97128,5598,1,Histórico Evolvy,pending,snoozed,2024-06-23 20:25:05
202150,97129,5598,1,Histórico Evolvy,pending,snoozed,2024-06-23 20:35:08
202151,97130,5598,1,Histórico Evolvy,pending,snoozed,2024-06-23 20:39:06
202152,97131,5598,1,Histórico Evolvy,pending,snoozed,2024-06-23 20:48:08
202154,97133,5598,1,Histórico Evolvy,pending,snoozed,2024-06-23 21:00:17
202155,97134,5598,1,Histórico Evolvy,pending,snoozed,2024-06-23 21:04:06
202156,97135,5598,1,Histórico Evolvy,pending,snoozed,2024-06-23 21:11:06
202158,97137,5598,1,Histórico Evolvy,pending,snoozed,2024-06-23 21:13:07
202159,97138,5598,1,Histórico Evolvy,pending,snoozed,2024-06-23 21:18:06
202160,97140,5598,1,Histórico Evolvy,pending,snoozed,2024-06-23 21:28:06
202161,97141,5598,1,Histórico Evolvy,pending,snoozed,2024-06-23 21:49:07
202163,97145,5598,1,Histórico Evolvy,pending,snoozed,2024-06-23 22:19:09
202164,97146,5598,1,Histórico Evolvy,pending,snoozed,2024-06-23 22:20:12
202165,97149,5598,1,Histórico Evolvy,pending,snoozed,2024-06-23 22:33:08
202169,97154,5598,1,Histórico Evolvy,pending,snoozed,2024-06-23 23:10:10
202170,97155,5598,1,Histórico Evolvy,pending,snoozed,2024-06-23 23:24:06
202171,97156,5598,1,Histórico Evolvy,pending,snoozed,2024-06-23 23:27:06
202172,97157,5598,1,Histórico Evolvy,pending,snoozed,2024-06-23 23:30:06
202174,97161,5598,1,Histórico Evolvy,pending,snoozed,2024-06-23 23:53:07
202175,97162,5598,1,Histórico Evolvy,pending,snoozed,2024-06-24 00:00:17
202176,97163,5598,1,Histórico Evolvy,pending,snoozed,2024-06-24 00:03:09
202179,97169,5598,1,Histórico Evolvy,pending,snoozed,2024-06-24 00:22:08
202180,97170,5598,1,Histórico Evolvy,pending,snoozed,2024-06-24 00:26:07
202181,97172,5598,1,Histórico Evolvy,pending,snoozed,2024-06-24 00:27:05
202183,97174,5598,1,Histórico Evolvy,pending,snoozed,2024-06-24 00:30:09
202184,97178,5598,1,Histórico Evolvy,pending,snoozed,2024-06-24 00:35:07
202188,97184,5598,1,Histórico Evolvy,pending,snoozed,2024-06-24 01:01:05
202190,97187,5598,1,Histórico Evolvy,pending,snoozed,2024-06-24 01:15:07
202193,97193,5598,1,Histórico Evolvy,pending,snoozed,2024-06-24 01:31:06
202194,97194,5598,1,Histórico Evolvy,pending,snoozed,2024-06-24 01:35:05
202195,97195,5598,1,Histórico Evolvy,pending,snoozed,2024-06-24 01:35:10
202196,97196,5598,1,Histórico Evolvy,pending,snoozed,2024-06-24 01:36:09
202198,97200,5598,1,Histórico Evolvy,pending,snoozed,2024-06-24 02:11:10
202200,97206,5598,1,Histórico Evolvy,pending,snoozed,2024-06-24 03:05:12
202201,97208,5598,1,Histórico Evolvy,pending,snoozed,2024-06-24 03:11:07
202202,97210,5598,1,Histórico Evolvy,pending,snoozed,2024-06-24 03:54:05
202203,97211,5598,1,Histórico Evolvy,pending,snoozed,2024-06-24 04:14:06
202204,97212,5598,1,Histórico Evolvy,pending,snoozed,2024-06-24 06:10:07
202205,97213,5598,1,Histórico Evolvy,pending,snoozed,2024-06-24 07:14:07
202207,97219,5598,1,Histórico Evolvy,pending,snoozed,2024-06-24 08:52:05
202208,97220,5598,1,Histórico Evolvy,pending,snoozed,2024-06-24 09:08:09
202209,97221,5598,1,Histórico Evolvy,pending,snoozed,2024-06-24 09:15:07
202212,97231,5598,1,Histórico Evolvy,pending,snoozed,2024-06-24 09:50:06
202214,97233,5598,1,Histórico Evolvy,pending,snoozed,2024-06-24 09:58:06
202215,97234,5598,1,Histórico Evolvy,pending,snoozed,2024-06-24 10:08:07
202216,97238,5598,1,Histórico Evolvy,pending,snoozed,2024-06-24 10:36:06
202217,97239,5598,1,Histórico Evolvy,pending,snoozed,2024-06-24 10:38:07
202218,97240,5598,1,Histórico Evolvy,pending,snoozed,2024-06-24 10:40:09
202219,97243,5598,1,Histórico Evolvy,pending,snoozed,2024-06-24 10:50:07
202221,97246,5598,1,Histórico Evolvy,pending,snoozed,2024-06-24 10:55:05
202222,97247,5598,1,Histórico Evolvy,pending,snoozed,2024-06-24 10:56:05
202225,97253,5598,1,Histórico Evolvy,pending,snoozed,2024-06-24 11:40:08
202226,97254,5598,1,Histórico Evolvy,pending,snoozed,2024-06-24 11:44:06
202227,97255,5598,1,Histórico Evolvy,pending,snoozed,2024-06-24 11:46:06
202228,97258,5598,1,Histórico Evolvy,pending,snoozed,2024-06-24 11:56:07
202229,97259,5598,1,Histórico Evolvy,pending,snoozed,2024-06-24 12:04:06
202230,97260,5598,1,Histórico Evolvy,pending,snoozed,2024-06-24 12:11:07
202231,97261,5598,1,Histórico Evolvy,pending,snoozed,2024-06-24 12:13:12
202233,97263,5598,1,Histórico Evolvy,pending,snoozed,2024-06-24 12:19:07
202234,97265,5598,1,Histórico Evolvy,pending,snoozed,2024-06-24 12:33:12
202235,97268,5598,1,Histórico Evolvy,pending,snoozed,2024-06-24 12:38:09
202237,97270,5598,1,Histórico Evolvy,pending,snoozed,2024-06-24 12:43:06
202238,97273,5598,1,Histórico Evolvy,pending,snoozed,2024-06-24 12:59:07
202242,97277,5598,1,Histórico Evolvy,pending,snoozed,2024-06-24 13:12:07
202243,97279,5598,1,Histórico Evolvy,pending,snoozed,2024-06-24 13:17:05
202244,97282,5598,1,Histórico Evolvy,pending,snoozed,2024-06-24 13:24:08
202246,97286,5598,1,Histórico Evolvy,pending,snoozed,2024-06-24 13:52:08
202247,97289,5598,1,Histórico Evolvy,pending,snoozed,2024-06-24 14:00:10
202248,97290,5598,1,Histórico Evolvy,pending,snoozed,2024-06-24 14:01:05
202256,97316,5598,1,Histórico Evolvy,pending,snoozed,2024-06-24 15:55:10
202259,97322,5598,1,Histórico Evolvy,pending,snoozed,2024-06-24 16:13:08
202262,97329,5598,1,Histórico Evolvy,pending,snoozed,2024-06-24 16:30:07
202263,97330,5598,1,Histórico Evolvy,pending,snoozed,2024-06-24 16:37:08
202264,97332,5598,1,Histórico Evolvy,pending,snoozed,2024-06-24 16:54:07
202267,97339,5598,1,Histórico Evolvy,pending,snoozed,2024-06-24 17:05:07
202269,97343,5598,1,Histórico Evolvy,pending,snoozed,2024-06-24 17:19:07
202270,97345,5598,1,Histórico Evolvy,pending,snoozed,2024-06-24 17:26:06
202271,97348,5598,1,Histórico Evolvy,pending,snoozed,2024-06-24 17:36:05
202273,97350,5598,1,Histórico Evolvy,pending,snoozed,2024-06-24 17:44:06
202275,97357,5598,1,Histórico Evolvy,pending,snoozed,2024-06-24 17:56:06
202277,97362,5598,1,Histórico Evolvy,pending,snoozed,2024-06-24 18:05:06
202278,97365,5598,1,Histórico Evolvy,pending,snoozed,2024-06-24 18:21:06
202279,97367,5598,1,Histórico Evolvy,pending,snoozed,2024-06-24 18:31:07
202280,97368,5598,1,Histórico Evolvy,pending,snoozed,2024-06-24 18:31:12
202282,97374,5598,1,Histórico Evolvy,pending,snoozed,2024-06-24 19:02:15
202283,97376,5598,1,Histórico Evolvy,pending,snoozed,2024-06-24 19:12:11
202285,97386,5598,1,Histórico Evolvy,pending,snoozed,2024-06-24 19:40:06
202286,97388,5598,1,Histórico Evolvy,pending,snoozed,2024-06-24 19:49:05
202293,97407,5598,1,Histórico Evolvy,pending,snoozed,2024-06-24 20:31:09
202294,97408,5598,1,Histórico Evolvy,pending,snoozed,2024-06-24 20:40:07
202295,97409,5598,1,Histórico Evolvy,pending,snoozed,2024-06-24 20:41:08
202296,97410,5598,1,Histórico Evolvy,pending,snoozed,2024-06-24 20:43:06
202297,97412,5598,1,Histórico Evolvy,pending,snoozed,2024-06-24 20:47:06
202300,97416,5598,1,Histórico Evolvy,pending,snoozed,2024-06-24 21:06:05
202304,97422,5598,1,Histórico Evolvy,pending,snoozed,2024-06-24 21:21:07
202305,97423,5598,1,Histórico Evolvy,pending,snoozed,2024-06-24 21:21:10
202306,97424,5598,1,Histórico Evolvy,pending,snoozed,2024-06-24 21:28:07
202307,97425,5598,1,Histórico Evolvy,pending,snoozed,2024-06-24 21:28:11
202310,97428,5598,1,Histórico Evolvy,pending,snoozed,2024-06-24 21:29:15
202311,97431,5598,1,Histórico Evolvy,pending,snoozed,2024-06-24 21:45:05
202313,97433,5598,1,Histórico Evolvy,pending,snoozed,2024-06-24 21:53:05
202317,97439,5598,1,Histórico Evolvy,pending,snoozed,2024-06-24 22:31:06
202318,97440,5598,1,Histórico Evolvy,pending,snoozed,2024-06-24 22:33:04
202319,97441,5598,1,Histórico Evolvy,pending,snoozed,2024-06-24 22:34:05
202320,97442,5598,1,Histórico Evolvy,pending,snoozed,2024-06-24 22:37:05
202321,97443,5598,1,Histórico Evolvy,pending,snoozed,2024-06-24 22:40:12
202322,97444,5598,1,Histórico Evolvy,pending,snoozed,2024-06-24 22:41:07
202323,97446,5598,1,Histórico Evolvy,pending,snoozed,2024-06-24 22:43:05
202324,97447,5598,1,Histórico Evolvy,pending,snoozed,2024-06-24 22:44:06
202326,97451,5598,1,Histórico Evolvy,pending,snoozed,2024-06-24 22:52:06
202327,97453,5598,1,Histórico Evolvy,pending,snoozed,2024-06-24 22:53:07
202328,97454,5598,1,Histórico Evolvy,pending,snoozed,2024-06-24 22:55:05
202329,97455,5598,1,Histórico Evolvy,pending,snoozed,2024-06-24 22:57:05
202330,97460,5598,1,Histórico Evolvy,pending,snoozed,2024-06-24 23:12:05
202332,97463,5598,1,Histórico Evolvy,pending,snoozed,2024-06-24 23:24:05
202333,97464,5598,1,Histórico Evolvy,pending,snoozed,2024-06-24 23:31:07
202334,97465,5598,1,Histórico Evolvy,pending,snoozed,2024-06-24 23:37:06
202335,97468,5598,1,Histórico Evolvy,pending,snoozed,2024-06-24 23:43:08
202336,97469,5598,1,Histórico Evolvy,pending,snoozed,2024-06-24 23:53:09
202337,97471,5598,1,Histórico Evolvy,pending,snoozed,2024-06-24 23:56:09
202339,97475,5598,1,Histórico Evolvy,pending,snoozed,2024-06-25 00:10:07
202340,97477,5598,1,Histórico Evolvy,pending,snoozed,2024-06-25 00:13:06
202341,97479,5598,1,Histórico Evolvy,pending,snoozed,2024-06-25 00:19:08
202343,97482,5598,1,Histórico Evolvy,pending,snoozed,2024-06-25 00:28:11
202344,97483,5598,1,Histórico Evolvy,pending,snoozed,2024-06-25 00:29:08
202345,97484,5598,1,Histórico Evolvy,pending,snoozed,2024-06-25 00:33:06
202346,97486,5598,1,Histórico Evolvy,pending,snoozed,2024-06-25 00:45:17
202348,97488,5598,1,Histórico Evolvy,pending,snoozed,2024-06-25 00:54:06
202349,97489,5598,1,Histórico Evolvy,pending,snoozed,2024-06-25 01:01:07
202351,97491,5598,1,Histórico Evolvy,pending,snoozed,2024-06-25 01:08:09
202352,97492,5598,1,Histórico Evolvy,pending,snoozed,2024-06-25 01:12:11
202353,97495,5598,1,Histórico Evolvy,pending,snoozed,2024-06-25 01:15:06
202354,97497,5598,1,Histórico Evolvy,pending,snoozed,2024-06-25 01:26:08
202355,97498,5598,1,Histórico Evolvy,pending,snoozed,2024-06-25 01:26:12
202357,97500,5598,1,Histórico Evolvy,pending,snoozed,2024-06-25 01:28:08
202358,97501,5598,1,Histórico Evolvy,pending,snoozed,2024-06-25 01:29:07
202360,97505,5598,1,Histórico Evolvy,pending,snoozed,2024-06-25 01:42:28
202362,97507,5598,1,Histórico Evolvy,pending,snoozed,2024-06-25 01:42:42
202363,97508,5598,1,Histórico Evolvy,pending,snoozed,2024-06-25 01:46:06
202365,97514,5598,1,Histórico Evolvy,pending,snoozed,2024-06-25 02:01:04
202367,97519,5598,1,Histórico Evolvy,pending,snoozed,2024-06-25 02:22:06
202369,97522,5598,1,Histórico Evolvy,pending,snoozed,2024-06-25 02:41:06
202370,97523,5598,1,Histórico Evolvy,pending,snoozed,2024-06-25 02:46:07
202371,97524,5598,1,Histórico Evolvy,pending,snoozed,2024-06-25 03:12:06
202372,97525,5598,1,Histórico Evolvy,pending,snoozed,2024-06-25 03:18:06
202374,97530,5598,1,Histórico Evolvy,pending,snoozed,2024-06-25 04:21:04
202375,97533,5598,1,Histórico Evolvy,pending,snoozed,2024-06-25 05:42:04
202378,97536,5598,1,Histórico Evolvy,pending,snoozed,2024-06-25 07:31:04
202380,97538,5598,1,Histórico Evolvy,pending,snoozed,2024-06-25 07:40:12
202383,97547,5598,1,Histórico Evolvy,pending,snoozed,2024-06-25 09:25:06
202384,97548,5598,1,Histórico Evolvy,pending,snoozed,2024-06-25 09:28:08
202386,97560,5598,1,Histórico Evolvy,pending,snoozed,2024-06-25 09:53:07
202387,97561,5598,1,Histórico Evolvy,pending,snoozed,2024-06-25 09:56:05
202388,97564,5598,1,Histórico Evolvy,pending,snoozed,2024-06-25 10:05:04
202391,97568,5598,1,Histórico Evolvy,pending,snoozed,2024-06-25 10:14:06
202393,97570,5598,1,Histórico Evolvy,pending,snoozed,2024-06-25 10:25:07
202396,97573,5598,1,Histórico Evolvy,pending,snoozed,2024-06-25 10:37:07
202398,97576,5598,1,Histórico Evolvy,pending,snoozed,2024-06-25 10:48:06
202399,97577,5598,1,Histórico Evolvy,pending,snoozed,2024-06-25 10:51:06
202400,97578,5598,1,Histórico Evolvy,pending,snoozed,2024-06-25 10:51:09
202402,97580,5598,1,Histórico Evolvy,pending,snoozed,2024-06-25 10:57:05
202403,97583,5598,1,Histórico Evolvy,pending,snoozed,2024-06-25 11:06:07
202404,97584,5598,1,Histórico Evolvy,pending,snoozed,2024-06-25 11:11:05
202405,97585,5598,1,Histórico Evolvy,pending,snoozed,2024-06-25 11:11:12
202407,97588,5598,1,Histórico Evolvy,pending,snoozed,2024-06-25 11:27:07
202409,97591,5598,1,Histórico Evolvy,pending,snoozed,2024-06-25 11:34:05
202410,97592,5598,1,Histórico Evolvy,pending,snoozed,2024-06-25 11:37:05
202411,97594,5598,1,Histórico Evolvy,pending,snoozed,2024-06-25 11:40:08
202412,97595,5598,1,Histórico Evolvy,pending,snoozed,2024-06-25 11:43:05
202414,97597,5598,1,Histórico Evolvy,pending,snoozed,2024-06-25 11:44:07
202416,97599,5598,1,Histórico Evolvy,pending,snoozed,2024-06-25 11:47:04
202419,97602,5598,1,Histórico Evolvy,pending,snoozed,2024-06-25 11:56:07
202422,97606,5598,1,Histórico Evolvy,pending,snoozed,2024-06-25 12:05:10
202425,97611,5598,1,Histórico Evolvy,pending,snoozed,2024-06-25 12:18:06
202429,97617,5598,1,Histórico Evolvy,pending,snoozed,2024-06-25 12:48:08
202432,97620,5598,1,Histórico Evolvy,pending,snoozed,2024-06-25 12:53:08
202434,97622,5598,1,Histórico Evolvy,pending,snoozed,2024-06-25 12:53:21
202437,97627,5598,1,Histórico Evolvy,pending,snoozed,2024-06-25 13:09:06
202438,97628,5598,1,Histórico Evolvy,pending,snoozed,2024-06-25 13:11:06
202439,97629,5598,1,Histórico Evolvy,pending,snoozed,2024-06-25 13:11:12
202442,97632,5598,1,Histórico Evolvy,pending,snoozed,2024-06-25 13:28:06
202443,97633,5598,1,Histórico Evolvy,pending,snoozed,2024-06-25 13:29:05
202444,97635,5598,1,Histórico Evolvy,pending,snoozed,2024-06-25 13:36:05
202445,97638,5598,1,Histórico Evolvy,pending,snoozed,2024-06-25 13:41:06
202446,97639,5598,1,Histórico Evolvy,pending,snoozed,2024-06-25 13:45:06
202447,97640,5598,1,Histórico Evolvy,pending,snoozed,2024-06-25 13:48:07
202450,97647,5598,1,Histórico Evolvy,pending,snoozed,2024-06-25 14:09:07
202451,97648,5598,1,Histórico Evolvy,pending,snoozed,2024-06-25 14:09:10
202453,97650,5598,1,Histórico Evolvy,pending,snoozed,2024-06-25 14:13:06
202454,97653,5598,1,Histórico Evolvy,pending,snoozed,2024-06-25 14:24:05
202455,97654,5598,1,Histórico Evolvy,pending,snoozed,2024-06-25 14:26:05
202456,97656,5598,1,Histórico Evolvy,pending,snoozed,2024-06-25 14:32:07
202461,97702,5598,1,Histórico Evolvy,pending,snoozed,2024-06-25 15:09:11
202463,97705,5598,1,Histórico Evolvy,pending,snoozed,2024-06-25 15:12:39
202465,97707,5598,1,Histórico Evolvy,pending,snoozed,2024-06-25 15:15:21
202466,97708,5598,1,Histórico Evolvy,pending,snoozed,2024-06-25 15:18:50
202468,97713,5598,1,Histórico Evolvy,pending,snoozed,2024-06-25 15:36:08
202470,97716,5598,1,Histórico Evolvy,pending,snoozed,2024-06-25 15:41:05
202473,97719,5598,1,Histórico Evolvy,pending,snoozed,2024-06-25 15:52:06
202474,97720,5598,1,Histórico Evolvy,pending,snoozed,2024-06-25 15:52:09
202475,97722,5598,1,Histórico Evolvy,pending,snoozed,2024-06-25 15:57:05
202981,97735,5598,1,Histórico Evolvy,pending,snoozed,2024-06-25 16:52:08
202983,97737,5598,1,Histórico Evolvy,pending,snoozed,2024-06-25 17:19:07
202984,97740,5598,1,Histórico Evolvy,pending,snoozed,2024-06-25 17:21:06
202985,97741,5598,1,Histórico Evolvy,pending,snoozed,2024-06-25 17:22:06
202986,97751,5598,1,Histórico Evolvy,pending,snoozed,2024-06-25 17:46:08
202987,97752,5598,1,Histórico Evolvy,pending,snoozed,2024-06-25 17:51:06
202991,97766,5598,1,Histórico Evolvy,pending,snoozed,2024-06-25 18:18:07
202993,97774,5598,1,Histórico Evolvy,pending,snoozed,2024-06-25 18:54:05
202996,97779,5598,1,Histórico Evolvy,pending,snoozed,2024-06-25 19:14:07
202997,97780,5598,1,Histórico Evolvy,pending,snoozed,2024-06-25 19:14:11
202998,97781,5598,1,Histórico Evolvy,pending,snoozed,2024-06-25 19:14:17
202999,97782,5598,1,Histórico Evolvy,pending,snoozed,2024-06-25 19:14:21
203000,97783,5598,1,Histórico Evolvy,pending,snoozed,2024-06-25 19:14:25
203001,97784,5598,1,Histórico Evolvy,pending,snoozed,2024-06-25 19:15:07
203002,97785,5598,1,Histórico Evolvy,pending,snoozed,2024-06-25 19:15:11
203005,97792,5598,1,Histórico Evolvy,pending,snoozed,2024-06-25 19:33:06
203007,97797,5598,1,Histórico Evolvy,pending,snoozed,2024-06-25 19:52:05
203010,97802,5598,1,Histórico Evolvy,pending,snoozed,2024-06-25 19:58:05
203011,97803,5598,1,Histórico Evolvy,pending,snoozed,2024-06-25 20:00:07
203012,97804,5598,1,Histórico Evolvy,pending,snoozed,2024-06-25 20:02:06
203013,97805,5598,1,Histórico Evolvy,pending,snoozed,2024-06-25 20:06:06
203015,97811,5598,1,Histórico Evolvy,pending,snoozed,2024-06-25 20:17:07
203016,97814,5598,1,Histórico Evolvy,pending,snoozed,2024-06-25 20:30:07
203017,97815,5598,1,Histórico Evolvy,pending,snoozed,2024-06-25 20:36:07
203019,97818,5598,1,Histórico Evolvy,pending,snoozed,2024-06-25 20:37:06
203024,97824,5598,1,Histórico Evolvy,pending,snoozed,2024-06-25 21:00:18
203029,97831,5598,1,Histórico Evolvy,pending,snoozed,2024-06-25 21:07:07
203032,97835,5598,1,Histórico Evolvy,pending,snoozed,2024-06-25 21:10:13
203037,97843,5598,1,Histórico Evolvy,pending,snoozed,2024-06-25 21:59:07
203038,97844,5598,1,Histórico Evolvy,pending,snoozed,2024-06-25 22:00:13
203039,97845,5598,1,Histórico Evolvy,pending,snoozed,2024-06-25 22:08:08
203040,97846,5598,1,Histórico Evolvy,pending,snoozed,2024-06-25 22:27:06
203042,97848,5598,1,Histórico Evolvy,pending,snoozed,2024-06-25 22:33:08
203043,97850,5598,1,Histórico Evolvy,pending,snoozed,2024-06-25 22:36:04
203044,97851,5598,1,Histórico Evolvy,pending,snoozed,2024-06-25 22:40:10
203045,97852,5598,1,Histórico Evolvy,pending,snoozed,2024-06-25 22:44:07
203047,97855,5598,1,Histórico Evolvy,pending,snoozed,2024-06-25 23:04:05
203049,97860,5598,1,Histórico Evolvy,pending,snoozed,2024-06-25 23:13:06
203051,97865,5598,1,Histórico Evolvy,pending,snoozed,2024-06-25 23:41:04
203054,97869,5598,1,Histórico Evolvy,pending,snoozed,2024-06-25 23:50:07
203055,97870,5598,1,Histórico Evolvy,pending,snoozed,2024-06-25 23:51:06
203056,97871,5598,1,Histórico Evolvy,pending,snoozed,2024-06-25 23:52:05
203057,97872,5598,1,Histórico Evolvy,pending,snoozed,2024-06-25 23:55:04
203058,97874,5598,1,Histórico Evolvy,pending,snoozed,2024-06-25 23:56:05
203059,97875,5598,1,Histórico Evolvy,pending,snoozed,2024-06-26 00:21:06
203060,97877,5598,1,Histórico Evolvy,pending,snoozed,2024-06-26 00:36:06
203064,97882,5598,1,Histórico Evolvy,pending,snoozed,2024-06-26 00:45:06
203065,97884,5598,1,Histórico Evolvy,pending,snoozed,2024-06-26 00:58:05
203067,97887,5598,1,Histórico Evolvy,pending,snoozed,2024-06-26 01:06:05
203068,97888,5598,1,Histórico Evolvy,pending,snoozed,2024-06-26 01:20:07
203071,97891,5598,1,Histórico Evolvy,pending,snoozed,2024-06-26 01:26:06
203072,97892,5598,1,Histórico Evolvy,pending,snoozed,2024-06-26 01:26:09
203073,97893,5598,1,Histórico Evolvy,pending,snoozed,2024-06-26 01:27:05
203075,97897,5598,1,Histórico Evolvy,pending,snoozed,2024-06-26 01:40:05
203077,97901,5598,1,Histórico Evolvy,pending,snoozed,2024-06-26 01:57:05
203078,97902,5598,1,Histórico Evolvy,pending,snoozed,2024-06-26 02:00:11
203082,97910,5598,1,Histórico Evolvy,pending,snoozed,2024-06-26 02:24:05
203083,97911,5598,1,Histórico Evolvy,pending,snoozed,2024-06-26 02:32:09
203085,97915,5598,1,Histórico Evolvy,pending,snoozed,2024-06-26 03:08:06
203086,97916,5598,1,Histórico Evolvy,pending,snoozed,2024-06-26 03:18:05
203087,97917,5598,1,Histórico Evolvy,pending,snoozed,2024-06-26 03:18:10
203089,97921,5598,1,Histórico Evolvy,pending,snoozed,2024-06-26 03:33:05
203090,97923,5598,1,Histórico Evolvy,pending,snoozed,2024-06-26 03:37:05
203091,97925,5598,1,Histórico Evolvy,pending,snoozed,2024-06-26 04:25:06
203092,97927,5598,1,Histórico Evolvy,pending,snoozed,2024-06-26 04:46:07
203094,97929,5598,1,Histórico Evolvy,pending,snoozed,2024-06-26 06:53:06
203099,97938,5598,1,Histórico Evolvy,pending,snoozed,2024-06-26 08:49:06
203100,97939,5598,1,Histórico Evolvy,pending,snoozed,2024-06-26 08:50:06
203101,97940,5598,1,Histórico Evolvy,pending,snoozed,2024-06-26 08:55:05
203103,97945,5598,1,Histórico Evolvy,pending,snoozed,2024-06-26 09:20:06
203104,97947,5598,1,Histórico Evolvy,pending,snoozed,2024-06-26 09:28:06
203108,97955,5598,1,Histórico Evolvy,pending,snoozed,2024-06-26 10:10:06
203109,97956,5598,1,Histórico Evolvy,pending,snoozed,2024-06-26 10:15:07
203110,97957,5598,1,Histórico Evolvy,pending,snoozed,2024-06-26 10:16:05
203111,97958,5598,1,Histórico Evolvy,pending,snoozed,2024-06-26 10:18:05
203112,97960,5598,1,Histórico Evolvy,pending,snoozed,2024-06-26 10:24:06
203113,97961,5598,1,Histórico Evolvy,pending,snoozed,2024-06-26 10:28:07
203114,97962,5598,1,Histórico Evolvy,pending,snoozed,2024-06-26 10:33:06
203115,97964,5598,1,Histórico Evolvy,pending,snoozed,2024-06-26 10:36:06
203116,97965,5598,1,Histórico Evolvy,pending,snoozed,2024-06-26 10:45:06
203121,97971,5598,1,Histórico Evolvy,pending,snoozed,2024-06-26 10:55:19
203122,97972,5598,1,Histórico Evolvy,pending,snoozed,2024-06-26 11:06:10
203123,97974,5598,1,Histórico Evolvy,pending,snoozed,2024-06-26 11:07:10
203125,97977,5598,1,Histórico Evolvy,pending,snoozed,2024-06-26 11:11:07
203126,97978,5598,1,Histórico Evolvy,pending,snoozed,2024-06-26 11:14:09
203127,97980,5598,1,Histórico Evolvy,pending,snoozed,2024-06-26 11:20:12
203131,97985,5598,1,Histórico Evolvy,pending,snoozed,2024-06-26 11:53:07
203132,97986,5598,1,Histórico Evolvy,pending,snoozed,2024-06-26 12:07:06
203133,97988,5598,1,Histórico Evolvy,pending,snoozed,2024-06-26 12:10:09
203134,97989,5598,1,Histórico Evolvy,pending,snoozed,2024-06-26 12:17:05
203135,97991,5598,1,Histórico Evolvy,pending,snoozed,2024-06-26 12:25:07
203136,97993,5598,1,Histórico Evolvy,pending,snoozed,2024-06-26 12:28:05
203143,98007,5598,1,Histórico Evolvy,pending,snoozed,2024-06-26 13:27:05
203145,98009,5598,1,Histórico Evolvy,pending,snoozed,2024-06-26 13:51:11
203146,98012,5598,1,Histórico Evolvy,pending,snoozed,2024-06-26 13:56:08
203147,98017,5598,1,Histórico Evolvy,pending,snoozed,2024-06-26 14:12:06
203149,98021,5598,1,Histórico Evolvy,pending,snoozed,2024-06-26 14:31:08
203152,98030,5598,1,Histórico Evolvy,pending,snoozed,2024-06-26 14:57:05
203155,98033,5598,1,Histórico Evolvy,pending,snoozed,2024-06-26 15:02:15
203156,98034,5598,1,Histórico Evolvy,pending,snoozed,2024-06-26 15:14:06
203158,98036,5598,1,Histórico Evolvy,pending,snoozed,2024-06-26 15:20:12
203159,98037,5598,1,Histórico Evolvy,pending,snoozed,2024-06-26 15:30:07
203167,98062,5598,1,Histórico Evolvy,pending,snoozed,2024-06-26 16:46:08
203169,98067,5598,1,Histórico Evolvy,pending,snoozed,2024-06-26 17:06:05
203170,98069,5598,1,Histórico Evolvy,pending,snoozed,2024-06-26 17:12:05
203171,98075,5598,1,Histórico Evolvy,pending,snoozed,2024-06-26 17:34:05
203173,98078,5598,1,Histórico Evolvy,pending,snoozed,2024-06-26 17:52:06
203175,98082,5598,1,Histórico Evolvy,pending,snoozed,2024-06-26 18:22:11
203177,98084,5598,1,Histórico Evolvy,pending,snoozed,2024-06-26 18:23:05
203182,98093,5598,1,Histórico Evolvy,pending,snoozed,2024-06-26 19:42:06
203183,98094,5598,1,Histórico Evolvy,pending,snoozed,2024-06-26 19:42:09
203184,98095,5598,1,Histórico Evolvy,pending,snoozed,2024-06-26 19:44:06
203190,98105,5598,1,Histórico Evolvy,pending,snoozed,2024-06-26 20:08:09
203191,98106,5598,1,Histórico Evolvy,pending,snoozed,2024-06-26 20:19:05
203194,98109,5598,1,Histórico Evolvy,pending,snoozed,2024-06-26 20:24:06
203195,98110,5598,1,Histórico Evolvy,pending,snoozed,2024-06-26 20:25:11
203196,98112,5598,1,Histórico Evolvy,pending,snoozed,2024-06-26 20:33:06
203197,98113,5598,1,Histórico Evolvy,pending,snoozed,2024-06-26 20:37:05
203200,98119,5598,1,Histórico Evolvy,pending,snoozed,2024-06-26 21:02:08
203202,98121,5598,1,Histórico Evolvy,pending,snoozed,2024-06-26 21:03:11
203203,98122,5598,1,Histórico Evolvy,pending,snoozed,2024-06-26 21:03:15
203205,98124,5598,1,Histórico Evolvy,pending,snoozed,2024-06-26 21:15:10
203206,98128,5598,1,Histórico Evolvy,pending,snoozed,2024-06-26 21:17:14
203214,98137,5598,1,Histórico Evolvy,pending,snoozed,2024-06-26 21:49:07
203215,98138,5598,1,Histórico Evolvy,pending,snoozed,2024-06-26 21:52:06
203217,98141,5598,1,Histórico Evolvy,pending,snoozed,2024-06-26 22:00:17
203218,98142,5598,1,Histórico Evolvy,pending,snoozed,2024-06-26 22:09:08
203220,98144,5598,1,Histórico Evolvy,pending,snoozed,2024-06-26 22:12:50
203222,98149,5598,1,Histórico Evolvy,pending,snoozed,2024-06-26 22:28:08
203223,98150,5598,1,Histórico Evolvy,pending,snoozed,2024-06-26 22:28:12
203224,98151,5598,1,Histórico Evolvy,pending,snoozed,2024-06-26 22:31:06
203225,98152,5598,1,Histórico Evolvy,pending,snoozed,2024-06-26 22:31:12
203227,98154,5598,1,Histórico Evolvy,pending,snoozed,2024-06-26 22:33:07
203229,98156,5598,1,Histórico Evolvy,pending,snoozed,2024-06-26 22:42:07
203230,98157,5598,1,Histórico Evolvy,pending,snoozed,2024-06-26 22:45:23
203231,98160,5598,1,Histórico Evolvy,pending,snoozed,2024-06-26 23:01:05
203232,98161,5598,1,Histórico Evolvy,pending,snoozed,2024-06-26 23:03:06
203233,98162,5598,1,Histórico Evolvy,pending,snoozed,2024-06-26 23:04:07
203234,98165,5598,1,Histórico Evolvy,pending,snoozed,2024-06-26 23:14:07
203235,98166,5598,1,Histórico Evolvy,pending,snoozed,2024-06-26 23:28:07
203238,98171,5598,1,Histórico Evolvy,pending,snoozed,2024-06-26 23:55:19
203239,98172,5598,1,Histórico Evolvy,pending,snoozed,2024-06-26 23:58:05
203240,98173,5598,1,Histórico Evolvy,pending,snoozed,2024-06-27 00:02:07
203241,98174,5598,1,Histórico Evolvy,pending,snoozed,2024-06-27 00:05:06
203242,98175,5598,1,Histórico Evolvy,pending,snoozed,2024-06-27 00:05:10
203243,98176,5598,1,Histórico Evolvy,pending,snoozed,2024-06-27 00:06:06
203244,98177,5598,1,Histórico Evolvy,pending,snoozed,2024-06-27 00:07:05
203247,98184,5598,1,Histórico Evolvy,pending,snoozed,2024-06-27 00:45:08
203248,98185,5598,1,Histórico Evolvy,pending,snoozed,2024-06-27 00:50:06
203249,98187,5598,1,Histórico Evolvy,pending,snoozed,2024-06-27 01:00:17
203251,98189,5598,1,Histórico Evolvy,pending,snoozed,2024-06-27 01:15:07
203252,98190,5598,1,Histórico Evolvy,pending,snoozed,2024-06-27 01:18:07
203254,98192,5598,1,Histórico Evolvy,pending,snoozed,2024-06-27 01:31:06
203258,98197,5598,1,Histórico Evolvy,pending,snoozed,2024-06-27 02:10:10
203259,98198,5598,1,Histórico Evolvy,pending,snoozed,2024-06-27 02:16:06
203260,98202,5598,1,Histórico Evolvy,pending,snoozed,2024-06-27 02:25:05
203261,98203,5598,1,Histórico Evolvy,pending,snoozed,2024-06-27 02:33:09
203262,98204,5598,1,Histórico Evolvy,pending,snoozed,2024-06-27 02:38:05
203263,98205,5598,1,Histórico Evolvy,pending,snoozed,2024-06-27 02:39:06
203269,98218,5598,1,Histórico Evolvy,pending,snoozed,2024-06-27 04:52:05
203270,98220,5598,1,Histórico Evolvy,pending,snoozed,2024-06-27 06:04:05
203271,98221,5598,1,Histórico Evolvy,pending,snoozed,2024-06-27 06:04:09
203272,98222,5598,1,Histórico Evolvy,pending,snoozed,2024-06-27 06:06:05
203274,98224,5598,1,Histórico Evolvy,pending,snoozed,2024-06-27 06:18:06
203275,98225,5598,1,Histórico Evolvy,pending,snoozed,2024-06-27 06:33:09
203278,98234,5598,1,Histórico Evolvy,pending,snoozed,2024-06-27 08:36:06
203279,98235,5598,1,Histórico Evolvy,pending,snoozed,2024-06-27 08:38:05
203280,98238,5598,1,Histórico Evolvy,pending,snoozed,2024-06-27 08:44:05
203281,98239,5598,1,Histórico Evolvy,pending,snoozed,2024-06-27 08:45:07
203282,98240,5598,1,Histórico Evolvy,pending,snoozed,2024-06-27 09:11:05
203284,98244,5598,1,Histórico Evolvy,pending,snoozed,2024-06-27 09:34:06
203287,98252,5598,1,Histórico Evolvy,pending,snoozed,2024-06-27 09:56:06
203288,98253,5598,1,Histórico Evolvy,pending,snoozed,2024-06-27 09:57:05
203289,98254,5598,1,Histórico Evolvy,pending,snoozed,2024-06-27 10:03:06
203290,98256,5598,1,Histórico Evolvy,pending,snoozed,2024-06-27 10:15:06
203291,98257,5598,1,Histórico Evolvy,pending,snoozed,2024-06-27 10:15:10
203292,98258,5598,1,Histórico Evolvy,pending,snoozed,2024-06-27 10:16:06
203295,98262,5598,1,Histórico Evolvy,pending,snoozed,2024-06-27 10:19:13
203297,98264,5598,1,Histórico Evolvy,pending,snoozed,2024-06-27 10:23:06
203300,98268,5598,1,Histórico Evolvy,pending,snoozed,2024-06-27 10:34:05
203301,98269,5598,1,Histórico Evolvy,pending,snoozed,2024-06-27 10:35:08
203302,98270,5598,1,Histórico Evolvy,pending,snoozed,2024-06-27 10:48:07
203303,98272,5598,1,Histórico Evolvy,pending,snoozed,2024-06-27 10:50:06
203305,98274,5598,1,Histórico Evolvy,pending,snoozed,2024-06-27 10:57:05
203306,98276,5598,1,Histórico Evolvy,pending,snoozed,2024-06-27 11:00:13
203310,98283,5598,1,Histórico Evolvy,pending,snoozed,2024-06-27 11:20:07
203311,98284,5598,1,Histórico Evolvy,pending,snoozed,2024-06-27 11:20:11
203312,98285,5598,1,Histórico Evolvy,pending,snoozed,2024-06-27 11:22:05
203314,98288,5598,1,Histórico Evolvy,pending,snoozed,2024-06-27 11:43:06
203315,98289,5598,1,Histórico Evolvy,pending,snoozed,2024-06-27 11:45:08
203316,98290,5598,1,Histórico Evolvy,pending,snoozed,2024-06-27 11:48:06
203318,98293,5598,1,Histórico Evolvy,pending,snoozed,2024-06-27 11:58:06
203319,98295,5598,1,Histórico Evolvy,pending,snoozed,2024-06-27 12:04:05
203321,98297,5598,1,Histórico Evolvy,pending,snoozed,2024-06-27 12:19:05
203323,98299,5598,1,Histórico Evolvy,pending,snoozed,2024-06-27 12:22:05
203324,98300,5598,1,Histórico Evolvy,pending,snoozed,2024-06-27 12:24:06
203326,98303,5598,1,Histórico Evolvy,pending,snoozed,2024-06-27 12:27:05
203328,98306,5598,1,Histórico Evolvy,pending,snoozed,2024-06-27 12:33:05
203329,98309,5598,1,Histórico Evolvy,pending,snoozed,2024-06-27 12:55:10
203330,98311,5598,1,Histórico Evolvy,pending,snoozed,2024-06-27 13:03:05
203331,98313,5598,1,Histórico Evolvy,pending,snoozed,2024-06-27 13:06:09
203332,98314,5598,1,Histórico Evolvy,pending,snoozed,2024-06-27 13:07:07
203333,98316,5598,1,Histórico Evolvy,pending,snoozed,2024-06-27 13:25:10
203335,98320,5598,1,Histórico Evolvy,pending,snoozed,2024-06-27 13:34:06
203336,98321,5598,1,Histórico Evolvy,pending,snoozed,2024-06-27 13:36:06
203337,98323,5598,1,Histórico Evolvy,pending,snoozed,2024-06-27 13:40:07
203339,98325,5598,1,Histórico Evolvy,pending,snoozed,2024-06-27 13:58:06
203340,98326,5598,1,Histórico Evolvy,pending,snoozed,2024-06-27 13:58:09
203344,98340,5598,1,Histórico Evolvy,pending,snoozed,2024-06-27 14:46:06
203345,98351,5598,1,Histórico Evolvy,pending,snoozed,2024-06-27 14:55:06
203346,98352,5598,1,Histórico Evolvy,pending,snoozed,2024-06-27 14:56:05
203347,98353,5598,1,Histórico Evolvy,pending,snoozed,2024-06-27 14:56:09
203348,98354,5598,1,Histórico Evolvy,pending,snoozed,2024-06-27 14:56:13
203349,98355,5598,1,Histórico Evolvy,pending,snoozed,2024-06-27 14:57:05
203352,98360,5598,1,Histórico Evolvy,pending,snoozed,2024-06-27 15:15:08
203353,98361,5598,1,Histórico Evolvy,pending,snoozed,2024-06-27 15:20:10
203354,98363,5598,1,Histórico Evolvy,pending,snoozed,2024-06-27 15:27:05
203355,98365,5598,1,Histórico Evolvy,pending,snoozed,2024-06-27 15:46:05
203356,98366,5598,1,Histórico Evolvy,pending,snoozed,2024-06-27 15:51:07
203357,98369,5598,1,Histórico Evolvy,pending,snoozed,2024-06-27 16:09:06
203358,98370,5598,1,Histórico Evolvy,pending,snoozed,2024-06-27 16:11:08
203362,98389,5598,1,Histórico Evolvy,pending,snoozed,2024-06-27 17:00:10
203364,98393,5598,1,Histórico Evolvy,pending,snoozed,2024-06-27 17:10:06
203365,98394,5598,1,Histórico Evolvy,pending,snoozed,2024-06-27 17:13:06
203373,98410,5598,1,Histórico Evolvy,pending,snoozed,2024-06-27 18:56:07
203376,98418,5598,1,Histórico Evolvy,pending,snoozed,2024-06-27 19:33:10
203377,98422,5598,1,Histórico Evolvy,pending,snoozed,2024-06-27 19:38:05
203385,98441,5598,1,Histórico Evolvy,pending,snoozed,2024-06-27 21:10:10
203388,98446,5598,1,Histórico Evolvy,pending,snoozed,2024-06-27 21:18:09
203394,98456,5598,1,Histórico Evolvy,pending,snoozed,2024-06-27 22:04:06
203395,98458,5598,1,Histórico Evolvy,pending,snoozed,2024-06-27 22:08:07
203396,98459,5598,1,Histórico Evolvy,pending,snoozed,2024-06-27 22:18:07
203398,98461,5598,1,Histórico Evolvy,pending,snoozed,2024-06-27 22:19:07
203399,98465,5598,1,Histórico Evolvy,pending,snoozed,2024-06-27 22:30:07
203401,98467,5598,1,Histórico Evolvy,pending,snoozed,2024-06-27 22:32:07
203404,98471,5598,1,Histórico Evolvy,pending,snoozed,2024-06-27 22:54:06
203405,98472,5598,1,Histórico Evolvy,pending,snoozed,2024-06-27 22:59:06
203406,98473,5598,1,Histórico Evolvy,pending,snoozed,2024-06-27 23:10:07
203407,98474,5598,1,Histórico Evolvy,pending,snoozed,2024-06-27 23:11:06
203413,98484,5598,1,Histórico Evolvy,pending,snoozed,2024-06-28 00:00:06
203416,98489,5598,1,Histórico Evolvy,pending,snoozed,2024-06-28 00:26:05
203418,98493,5598,1,Histórico Evolvy,pending,snoozed,2024-06-28 00:35:08
203420,98495,5598,1,Histórico Evolvy,pending,snoozed,2024-06-28 00:37:08
203421,98496,5598,1,Histórico Evolvy,pending,snoozed,2024-06-28 00:41:11
203422,98497,5598,1,Histórico Evolvy,pending,snoozed,2024-06-28 00:58:06
203423,98498,5598,1,Histórico Evolvy,pending,snoozed,2024-06-28 01:03:10
203426,98502,5598,1,Histórico Evolvy,pending,snoozed,2024-06-28 01:21:06
203427,98503,5598,1,Histórico Evolvy,pending,snoozed,2024-06-28 01:23:05
203429,98508,5598,1,Histórico Evolvy,pending,snoozed,2024-06-28 02:04:05
203431,98512,5598,1,Histórico Evolvy,pending,snoozed,2024-06-28 02:18:06
203433,98515,5598,1,Histórico Evolvy,pending,snoozed,2024-06-28 02:32:09
203434,98517,5598,1,Histórico Evolvy,pending,snoozed,2024-06-28 02:40:11
203436,98521,5598,1,Histórico Evolvy,pending,snoozed,2024-06-28 03:01:07
203438,98531,5598,1,Histórico Evolvy,pending,snoozed,2024-06-28 04:45:06
203440,98534,5598,1,Histórico Evolvy,pending,snoozed,2024-06-28 06:26:05
203441,98535,5598,1,Histórico Evolvy,pending,snoozed,2024-06-28 06:26:08
203445,98543,5598,1,Histórico Evolvy,pending,snoozed,2024-06-28 08:56:07
203446,98546,5598,1,Histórico Evolvy,pending,snoozed,2024-06-28 09:42:06
203449,98555,5598,1,Histórico Evolvy,pending,snoozed,2024-06-28 10:10:07
203451,98560,5598,1,Histórico Evolvy,pending,snoozed,2024-06-28 10:22:06
203453,98563,5598,1,Histórico Evolvy,pending,snoozed,2024-06-28 10:39:09
203454,98565,5598,1,Histórico Evolvy,pending,snoozed,2024-06-28 10:47:07
203455,98566,5598,1,Histórico Evolvy,pending,snoozed,2024-06-28 10:48:10
203456,98567,5598,1,Histórico Evolvy,pending,snoozed,2024-06-28 10:52:07
203458,98571,5598,1,Histórico Evolvy,pending,snoozed,2024-06-28 11:05:11
203460,98574,5598,1,Histórico Evolvy,pending,snoozed,2024-06-28 11:11:10
203464,98582,5598,1,Histórico Evolvy,pending,snoozed,2024-06-28 11:35:10
203465,98585,5598,1,Histórico Evolvy,pending,snoozed,2024-06-28 11:51:06
203468,98588,5598,1,Histórico Evolvy,pending,snoozed,2024-06-28 12:02:07
203470,98594,5598,1,Histórico Evolvy,pending,snoozed,2024-06-28 12:15:09
203472,98599,5598,1,Histórico Evolvy,pending,snoozed,2024-06-28 12:27:09
203473,98600,5598,1,Histórico Evolvy,pending,snoozed,2024-06-28 12:29:11
203474,98601,5598,1,Histórico Evolvy,pending,snoozed,2024-06-28 12:30:07
204483,98615,5598,1,Histórico Evolvy,pending,snoozed,2024-06-28 13:09:06
204490,98632,5598,1,Histórico Evolvy,pending,snoozed,2024-06-28 14:14:36
204491,98634,5598,1,Histórico Evolvy,pending,snoozed,2024-06-28 14:15:08
204495,98642,5598,1,Histórico Evolvy,pending,snoozed,2024-06-28 14:32:10
204497,98645,5598,1,Histórico Evolvy,pending,snoozed,2024-06-28 14:43:05
204501,98652,5598,1,Histórico Evolvy,pending,snoozed,2024-06-28 14:54:05
204502,98658,5598,1,Histórico Evolvy,pending,snoozed,2024-06-28 15:12:05
204503,98661,5598,1,Histórico Evolvy,pending,snoozed,2024-06-28 15:38:08
204504,98665,5598,1,Histórico Evolvy,pending,snoozed,2024-06-28 15:52:11
204505,98684,5598,1,Histórico Evolvy,pending,snoozed,2024-06-28 16:16:07
204506,98686,5598,1,Histórico Evolvy,pending,snoozed,2024-06-28 16:18:07
204508,98691,5598,1,Histórico Evolvy,pending,snoozed,2024-06-28 16:53:06
204509,98692,5598,1,Histórico Evolvy,pending,snoozed,2024-06-28 16:55:10
204510,98694,5598,1,Histórico Evolvy,pending,snoozed,2024-06-28 17:02:08
204513,98698,5598,1,Histórico Evolvy,pending,snoozed,2024-06-28 17:17:08
204517,98709,5598,1,Histórico Evolvy,pending,snoozed,2024-06-28 17:56:06
204519,98712,5598,1,Histórico Evolvy,pending,snoozed,2024-06-28 18:08:07
204524,98718,5598,1,Histórico Evolvy,pending,snoozed,2024-06-28 18:36:05
204528,98730,5598,1,Histórico Evolvy,pending,snoozed,2024-06-28 19:32:08
204531,98740,5598,1,Histórico Evolvy,pending,snoozed,2024-06-28 20:36:10
204534,98752,5598,1,Histórico Evolvy,pending,snoozed,2024-06-28 21:06:06
204535,98753,5598,1,Histórico Evolvy,pending,snoozed,2024-06-28 21:08:06
204537,98758,5598,1,Histórico Evolvy,pending,snoozed,2024-06-28 21:33:07
204539,98760,5598,1,Histórico Evolvy,pending,snoozed,2024-06-28 21:45:05
204545,98767,5598,1,Histórico Evolvy,pending,snoozed,2024-06-28 22:14:04
204548,98775,5598,1,Histórico Evolvy,pending,snoozed,2024-06-28 22:23:05
204549,98776,5598,1,Histórico Evolvy,pending,snoozed,2024-06-28 22:25:07
204551,98779,5598,1,Histórico Evolvy,pending,snoozed,2024-06-28 22:30:11
204552,98780,5598,1,Histórico Evolvy,pending,snoozed,2024-06-28 22:32:06
204553,98785,5598,1,Histórico Evolvy,pending,snoozed,2024-06-28 23:10:18
204556,98789,5598,1,Histórico Evolvy,pending,snoozed,2024-06-28 23:30:06
204558,98792,5598,1,Histórico Evolvy,pending,snoozed,2024-06-28 23:35:14
204559,98793,5598,1,Histórico Evolvy,pending,snoozed,2024-06-28 23:55:08
204560,98794,5598,1,Histórico Evolvy,pending,snoozed,2024-06-28 23:57:06
204561,98797,5598,1,Histórico Evolvy,pending,snoozed,2024-06-29 00:08:05
204562,98799,5598,1,Histórico Evolvy,pending,snoozed,2024-06-29 00:14:06
204563,98800,5598,1,Histórico Evolvy,pending,snoozed,2024-06-29 00:18:07
204564,98802,5598,1,Histórico Evolvy,pending,snoozed,2024-06-29 00:22:05
204565,98803,5598,1,Histórico Evolvy,pending,snoozed,2024-06-29 00:24:06
204566,98804,5598,1,Histórico Evolvy,pending,snoozed,2024-06-29 00:25:06
204567,98810,5598,1,Histórico Evolvy,pending,snoozed,2024-06-29 00:41:10
204569,98814,5598,1,Histórico Evolvy,pending,snoozed,2024-06-29 01:10:06
204570,98815,5598,1,Histórico Evolvy,pending,snoozed,2024-06-29 01:11:05
204576,98828,5598,1,Histórico Evolvy,pending,snoozed,2024-06-29 02:41:07
204577,98833,5598,1,Histórico Evolvy,pending,snoozed,2024-06-29 04:52:06
204578,98834,5598,1,Histórico Evolvy,pending,snoozed,2024-06-29 06:05:05
204581,98841,5598,1,Histórico Evolvy,pending,snoozed,2024-06-29 07:20:16
204582,98844,5598,1,Histórico Evolvy,pending,snoozed,2024-06-29 07:57:07
204583,98845,5598,1,Histórico Evolvy,pending,snoozed,2024-06-29 08:01:07
204586,98850,5598,1,Histórico Evolvy,pending,snoozed,2024-06-29 08:30:05
204587,98851,5598,1,Histórico Evolvy,pending,snoozed,2024-06-29 08:30:09
204588,98855,5598,1,Histórico Evolvy,pending,snoozed,2024-06-29 09:27:08
204591,98864,5598,1,Histórico Evolvy,pending,snoozed,2024-06-29 10:14:06
204592,98865,5598,1,Histórico Evolvy,pending,snoozed,2024-06-29 10:20:25
204595,98873,5598,1,Histórico Evolvy,pending,snoozed,2024-06-29 11:00:12
204605,98886,5598,1,Histórico Evolvy,pending,snoozed,2024-06-29 11:51:09
204613,98897,5598,1,Histórico Evolvy,pending,snoozed,2024-06-29 12:12:10
204615,98899,5598,1,Histórico Evolvy,pending,snoozed,2024-06-29 12:13:16
204616,98901,5598,1,Histórico Evolvy,pending,snoozed,2024-06-29 12:16:07
204617,98905,5598,1,Histórico Evolvy,pending,snoozed,2024-06-29 12:27:06
204619,98908,5598,1,Histórico Evolvy,pending,snoozed,2024-06-29 12:29:06
204624,98922,5598,1,Histórico Evolvy,pending,snoozed,2024-06-29 13:25:05
204625,98924,5598,1,Histórico Evolvy,pending,snoozed,2024-06-29 13:30:08
204627,98926,5598,1,Histórico Evolvy,pending,snoozed,2024-06-29 13:32:12
204628,98927,5598,1,Histórico Evolvy,pending,snoozed,2024-06-29 13:33:09
204631,98931,5598,1,Histórico Evolvy,pending,snoozed,2024-06-29 13:45:06
204636,98952,5598,1,Histórico Evolvy,pending,snoozed,2024-06-29 14:26:09
204637,98953,5598,1,Histórico Evolvy,pending,snoozed,2024-06-29 14:27:06
204638,98954,5598,1,Histórico Evolvy,pending,snoozed,2024-06-29 14:29:09
204640,98957,5598,1,Histórico Evolvy,pending,snoozed,2024-06-29 14:40:10
204645,98968,5598,1,Histórico Evolvy,pending,snoozed,2024-06-29 15:24:06
204649,98977,5598,1,Histórico Evolvy,pending,snoozed,2024-06-29 15:52:06
204651,98984,5598,1,Histórico Evolvy,pending,snoozed,2024-06-29 16:52:15
204652,98985,5598,1,Histórico Evolvy,pending,snoozed,2024-06-29 16:56:08
204655,98998,5598,1,Histórico Evolvy,pending,snoozed,2024-06-29 17:55:06
204659,99004,5598,1,Histórico Evolvy,pending,snoozed,2024-06-29 18:51:05
204662,99012,5598,1,Histórico Evolvy,pending,snoozed,2024-06-29 20:02:05
204666,99021,5598,1,Histórico Evolvy,pending,snoozed,2024-06-29 21:03:07
204667,99022,5598,1,Histórico Evolvy,pending,snoozed,2024-06-29 21:07:06
204670,99028,5598,1,Histórico Evolvy,pending,snoozed,2024-06-29 21:25:05
204671,99029,5598,1,Histórico Evolvy,pending,snoozed,2024-06-29 21:33:05
204672,99032,5598,1,Histórico Evolvy,pending,snoozed,2024-06-29 21:38:05
204673,99033,5598,1,Histórico Evolvy,pending,snoozed,2024-06-29 21:42:07
204675,99036,5598,1,Histórico Evolvy,pending,snoozed,2024-06-29 22:17:06
204677,99041,5598,1,Histórico Evolvy,pending,snoozed,2024-06-29 22:35:06
204678,99042,5598,1,Histórico Evolvy,pending,snoozed,2024-06-29 22:41:09
204687,99058,5598,1,Histórico Evolvy,pending,snoozed,2024-06-30 00:13:11
204689,99060,5598,1,Histórico Evolvy,pending,snoozed,2024-06-30 00:27:06
204691,99064,5598,1,Histórico Evolvy,pending,snoozed,2024-06-30 00:45:08
204692,99065,5598,1,Histórico Evolvy,pending,snoozed,2024-06-30 01:05:06
204693,99066,5598,1,Histórico Evolvy,pending,snoozed,2024-06-30 01:07:04
204694,99070,5598,1,Histórico Evolvy,pending,snoozed,2024-06-30 01:36:08
204695,99072,5598,1,Histórico Evolvy,pending,snoozed,2024-06-30 01:52:07
204696,99073,5598,1,Histórico Evolvy,pending,snoozed,2024-06-30 01:55:06
204698,99077,5598,1,Histórico Evolvy,pending,snoozed,2024-06-30 02:11:06
204700,99079,5598,1,Histórico Evolvy,pending,snoozed,2024-06-30 02:29:09
204701,99081,5598,1,Histórico Evolvy,pending,snoozed,2024-06-30 02:42:05
204702,99084,5598,1,Histórico Evolvy,pending,snoozed,2024-06-30 03:06:07
204703,99085,5598,1,Histórico Evolvy,pending,snoozed,2024-06-30 03:12:06
204706,99093,5598,1,Histórico Evolvy,pending,snoozed,2024-06-30 05:25:06
204707,99094,5598,1,Histórico Evolvy,pending,snoozed,2024-06-30 06:50:06
204710,99105,5598,1,Histórico Evolvy,pending,snoozed,2024-06-30 08:41:05
204711,99108,5598,1,Histórico Evolvy,pending,snoozed,2024-06-30 08:56:07
204714,99123,5598,1,Histórico Evolvy,pending,snoozed,2024-06-30 09:54:05
204717,99128,5598,1,Histórico Evolvy,pending,snoozed,2024-06-30 10:23:09
204720,99134,5598,1,Histórico Evolvy,pending,snoozed,2024-06-30 10:35:06
204722,99136,5598,1,Histórico Evolvy,pending,snoozed,2024-06-30 10:36:14
204723,99143,5598,1,Histórico Evolvy,pending,snoozed,2024-06-30 10:41:08
204725,99147,5598,1,Histórico Evolvy,pending,snoozed,2024-06-30 11:06:06
204726,99149,5598,1,Histórico Evolvy,pending,snoozed,2024-06-30 11:12:05
204727,99150,5598,1,Histórico Evolvy,pending,snoozed,2024-06-30 11:15:07
204728,99152,5598,1,Histórico Evolvy,pending,snoozed,2024-06-30 11:20:21
204730,99155,5598,1,Histórico Evolvy,pending,snoozed,2024-06-30 11:28:05
204731,99158,5598,1,Histórico Evolvy,pending,snoozed,2024-06-30 11:37:04
204732,99159,5598,1,Histórico Evolvy,pending,snoozed,2024-06-30 11:37:09
204736,99163,5598,1,Histórico Evolvy,pending,snoozed,2024-06-30 11:50:07
204737,99164,5598,1,Histórico Evolvy,pending,snoozed,2024-06-30 11:50:14
204738,99169,5598,1,Histórico Evolvy,pending,snoozed,2024-06-30 12:07:05
204739,99170,5598,1,Histórico Evolvy,pending,snoozed,2024-06-30 12:09:05
204741,99172,5598,1,Histórico Evolvy,pending,snoozed,2024-06-30 12:09:20
204743,99174,5598,1,Histórico Evolvy,pending,snoozed,2024-06-30 12:14:05
204745,99177,5598,1,Histórico Evolvy,pending,snoozed,2024-06-30 12:18:13
204748,99181,5598,1,Histórico Evolvy,pending,snoozed,2024-06-30 12:25:08
204749,99182,5598,1,Histórico Evolvy,pending,snoozed,2024-06-30 12:27:09
204752,99188,5598,1,Histórico Evolvy,pending,snoozed,2024-06-30 12:47:07
204754,99191,5598,1,Histórico Evolvy,pending,snoozed,2024-06-30 12:54:06
204757,99194,5598,1,Histórico Evolvy,pending,snoozed,2024-06-30 12:56:13
204760,99198,5598,1,Histórico Evolvy,pending,snoozed,2024-06-30 13:01:06
204761,99199,5598,1,Histórico Evolvy,pending,snoozed,2024-06-30 13:05:09
204764,99204,5598,1,Histórico Evolvy,pending,snoozed,2024-06-30 13:18:09
204765,99205,5598,1,Histórico Evolvy,pending,snoozed,2024-06-30 13:19:07
204766,99206,5598,1,Histórico Evolvy,pending,snoozed,2024-06-30 13:19:14
204770,99210,5598,1,Histórico Evolvy,pending,snoozed,2024-06-30 13:27:09
204772,99213,5598,1,Histórico Evolvy,pending,snoozed,2024-06-30 13:32:06
204773,99214,5598,1,Histórico Evolvy,pending,snoozed,2024-06-30 13:32:13
204777,99221,5598,1,Histórico Evolvy,pending,snoozed,2024-06-30 13:45:09
204779,99223,5598,1,Histórico Evolvy,pending,snoozed,2024-06-30 13:49:06
204782,99227,5598,1,Histórico Evolvy,pending,snoozed,2024-06-30 14:16:07
204783,99230,5598,1,Histórico Evolvy,pending,snoozed,2024-06-30 14:33:07
204784,99231,5598,1,Histórico Evolvy,pending,snoozed,2024-06-30 14:34:06
204786,99235,5598,1,Histórico Evolvy,pending,snoozed,2024-06-30 15:00:15
204788,99237,5598,1,Histórico Evolvy,pending,snoozed,2024-06-30 15:04:12
204790,99239,5598,1,Histórico Evolvy,pending,snoozed,2024-06-30 15:17:05
204791,99240,5598,1,Histórico Evolvy,pending,snoozed,2024-06-30 15:20:11
204793,99243,5598,1,Histórico Evolvy,pending,snoozed,2024-06-30 15:32:09
204794,99246,5598,1,Histórico Evolvy,pending,snoozed,2024-06-30 15:45:09
204795,99247,5598,1,Histórico Evolvy,pending,snoozed,2024-06-30 15:56:06
204796,99248,5598,1,Histórico Evolvy,pending,snoozed,2024-06-30 15:57:06
204797,99249,5598,1,Histórico Evolvy,pending,snoozed,2024-06-30 15:58:05
204802,99260,5598,1,Histórico Evolvy,pending,snoozed,2024-06-30 17:06:07
204803,99263,5598,1,Histórico Evolvy,pending,snoozed,2024-06-30 17:17:09
204805,99273,5598,1,Histórico Evolvy,pending,snoozed,2024-06-30 17:55:08
204807,99275,5598,1,Histórico Evolvy,pending,snoozed,2024-06-30 18:18:07
204809,99277,5598,1,Histórico Evolvy,pending,snoozed,2024-06-30 18:26:08
204810,99278,5598,1,Histórico Evolvy,pending,snoozed,2024-06-30 18:27:07
204811,99280,5598,1,Histórico Evolvy,pending,snoozed,2024-06-30 18:52:10
204815,99285,5598,1,Histórico Evolvy,pending,snoozed,2024-06-30 19:55:09
204817,99291,5598,1,Histórico Evolvy,pending,snoozed,2024-06-30 20:33:06
204820,99295,5598,1,Histórico Evolvy,pending,snoozed,2024-06-30 21:02:11
204824,99299,5598,1,Histórico Evolvy,pending,snoozed,2024-06-30 21:08:07
204833,99313,5598,1,Histórico Evolvy,pending,snoozed,2024-06-30 22:03:06
204837,99322,5598,1,Histórico Evolvy,pending,snoozed,2024-06-30 22:35:09
204841,99328,5598,1,Histórico Evolvy,pending,snoozed,2024-06-30 23:11:07
204843,99331,5598,1,Histórico Evolvy,pending,snoozed,2024-06-30 23:24:08
204845,99334,5598,1,Histórico Evolvy,pending,snoozed,2024-06-30 23:39:09
204851,99345,5598,1,Histórico Evolvy,pending,snoozed,2024-07-01 00:42:08
204856,99356,5598,1,Histórico Evolvy,pending,snoozed,2024-07-01 01:53:06
204857,99358,5598,1,Histórico Evolvy,pending,snoozed,2024-07-01 01:56:09
204858,99362,5598,1,Histórico Evolvy,pending,snoozed,2024-07-01 02:05:06
204859,99363,5598,1,Histórico Evolvy,pending,snoozed,2024-07-01 02:07:06
204861,99365,5598,1,Histórico Evolvy,pending,snoozed,2024-07-01 02:40:10
204863,99367,5598,1,Histórico Evolvy,pending,snoozed,2024-07-01 03:11:06
204864,99368,5598,1,Histórico Evolvy,pending,snoozed,2024-07-01 03:28:05
204865,99371,5598,1,Histórico Evolvy,pending,snoozed,2024-07-01 04:17:07
204867,99376,5598,1,Histórico Evolvy,pending,snoozed,2024-07-01 06:22:11
204868,99378,5598,1,Histórico Evolvy,pending,snoozed,2024-07-01 07:19:06
204869,99384,5598,1,Histórico Evolvy,pending,snoozed,2024-07-01 09:04:09
204870,99387,5598,1,Histórico Evolvy,pending,snoozed,2024-07-01 09:25:06
204873,99393,5598,1,Histórico Evolvy,pending,snoozed,2024-07-01 09:45:07
204874,99394,5598,1,Histórico Evolvy,pending,snoozed,2024-07-01 09:46:11
204877,99401,5598,1,Histórico Evolvy,pending,snoozed,2024-07-01 10:35:11
204882,99407,5598,1,Histórico Evolvy,pending,snoozed,2024-07-01 10:49:06
204883,99409,5598,1,Histórico Evolvy,pending,snoozed,2024-07-01 10:54:09
204885,99412,5598,1,Histórico Evolvy,pending,snoozed,2024-07-01 11:05:07
204886,99416,5598,1,Histórico Evolvy,pending,snoozed,2024-07-01 11:14:07
204894,99438,5598,1,Histórico Evolvy,pending,snoozed,2024-07-01 12:29:10
204895,99439,5598,1,Histórico Evolvy,pending,snoozed,2024-07-01 12:32:08
204897,99441,5598,1,Histórico Evolvy,pending,snoozed,2024-07-01 12:38:06
204901,99447,5598,1,Histórico Evolvy,pending,snoozed,2024-07-01 13:04:22
204903,99449,5598,1,Histórico Evolvy,pending,snoozed,2024-07-01 13:07:06
204905,99455,5598,1,Histórico Evolvy,pending,snoozed,2024-07-01 13:31:35
204909,99463,5598,1,Histórico Evolvy,pending,snoozed,2024-07-01 14:18:06
204915,99480,5598,1,Histórico Evolvy,pending,snoozed,2024-07-01 15:43:09
204920,99491,5598,1,Histórico Evolvy,pending,snoozed,2024-07-01 16:14:12
204921,99493,5598,1,Histórico Evolvy,pending,snoozed,2024-07-01 16:19:07
204924,99502,5598,1,Histórico Evolvy,pending,snoozed,2024-07-01 16:45:06
204925,99504,5598,1,Histórico Evolvy,pending,snoozed,2024-07-01 16:52:05
204928,99514,5598,1,Histórico Evolvy,pending,snoozed,2024-07-01 17:35:07
204933,99525,5598,1,Histórico Evolvy,pending,snoozed,2024-07-01 17:58:07
204947,99545,5598,1,Histórico Evolvy,pending,snoozed,2024-07-01 18:49:14
204952,99553,5598,1,Histórico Evolvy,pending,snoozed,2024-07-01 19:04:06
204954,99559,5598,1,Histórico Evolvy,pending,snoozed,2024-07-01 19:21:08
204959,99572,5598,1,Histórico Evolvy,pending,snoozed,2024-07-01 19:59:07
204960,99573,5598,1,Histórico Evolvy,pending,snoozed,2024-07-01 20:03:05
204962,99580,5598,1,Histórico Evolvy,pending,snoozed,2024-07-01 20:32:05
204963,99582,5598,1,Histórico Evolvy,pending,snoozed,2024-07-01 20:38:05
204967,99593,5598,1,Histórico Evolvy,pending,snoozed,2024-07-01 21:14:06
204969,99601,5598,1,Histórico Evolvy,pending,snoozed,2024-07-01 21:36:07
204970,99602,5598,1,Histórico Evolvy,pending,snoozed,2024-07-01 21:37:05
204971,99603,5598,1,Histórico Evolvy,pending,snoozed,2024-07-01 21:52:06
204974,99613,5598,1,Histórico Evolvy,pending,snoozed,2024-07-01 22:35:07
204979,99619,5598,1,Histórico Evolvy,pending,snoozed,2024-07-01 22:55:06
204981,99622,5598,1,Histórico Evolvy,pending,snoozed,2024-07-01 23:00:09
204982,99624,5598,1,Histórico Evolvy,pending,snoozed,2024-07-01 23:01:06
204984,99627,5598,1,Histórico Evolvy,pending,snoozed,2024-07-01 23:17:06
204985,99632,5598,1,Histórico Evolvy,pending,snoozed,2024-07-01 23:34:06
204986,99633,5598,1,Histórico Evolvy,pending,snoozed,2024-07-01 23:40:06
204989,99646,5598,1,Histórico Evolvy,pending,snoozed,2024-07-02 00:05:05
204995,99656,5598,1,Histórico Evolvy,pending,snoozed,2024-07-02 00:44:05
204998,99662,5598,1,Histórico Evolvy,pending,snoozed,2024-07-02 01:01:09
205001,99668,5598,1,Histórico Evolvy,pending,snoozed,2024-07-02 01:15:10
205004,99672,5598,1,Histórico Evolvy,pending,snoozed,2024-07-02 01:29:08
205005,99675,5598,1,Histórico Evolvy,pending,snoozed,2024-07-02 01:35:06
205006,99676,5598,1,Histórico Evolvy,pending,snoozed,2024-07-02 01:37:05
205007,99677,5598,1,Histórico Evolvy,pending,snoozed,2024-07-02 01:38:06
205009,99682,5598,1,Histórico Evolvy,pending,snoozed,2024-07-02 02:03:06
205010,99684,5598,1,Histórico Evolvy,pending,snoozed,2024-07-02 02:28:07
205011,99686,5598,1,Histórico Evolvy,pending,snoozed,2024-07-02 02:28:13
205012,99688,5598,1,Histórico Evolvy,pending,snoozed,2024-07-02 02:30:06
205015,99695,5598,1,Histórico Evolvy,pending,snoozed,2024-07-02 03:06:04
205016,99696,5598,1,Histórico Evolvy,pending,snoozed,2024-07-02 03:14:06
205018,99703,5598,1,Histórico Evolvy,pending,snoozed,2024-07-02 04:13:04
205020,99708,5598,1,Histórico Evolvy,pending,snoozed,2024-07-02 06:52:05
205021,99709,5598,1,Histórico Evolvy,pending,snoozed,2024-07-02 06:56:07
205022,99710,5598,1,Histórico Evolvy,pending,snoozed,2024-07-02 06:56:13
205024,99713,5598,1,Histórico Evolvy,pending,snoozed,2024-07-02 07:53:04
205025,99714,5598,1,Histórico Evolvy,pending,snoozed,2024-07-02 08:35:07
205027,99717,5598,1,Histórico Evolvy,pending,snoozed,2024-07-02 08:42:05
205029,99719,5598,1,Histórico Evolvy,pending,snoozed,2024-07-02 09:07:05
205030,99721,5598,1,Histórico Evolvy,pending,snoozed,2024-07-02 09:16:06
205031,99723,5598,1,Histórico Evolvy,pending,snoozed,2024-07-02 09:20:16
205034,99731,5598,1,Histórico Evolvy,pending,snoozed,2024-07-02 09:49:04
205037,99735,5598,1,Histórico Evolvy,pending,snoozed,2024-07-02 10:03:06
205038,99736,5598,1,Histórico Evolvy,pending,snoozed,2024-07-02 10:05:07
205040,99738,5598,1,Histórico Evolvy,pending,snoozed,2024-07-02 10:29:06
205041,99739,5598,1,Histórico Evolvy,pending,snoozed,2024-07-02 10:37:07
205042,99741,5598,1,Histórico Evolvy,pending,snoozed,2024-07-02 10:50:07
205043,99743,5598,1,Histórico Evolvy,pending,snoozed,2024-07-02 10:56:06
205046,99750,5598,1,Histórico Evolvy,pending,snoozed,2024-07-02 11:25:06
205047,99752,5598,1,Histórico Evolvy,pending,snoozed,2024-07-02 11:30:05
205048,99755,5598,1,Histórico Evolvy,pending,snoozed,2024-07-02 11:31:08
205051,99762,5598,1,Histórico Evolvy,pending,snoozed,2024-07-02 11:48:07
205054,99769,5598,1,Histórico Evolvy,pending,snoozed,2024-07-02 12:13:04
205056,99774,5598,1,Histórico Evolvy,pending,snoozed,2024-07-02 12:27:11
205058,99786,5598,1,Histórico Evolvy,pending,snoozed,2024-07-02 12:54:07
215400,99787,5599,1,Histórico Evolvy,pending,snoozed,2024-07-02 12:54:56
205065,99804,5598,1,Histórico Evolvy,pending,snoozed,2024-07-02 13:29:06
205066,99808,5598,1,Histórico Evolvy,pending,snoozed,2024-07-02 13:37:10
205067,99811,5598,1,Histórico Evolvy,pending,snoozed,2024-07-02 13:46:05
205068,99812,5598,1,Histórico Evolvy,pending,snoozed,2024-07-02 13:51:05
205069,99816,5598,1,Histórico Evolvy,pending,snoozed,2024-07-02 13:57:06
205071,99832,5598,1,Histórico Evolvy,pending,snoozed,2024-07-02 14:15:07
205073,99839,5598,1,Histórico Evolvy,pending,snoozed,2024-07-02 14:35:05
205075,99843,5598,1,Histórico Evolvy,pending,snoozed,2024-07-02 14:50:07
205077,99845,5598,1,Histórico Evolvy,pending,snoozed,2024-07-02 14:59:06
205079,99848,5598,1,Histórico Evolvy,pending,snoozed,2024-07-02 15:04:07
205081,99852,5598,1,Histórico Evolvy,pending,snoozed,2024-07-02 15:10:21
205082,99855,5598,1,Histórico Evolvy,pending,snoozed,2024-07-02 15:19:06
205083,99856,5598,1,Histórico Evolvy,pending,snoozed,2024-07-02 15:21:05
205088,99864,5598,1,Histórico Evolvy,pending,snoozed,2024-07-02 15:48:06
205089,99867,5598,1,Histórico Evolvy,pending,snoozed,2024-07-02 15:57:09
205090,99868,5598,1,Histórico Evolvy,pending,snoozed,2024-07-02 16:02:04
205092,99870,5598,1,Histórico Evolvy,pending,snoozed,2024-07-02 16:07:06
205094,99878,5598,1,Histórico Evolvy,pending,snoozed,2024-07-02 16:28:08
205095,99879,5598,1,Histórico Evolvy,pending,snoozed,2024-07-02 16:33:06
205097,99885,5598,1,Histórico Evolvy,pending,snoozed,2024-07-02 16:58:15
205121,99951,5598,1,Histórico Evolvy,pending,snoozed,2024-07-02 23:44:23
205122,99952,5598,1,Histórico Evolvy,pending,snoozed,2024-07-02 23:44:26
205123,99953,5598,1,Histórico Evolvy,pending,snoozed,2024-07-02 23:44:29
205124,99954,5598,1,Histórico Evolvy,pending,snoozed,2024-07-02 23:44:37
205126,99956,5598,1,Histórico Evolvy,pending,snoozed,2024-07-02 23:47:41
205127,99957,5598,1,Histórico Evolvy,pending,snoozed,2024-07-02 23:47:44
205129,99959,5598,1,Histórico Evolvy,pending,snoozed,2024-07-02 23:48:23
205130,99960,5598,1,Histórico Evolvy,pending,snoozed,2024-07-02 23:48:28
205132,99962,5598,1,Histórico Evolvy,pending,snoozed,2024-07-02 23:53:01
205134,99964,5598,1,Histórico Evolvy,pending,snoozed,2024-07-02 23:55:20
205135,99966,5598,1,Histórico Evolvy,pending,snoozed,2024-07-02 23:57:48
205136,99968,5598,1,Histórico Evolvy,pending,snoozed,2024-07-02 23:57:59
205138,99970,5598,1,Histórico Evolvy,pending,snoozed,2024-07-02 23:58:23
205140,99972,5598,1,Histórico Evolvy,pending,snoozed,2024-07-02 23:58:53
205141,99973,5598,1,Histórico Evolvy,pending,snoozed,2024-07-02 23:59:02
205142,99974,5598,1,Histórico Evolvy,pending,snoozed,2024-07-02 23:59:12
205143,99975,5598,1,Histórico Evolvy,pending,snoozed,2024-07-02 23:59:22
205145,99980,5598,1,Histórico Evolvy,pending,snoozed,2024-07-02 23:59:41
205148,99983,5598,1,Histórico Evolvy,pending,snoozed,2024-07-03 00:00:11
205151,99986,5598,1,Histórico Evolvy,pending,snoozed,2024-07-03 00:00:41
205153,99989,5598,1,Histórico Evolvy,pending,snoozed,2024-07-03 00:01:01
122801,100006,5598,1,Histórico Evolvy,pending,snoozed,2024-07-03 00:16:47
122803,100008,5598,1,Histórico Evolvy,pending,snoozed,2024-07-03 00:17:05
122804,100009,5598,1,Histórico Evolvy,pending,snoozed,2024-07-03 00:17:14
122805,100010,5598,1,Histórico Evolvy,pending,snoozed,2024-07-03 00:17:23
122806,100011,5598,1,Histórico Evolvy,pending,snoozed,2024-07-03 00:17:33
122807,100012,5598,1,Histórico Evolvy,pending,snoozed,2024-07-03 00:27:18
122808,100013,5598,1,Histórico Evolvy,pending,snoozed,2024-07-03 00:35:07
122810,100027,5598,1,Histórico Evolvy,pending,snoozed,2024-07-03 02:41:07
122811,100030,5598,1,Histórico Evolvy,pending,snoozed,2024-07-03 03:33:05
122813,100037,5598,1,Histórico Evolvy,pending,snoozed,2024-07-03 05:56:05
122816,100051,5598,1,Histórico Evolvy,pending,snoozed,2024-07-03 10:31:05
122818,100054,5598,1,Histórico Evolvy,pending,snoozed,2024-07-03 10:52:08
122819,100061,5598,1,Histórico Evolvy,pending,snoozed,2024-07-03 11:29:06
122820,100078,5598,1,Histórico Evolvy,pending,snoozed,2024-07-03 12:56:09
122841,100131,5598,1,Histórico Evolvy,pending,snoozed,2024-07-03 17:10:10
122842,100132,5598,1,Histórico Evolvy,pending,snoozed,2024-07-03 17:19:05
122847,100141,5598,1,Histórico Evolvy,pending,snoozed,2024-07-03 17:30:06
122874,100182,5598,1,Histórico Evolvy,pending,snoozed,2024-07-03 18:29:05
122877,100186,5598,1,Histórico Evolvy,pending,snoozed,2024-07-03 18:53:06
122878,100188,5598,1,Histórico Evolvy,pending,snoozed,2024-07-03 18:54:06
122879,100189,5598,1,Histórico Evolvy,pending,snoozed,2024-07-03 18:59:07
122881,100191,5598,1,Histórico Evolvy,pending,snoozed,2024-07-03 19:16:06
122887,100199,5598,1,Histórico Evolvy,pending,snoozed,2024-07-03 19:44:05
122890,100203,5598,1,Histórico Evolvy,pending,snoozed,2024-07-03 19:52:06
122893,100206,5598,1,Histórico Evolvy,pending,snoozed,2024-07-03 20:04:06
122895,100211,5598,1,Histórico Evolvy,pending,snoozed,2024-07-03 20:11:05
122904,100228,5598,1,Histórico Evolvy,pending,snoozed,2024-07-03 20:43:07
122905,100233,5598,1,Histórico Evolvy,pending,snoozed,2024-07-03 20:51:07
122909,100238,5598,1,Histórico Evolvy,pending,snoozed,2024-07-03 20:59:07
122910,100241,5598,1,Histórico Evolvy,pending,snoozed,2024-07-03 21:12:07
122911,100242,5598,1,Histórico Evolvy,pending,snoozed,2024-07-03 21:13:07
122912,100243,5598,1,Histórico Evolvy,pending,snoozed,2024-07-03 21:13:14
122918,100250,5598,1,Histórico Evolvy,pending,snoozed,2024-07-03 21:36:06
122919,100251,5598,1,Histórico Evolvy,pending,snoozed,2024-07-03 21:38:05
122920,100255,5598,1,Histórico Evolvy,pending,snoozed,2024-07-03 21:47:07
122921,100256,5598,1,Histórico Evolvy,pending,snoozed,2024-07-03 21:48:06
122922,100257,5598,1,Histórico Evolvy,pending,snoozed,2024-07-03 22:01:07
122923,100258,5598,1,Histórico Evolvy,pending,snoozed,2024-07-03 22:09:07
122927,100263,5598,1,Histórico Evolvy,pending,snoozed,2024-07-03 22:22:07
122928,100266,5598,1,Histórico Evolvy,pending,snoozed,2024-07-03 22:29:08
122930,100268,5598,1,Histórico Evolvy,pending,snoozed,2024-07-03 22:32:06
122931,100270,5598,1,Histórico Evolvy,pending,snoozed,2024-07-03 22:37:05
122934,100274,5598,1,Histórico Evolvy,pending,snoozed,2024-07-03 22:47:06
122936,100276,5598,1,Histórico Evolvy,pending,snoozed,2024-07-03 23:07:06
122939,100280,5598,1,Histórico Evolvy,pending,snoozed,2024-07-03 23:15:06
122940,100281,5598,1,Histórico Evolvy,pending,snoozed,2024-07-03 23:29:05
122942,100285,5598,1,Histórico Evolvy,pending,snoozed,2024-07-03 23:43:05
122943,100287,5598,1,Histórico Evolvy,pending,snoozed,2024-07-03 23:55:09
122944,100288,5598,1,Histórico Evolvy,pending,snoozed,2024-07-04 00:04:06
122945,100289,5598,1,Histórico Evolvy,pending,snoozed,2024-07-04 00:06:06
122946,100291,5598,1,Histórico Evolvy,pending,snoozed,2024-07-04 00:19:07
122947,100295,5598,1,Histórico Evolvy,pending,snoozed,2024-07-04 00:26:06
122948,100297,5598,1,Histórico Evolvy,pending,snoozed,2024-07-04 00:35:07
122949,100299,5598,1,Histórico Evolvy,pending,snoozed,2024-07-04 00:37:06
122950,100300,5598,1,Histórico Evolvy,pending,snoozed,2024-07-04 00:37:10
122951,100302,5598,1,Histórico Evolvy,pending,snoozed,2024-07-04 00:57:05
122953,100304,5598,1,Histórico Evolvy,pending,snoozed,2024-07-04 01:00:12
122954,100305,5598,1,Histórico Evolvy,pending,snoozed,2024-07-04 01:00:15
122955,100306,5598,1,Histórico Evolvy,pending,snoozed,2024-07-04 01:02:06
122957,100310,5598,1,Histórico Evolvy,pending,snoozed,2024-07-04 01:09:08
122958,100311,5598,1,Histórico Evolvy,pending,snoozed,2024-07-04 01:12:07
122959,100312,5598,1,Histórico Evolvy,pending,snoozed,2024-07-04 01:18:07
122961,100315,5598,1,Histórico Evolvy,pending,snoozed,2024-07-04 01:21:06
122962,100318,5598,1,Histórico Evolvy,pending,snoozed,2024-07-04 01:29:07
122963,100319,5598,1,Histórico Evolvy,pending,snoozed,2024-07-04 01:29:10
122964,100320,5598,1,Histórico Evolvy,pending,snoozed,2024-07-04 01:31:06
122966,100323,5598,1,Histórico Evolvy,pending,snoozed,2024-07-04 01:37:05
122967,100324,5598,1,Histórico Evolvy,pending,snoozed,2024-07-04 01:40:12
122968,100327,5598,1,Histórico Evolvy,pending,snoozed,2024-07-04 01:58:05
122969,100330,5598,1,Histórico Evolvy,pending,snoozed,2024-07-04 02:26:05
122970,100331,5598,1,Histórico Evolvy,pending,snoozed,2024-07-04 02:31:08
122972,100333,5598,1,Histórico Evolvy,pending,snoozed,2024-07-04 02:36:06
122974,100335,5598,1,Histórico Evolvy,pending,snoozed,2024-07-04 02:42:07
122977,100342,5598,1,Histórico Evolvy,pending,snoozed,2024-07-04 02:55:10
122978,100349,5598,1,Histórico Evolvy,pending,snoozed,2024-07-04 03:45:06
122979,100350,5598,1,Histórico Evolvy,pending,snoozed,2024-07-04 03:52:06
122980,100351,5598,1,Histórico Evolvy,pending,snoozed,2024-07-04 04:25:06
122984,100355,5598,1,Histórico Evolvy,pending,snoozed,2024-07-04 07:29:07
122987,100360,5598,1,Histórico Evolvy,pending,snoozed,2024-07-04 08:37:06
122988,100362,5598,1,Histórico Evolvy,pending,snoozed,2024-07-04 08:58:07
122990,100364,5598,1,Histórico Evolvy,pending,snoozed,2024-07-04 09:26:06
122992,100366,5598,1,Histórico Evolvy,pending,snoozed,2024-07-04 09:33:07
122994,100374,5598,1,Histórico Evolvy,pending,snoozed,2024-07-04 09:58:06
122997,100379,5598,1,Histórico Evolvy,pending,snoozed,2024-07-04 10:13:06
122999,100381,5598,1,Histórico Evolvy,pending,snoozed,2024-07-04 10:25:06
123000,100383,5598,1,Histórico Evolvy,pending,snoozed,2024-07-04 10:35:07
123001,100386,5598,1,Histórico Evolvy,pending,snoozed,2024-07-04 10:46:08
123002,100387,5598,1,Histórico Evolvy,pending,snoozed,2024-07-04 10:49:06
123004,100395,5598,1,Histórico Evolvy,pending,snoozed,2024-07-04 11:11:10
123005,100396,5598,1,Histórico Evolvy,pending,snoozed,2024-07-04 11:16:07
123006,100398,5598,1,Histórico Evolvy,pending,snoozed,2024-07-04 11:19:07
123009,100402,5598,1,Histórico Evolvy,pending,snoozed,2024-07-04 11:34:05
123010,100403,5598,1,Histórico Evolvy,pending,snoozed,2024-07-04 11:36:07
123011,100404,5598,1,Histórico Evolvy,pending,snoozed,2024-07-04 11:38:06
123014,100407,5598,1,Histórico Evolvy,pending,snoozed,2024-07-04 11:41:21
123015,100410,5598,1,Histórico Evolvy,pending,snoozed,2024-07-04 12:04:06
123023,100423,5598,1,Histórico Evolvy,pending,snoozed,2024-07-04 12:39:06
123024,100424,5598,1,Histórico Evolvy,pending,snoozed,2024-07-04 12:40:06
123025,100425,5598,1,Histórico Evolvy,pending,snoozed,2024-07-04 12:41:07
123028,100429,5598,1,Histórico Evolvy,pending,snoozed,2024-07-04 12:54:05
123030,100432,5598,1,Histórico Evolvy,pending,snoozed,2024-07-04 13:09:07
123031,100435,5598,1,Histórico Evolvy,pending,snoozed,2024-07-04 13:18:07
123036,100452,5598,1,Histórico Evolvy,pending,snoozed,2024-07-04 13:43:06
123038,100455,5598,1,Histórico Evolvy,pending,snoozed,2024-07-04 13:54:05
123039,100456,5598,1,Histórico Evolvy,pending,snoozed,2024-07-04 13:57:07
123040,100458,5598,1,Histórico Evolvy,pending,snoozed,2024-07-04 13:59:07
123042,100466,5598,1,Histórico Evolvy,pending,snoozed,2024-07-04 14:25:08
123044,100468,5598,1,Histórico Evolvy,pending,snoozed,2024-07-04 14:39:07
123050,100484,5598,1,Histórico Evolvy,pending,snoozed,2024-07-04 15:05:06
123053,100487,5598,1,Histórico Evolvy,pending,snoozed,2024-07-04 15:12:06
123056,100497,5598,1,Histórico Evolvy,pending,snoozed,2024-07-04 15:34:07
123058,100500,5598,1,Histórico Evolvy,pending,snoozed,2024-07-04 15:57:07
123066,100513,5598,1,Histórico Evolvy,pending,snoozed,2024-07-04 16:27:05
123068,100518,5598,1,Histórico Evolvy,pending,snoozed,2024-07-04 16:50:06
123069,100519,5598,1,Histórico Evolvy,pending,snoozed,2024-07-04 16:52:11
123070,100520,5598,1,Histórico Evolvy,pending,snoozed,2024-07-04 16:53:08
123076,100529,5598,1,Histórico Evolvy,pending,snoozed,2024-07-04 17:11:06
123109,100573,5598,1,Histórico Evolvy,pending,snoozed,2024-07-04 18:43:09
123110,100575,5598,1,Histórico Evolvy,pending,snoozed,2024-07-04 18:48:06
123111,100576,5598,1,Histórico Evolvy,pending,snoozed,2024-07-04 18:48:14
123113,100580,5598,1,Histórico Evolvy,pending,snoozed,2024-07-04 19:00:08
123125,100596,5598,1,Histórico Evolvy,pending,snoozed,2024-07-04 19:38:07
123126,100598,5598,1,Histórico Evolvy,pending,snoozed,2024-07-04 19:47:06
123127,100599,5598,1,Histórico Evolvy,pending,snoozed,2024-07-04 19:47:09
123129,100604,5598,1,Histórico Evolvy,pending,snoozed,2024-07-04 20:10:05
123131,100607,5598,1,Histórico Evolvy,pending,snoozed,2024-07-04 20:20:07
123133,100609,5598,1,Histórico Evolvy,pending,snoozed,2024-07-04 20:23:08
123134,100610,5598,1,Histórico Evolvy,pending,snoozed,2024-07-04 20:28:06
123138,100616,5598,1,Histórico Evolvy,pending,snoozed,2024-07-04 20:51:06
123140,100618,5598,1,Histórico Evolvy,pending,snoozed,2024-07-04 20:57:09
123146,100631,5598,1,Histórico Evolvy,pending,snoozed,2024-07-04 21:28:05
123148,100633,5598,1,Histórico Evolvy,pending,snoozed,2024-07-04 21:39:06
123149,100634,5598,1,Histórico Evolvy,pending,snoozed,2024-07-04 21:39:09
123150,100635,5598,1,Histórico Evolvy,pending,snoozed,2024-07-04 21:40:11
123151,100637,5598,1,Histórico Evolvy,pending,snoozed,2024-07-04 21:47:05
123154,100642,5598,1,Histórico Evolvy,pending,snoozed,2024-07-04 22:28:07
123156,100644,5598,1,Histórico Evolvy,pending,snoozed,2024-07-04 22:54:05
123157,100646,5598,1,Histórico Evolvy,pending,snoozed,2024-07-04 22:56:05
123158,100647,5598,1,Histórico Evolvy,pending,snoozed,2024-07-04 23:08:06
123159,100649,5598,1,Histórico Evolvy,pending,snoozed,2024-07-04 23:21:05
123160,100650,5598,1,Histórico Evolvy,pending,snoozed,2024-07-04 23:27:05
123162,100652,5598,1,Histórico Evolvy,pending,snoozed,2024-07-04 23:46:08
123163,100653,5598,1,Histórico Evolvy,pending,snoozed,2024-07-04 23:47:05
123164,100654,5598,1,Histórico Evolvy,pending,snoozed,2024-07-04 23:52:06
123165,100657,5598,1,Histórico Evolvy,pending,snoozed,2024-07-05 00:13:06
123167,100659,5598,1,Histórico Evolvy,pending,snoozed,2024-07-05 00:19:06
123168,100660,5598,1,Histórico Evolvy,pending,snoozed,2024-07-05 00:27:06
123173,100673,5598,1,Histórico Evolvy,pending,snoozed,2024-07-05 01:32:07
123176,100681,5598,1,Histórico Evolvy,pending,snoozed,2024-07-05 02:06:07
123177,100683,5598,1,Histórico Evolvy,pending,snoozed,2024-07-05 02:11:09
123179,100686,5598,1,Histórico Evolvy,pending,snoozed,2024-07-05 02:22:07
123180,100687,5598,1,Histórico Evolvy,pending,snoozed,2024-07-05 02:27:06
123182,100692,5598,1,Histórico Evolvy,pending,snoozed,2024-07-05 03:21:06
123183,100693,5598,1,Histórico Evolvy,pending,snoozed,2024-07-05 03:22:10
123184,100697,5598,1,Histórico Evolvy,pending,snoozed,2024-07-05 05:56:06
123187,100706,5598,1,Histórico Evolvy,pending,snoozed,2024-07-05 09:13:06
123190,100716,5598,1,Histórico Evolvy,pending,snoozed,2024-07-05 09:57:08
123191,100717,5598,1,Histórico Evolvy,pending,snoozed,2024-07-05 10:01:08
123192,100718,5598,1,Histórico Evolvy,pending,snoozed,2024-07-05 10:09:08
123196,100723,5598,1,Histórico Evolvy,pending,snoozed,2024-07-05 10:30:08
123198,100727,5598,1,Histórico Evolvy,pending,snoozed,2024-07-05 10:33:07
123199,100729,5598,1,Histórico Evolvy,pending,snoozed,2024-07-05 10:34:08
123202,100732,5598,1,Histórico Evolvy,pending,snoozed,2024-07-05 10:49:06
123203,100734,5598,1,Histórico Evolvy,pending,snoozed,2024-07-05 10:54:08
123206,100738,5598,1,Histórico Evolvy,pending,snoozed,2024-07-05 11:24:07
123207,100740,5598,1,Histórico Evolvy,pending,snoozed,2024-07-05 11:28:09
123208,100743,5598,1,Histórico Evolvy,pending,snoozed,2024-07-05 11:39:09
123209,100746,5598,1,Histórico Evolvy,pending,snoozed,2024-07-05 11:59:07
123213,100754,5598,1,Histórico Evolvy,pending,snoozed,2024-07-05 12:35:19
123219,100763,5598,1,Histórico Evolvy,pending,snoozed,2024-07-05 12:46:08
123242,100797,5598,1,Histórico Evolvy,pending,snoozed,2024-07-05 13:39:05
123258,100816,5598,1,Histórico Evolvy,pending,snoozed,2024-07-05 14:03:05
123259,100817,5598,1,Histórico Evolvy,pending,snoozed,2024-07-05 14:04:06
123265,100826,5598,1,Histórico Evolvy,pending,snoozed,2024-07-05 14:29:06
123266,100829,5598,1,Histórico Evolvy,pending,snoozed,2024-07-05 14:34:08
123267,100830,5598,1,Histórico Evolvy,pending,snoozed,2024-07-05 14:34:18
123268,100834,5598,1,Histórico Evolvy,pending,snoozed,2024-07-05 14:51:07
123269,100844,5598,1,Histórico Evolvy,pending,snoozed,2024-07-05 14:57:08
123271,100846,5598,1,Histórico Evolvy,pending,snoozed,2024-07-05 15:07:11
123272,100847,5598,1,Histórico Evolvy,pending,snoozed,2024-07-05 15:16:05
123273,100850,5598,1,Histórico Evolvy,pending,snoozed,2024-07-05 15:30:06
123274,100852,5598,1,Histórico Evolvy,pending,snoozed,2024-07-05 15:41:06
123275,100855,5598,1,Histórico Evolvy,pending,snoozed,2024-07-05 15:49:07
123277,100859,5598,1,Histórico Evolvy,pending,snoozed,2024-07-05 16:05:09
123278,100860,5598,1,Histórico Evolvy,pending,snoozed,2024-07-05 16:13:06
123292,100877,5598,1,Histórico Evolvy,pending,snoozed,2024-07-05 16:55:07
124309,100884,5598,1,Histórico Evolvy,pending,snoozed,2024-07-05 17:15:05
124310,100885,5598,1,Histórico Evolvy,pending,snoozed,2024-07-05 17:16:05
124323,100906,5598,1,Histórico Evolvy,pending,snoozed,2024-07-05 18:19:09
124327,100912,5598,1,Histórico Evolvy,pending,snoozed,2024-07-05 18:45:06
124329,100915,5598,1,Histórico Evolvy,pending,snoozed,2024-07-05 18:57:06
124331,100917,5598,1,Histórico Evolvy,pending,snoozed,2024-07-05 19:03:06
124334,100924,5598,1,Histórico Evolvy,pending,snoozed,2024-07-05 19:21:05
124337,100927,5598,1,Histórico Evolvy,pending,snoozed,2024-07-05 19:23:05
124338,100931,5598,1,Histórico Evolvy,pending,snoozed,2024-07-05 19:36:09
124341,100935,5598,1,Histórico Evolvy,pending,snoozed,2024-07-05 19:46:06
124343,100938,5598,1,Histórico Evolvy,pending,snoozed,2024-07-05 20:05:06
124344,100940,5598,1,Histórico Evolvy,pending,snoozed,2024-07-05 20:11:05
124362,100969,5598,1,Histórico Evolvy,pending,snoozed,2024-07-05 21:47:05
124364,100971,5598,1,Histórico Evolvy,pending,snoozed,2024-07-05 21:56:05
124365,100976,5598,1,Histórico Evolvy,pending,snoozed,2024-07-05 22:33:07
124366,100977,5598,1,Histórico Evolvy,pending,snoozed,2024-07-05 22:34:06
124369,100984,5598,1,Histórico Evolvy,pending,snoozed,2024-07-05 23:02:07
124370,100987,5598,1,Histórico Evolvy,pending,snoozed,2024-07-05 23:07:08
124371,100991,5598,1,Histórico Evolvy,pending,snoozed,2024-07-05 23:21:07
124374,101001,5598,1,Histórico Evolvy,pending,snoozed,2024-07-05 23:51:07
124377,101010,5598,1,Histórico Evolvy,pending,snoozed,2024-07-06 00:49:06
124380,101014,5598,1,Histórico Evolvy,pending,snoozed,2024-07-06 01:09:08
124382,101018,5598,1,Histórico Evolvy,pending,snoozed,2024-07-06 01:49:06
124383,101020,5598,1,Histórico Evolvy,pending,snoozed,2024-07-06 02:00:13
124384,101021,5598,1,Histórico Evolvy,pending,snoozed,2024-07-06 02:04:06
124385,101023,5598,1,Histórico Evolvy,pending,snoozed,2024-07-06 02:20:08
124386,101026,5598,1,Histórico Evolvy,pending,snoozed,2024-07-06 02:41:08
124389,101031,5598,1,Histórico Evolvy,pending,snoozed,2024-07-06 03:48:05
124390,101032,5598,1,Histórico Evolvy,pending,snoozed,2024-07-06 04:22:06
124391,101034,5598,1,Histórico Evolvy,pending,snoozed,2024-07-06 05:18:06
124392,101036,5598,1,Histórico Evolvy,pending,snoozed,2024-07-06 06:22:06
124394,101039,5598,1,Histórico Evolvy,pending,snoozed,2024-07-06 07:38:07
124396,101044,5598,1,Histórico Evolvy,pending,snoozed,2024-07-06 08:46:06
124397,101046,5598,1,Histórico Evolvy,pending,snoozed,2024-07-06 08:54:06
124399,101048,5598,1,Histórico Evolvy,pending,snoozed,2024-07-06 09:22:05
124400,101059,5598,1,Histórico Evolvy,pending,snoozed,2024-07-06 09:56:06
124404,101068,5598,1,Histórico Evolvy,pending,snoozed,2024-07-06 10:50:07
124406,101071,5598,1,Histórico Evolvy,pending,snoozed,2024-07-06 11:04:07
124408,101075,5598,1,Histórico Evolvy,pending,snoozed,2024-07-06 11:11:08
124409,101077,5598,1,Histórico Evolvy,pending,snoozed,2024-07-06 11:15:05
124410,101078,5598,1,Histórico Evolvy,pending,snoozed,2024-07-06 11:17:04
124411,101079,5598,1,Histórico Evolvy,pending,snoozed,2024-07-06 11:23:04
124412,101081,5598,1,Histórico Evolvy,pending,snoozed,2024-07-06 11:30:06
124414,101083,5598,1,Histórico Evolvy,pending,snoozed,2024-07-06 11:38:09
124415,101084,5598,1,Histórico Evolvy,pending,snoozed,2024-07-06 11:42:08
124417,101090,5598,1,Histórico Evolvy,pending,snoozed,2024-07-06 11:54:07
124418,101092,5598,1,Histórico Evolvy,pending,snoozed,2024-07-06 11:55:07
124420,101096,5598,1,Histórico Evolvy,pending,snoozed,2024-07-06 12:01:07
124425,101101,5598,1,Histórico Evolvy,pending,snoozed,2024-07-06 12:06:14
124430,101114,5598,1,Histórico Evolvy,pending,snoozed,2024-07-06 12:28:05
124432,101116,5598,1,Histórico Evolvy,pending,snoozed,2024-07-06 12:45:07
124434,101119,5598,1,Histórico Evolvy,pending,snoozed,2024-07-06 12:49:06
124437,101125,5598,1,Histórico Evolvy,pending,snoozed,2024-07-06 12:57:06
124438,101127,5598,1,Histórico Evolvy,pending,snoozed,2024-07-06 13:02:07
124439,101128,5598,1,Histórico Evolvy,pending,snoozed,2024-07-06 13:05:07
124440,101129,5598,1,Histórico Evolvy,pending,snoozed,2024-07-06 13:07:08
124441,101130,5598,1,Histórico Evolvy,pending,snoozed,2024-07-06 13:08:04
124442,101131,5598,1,Histórico Evolvy,pending,snoozed,2024-07-06 13:08:07
124444,101134,5598,1,Histórico Evolvy,pending,snoozed,2024-07-06 13:14:06
124446,101136,5598,1,Histórico Evolvy,pending,snoozed,2024-07-06 13:19:15
124447,101137,5598,1,Histórico Evolvy,pending,snoozed,2024-07-06 13:20:14
124448,101139,5598,1,Histórico Evolvy,pending,snoozed,2024-07-06 13:22:05
124449,101142,5598,1,Histórico Evolvy,pending,snoozed,2024-07-06 13:27:07
124450,101144,5598,1,Histórico Evolvy,pending,snoozed,2024-07-06 13:33:06
124451,101145,5598,1,Histórico Evolvy,pending,snoozed,2024-07-06 13:34:08
124454,101151,5598,1,Histórico Evolvy,pending,snoozed,2024-07-06 13:45:06
124456,101154,5598,1,Histórico Evolvy,pending,snoozed,2024-07-06 13:51:05
124459,101159,5598,1,Histórico Evolvy,pending,snoozed,2024-07-06 14:08:16
124460,101163,5598,1,Histórico Evolvy,pending,snoozed,2024-07-06 14:14:06
124461,101166,5598,1,Histórico Evolvy,pending,snoozed,2024-07-06 14:17:06
124463,101169,5598,1,Histórico Evolvy,pending,snoozed,2024-07-06 14:19:05
124464,101170,5598,1,Histórico Evolvy,pending,snoozed,2024-07-06 14:19:11
124471,101179,5598,1,Histórico Evolvy,pending,snoozed,2024-07-06 14:50:08
124475,101198,5598,1,Histórico Evolvy,pending,snoozed,2024-07-06 15:07:10
124476,101199,5598,1,Histórico Evolvy,pending,snoozed,2024-07-06 15:11:06
124478,101201,5598,1,Histórico Evolvy,pending,snoozed,2024-07-06 15:27:05
124481,101204,5598,1,Histórico Evolvy,pending,snoozed,2024-07-06 15:37:06
124482,101207,5598,1,Histórico Evolvy,pending,snoozed,2024-07-06 15:40:07
124483,101209,5598,1,Histórico Evolvy,pending,snoozed,2024-07-06 15:45:08
124486,101219,5598,1,Histórico Evolvy,pending,snoozed,2024-07-06 16:31:07
124488,101222,5598,1,Histórico Evolvy,pending,snoozed,2024-07-06 16:36:14
124489,101224,5598,1,Histórico Evolvy,pending,snoozed,2024-07-06 16:46:06
124490,101225,5598,1,Histórico Evolvy,pending,snoozed,2024-07-06 16:49:06
124493,101230,5598,1,Histórico Evolvy,pending,snoozed,2024-07-06 17:05:07
124494,101231,5598,1,Histórico Evolvy,pending,snoozed,2024-07-06 17:06:07
124495,101234,5598,1,Histórico Evolvy,pending,snoozed,2024-07-06 17:11:06
124497,101238,5598,1,Histórico Evolvy,pending,snoozed,2024-07-06 17:21:07
124499,101243,5598,1,Histórico Evolvy,pending,snoozed,2024-07-06 17:48:09
124500,101244,5598,1,Histórico Evolvy,pending,snoozed,2024-07-06 17:48:16
124501,101245,5598,1,Histórico Evolvy,pending,snoozed,2024-07-06 17:49:05
124503,101247,5598,1,Histórico Evolvy,pending,snoozed,2024-07-06 18:02:05
124504,101248,5598,1,Histórico Evolvy,pending,snoozed,2024-07-06 18:09:06
124506,101252,5598,1,Histórico Evolvy,pending,snoozed,2024-07-06 18:14:05
124510,101256,5598,1,Histórico Evolvy,pending,snoozed,2024-07-06 18:20:14
124511,101257,5598,1,Histórico Evolvy,pending,snoozed,2024-07-06 18:24:05
124512,101259,5598,1,Histórico Evolvy,pending,snoozed,2024-07-06 18:32:08
124513,101260,5598,1,Histórico Evolvy,pending,snoozed,2024-07-06 18:32:16
124514,101262,5598,1,Histórico Evolvy,pending,snoozed,2024-07-06 18:37:10
124516,101264,5598,1,Histórico Evolvy,pending,snoozed,2024-07-06 18:41:05
124517,101265,5598,1,Histórico Evolvy,pending,snoozed,2024-07-06 18:50:11
124519,101267,5598,1,Histórico Evolvy,pending,snoozed,2024-07-06 18:54:08
124520,101269,5598,1,Histórico Evolvy,pending,snoozed,2024-07-06 19:17:09
124526,101276,5598,1,Histórico Evolvy,pending,snoozed,2024-07-06 19:54:07
124527,101277,5598,1,Histórico Evolvy,pending,snoozed,2024-07-06 19:56:06
124529,101283,5598,1,Histórico Evolvy,pending,snoozed,2024-07-06 20:44:07
124530,101284,5598,1,Histórico Evolvy,pending,snoozed,2024-07-06 20:44:14
124531,101287,5598,1,Histórico Evolvy,pending,snoozed,2024-07-06 20:51:07
124532,101289,5598,1,Histórico Evolvy,pending,snoozed,2024-07-06 20:59:07
124533,101293,5598,1,Histórico Evolvy,pending,snoozed,2024-07-06 21:05:06
124535,101297,5598,1,Histórico Evolvy,pending,snoozed,2024-07-06 21:25:05
124537,101299,5598,1,Histórico Evolvy,pending,snoozed,2024-07-06 21:29:05
124539,101305,5598,1,Histórico Evolvy,pending,snoozed,2024-07-06 21:53:06
124540,101306,5598,1,Histórico Evolvy,pending,snoozed,2024-07-06 22:03:04
124543,101312,5598,1,Histórico Evolvy,pending,snoozed,2024-07-06 22:13:06
124545,101316,5598,1,Histórico Evolvy,pending,snoozed,2024-07-06 22:28:10
124546,101317,5598,1,Histórico Evolvy,pending,snoozed,2024-07-06 22:44:08
124550,101324,5598,1,Histórico Evolvy,pending,snoozed,2024-07-06 23:41:07
124552,101331,5598,1,Histórico Evolvy,pending,snoozed,2024-07-07 00:23:06
124553,101333,5598,1,Histórico Evolvy,pending,snoozed,2024-07-07 00:31:07
124554,101335,5598,1,Histórico Evolvy,pending,snoozed,2024-07-07 00:40:11
124556,101338,5598,1,Histórico Evolvy,pending,snoozed,2024-07-07 00:57:07
124557,101340,5598,1,Histórico Evolvy,pending,snoozed,2024-07-07 01:07:06
124558,101342,5598,1,Histórico Evolvy,pending,snoozed,2024-07-07 01:19:08
124559,101346,5598,1,Histórico Evolvy,pending,snoozed,2024-07-07 02:16:07
124560,101348,5598,1,Histórico Evolvy,pending,snoozed,2024-07-07 02:28:09
124561,101349,5598,1,Histórico Evolvy,pending,snoozed,2024-07-07 02:31:06
124562,101350,5598,1,Histórico Evolvy,pending,snoozed,2024-07-07 02:32:06
124563,101352,5598,1,Histórico Evolvy,pending,snoozed,2024-07-07 02:48:06
124564,101353,5598,1,Histórico Evolvy,pending,snoozed,2024-07-07 03:09:06
124566,101356,5598,1,Histórico Evolvy,pending,snoozed,2024-07-07 03:46:07
124567,101357,5598,1,Histórico Evolvy,pending,snoozed,2024-07-07 04:19:07
124570,101360,5598,1,Histórico Evolvy,pending,snoozed,2024-07-07 06:57:08
124571,101361,5598,1,Histórico Evolvy,pending,snoozed,2024-07-07 07:04:07
124572,101362,5598,1,Histórico Evolvy,pending,snoozed,2024-07-07 07:28:06
124573,101363,5598,1,Histórico Evolvy,pending,snoozed,2024-07-07 07:58:06
124574,101369,5598,1,Histórico Evolvy,pending,snoozed,2024-07-07 08:54:09
124577,101372,5598,1,Histórico Evolvy,pending,snoozed,2024-07-07 09:28:01
124578,101377,5598,1,Histórico Evolvy,pending,snoozed,2024-07-07 09:49:07
124579,101380,5598,1,Histórico Evolvy,pending,snoozed,2024-07-07 09:58:06
124580,101384,5598,1,Histórico Evolvy,pending,snoozed,2024-07-07 10:14:07
124582,101387,5598,1,Histórico Evolvy,pending,snoozed,2024-07-07 10:26:07
124583,101389,5598,1,Histórico Evolvy,pending,snoozed,2024-07-07 11:01:07
124586,101392,5598,1,Histórico Evolvy,pending,snoozed,2024-07-07 11:13:06
124587,101393,5598,1,Histórico Evolvy,pending,snoozed,2024-07-07 11:24:06
124591,101402,5598,1,Histórico Evolvy,pending,snoozed,2024-07-07 11:39:06
124592,101403,5598,1,Histórico Evolvy,pending,snoozed,2024-07-07 11:40:17
124598,101412,5598,1,Histórico Evolvy,pending,snoozed,2024-07-07 11:55:09
124601,101417,5598,1,Histórico Evolvy,pending,snoozed,2024-07-07 12:03:07
124602,101422,5598,1,Histórico Evolvy,pending,snoozed,2024-07-07 12:07:06
124603,101423,5598,1,Histórico Evolvy,pending,snoozed,2024-07-07 12:15:07
124604,101424,5598,1,Histórico Evolvy,pending,snoozed,2024-07-07 12:15:14
124607,101429,5598,1,Histórico Evolvy,pending,snoozed,2024-07-07 12:22:06
124609,101431,5598,1,Histórico Evolvy,pending,snoozed,2024-07-07 12:24:17
124610,101433,5598,1,Histórico Evolvy,pending,snoozed,2024-07-07 12:32:06
124611,101435,5598,1,Histórico Evolvy,pending,snoozed,2024-07-07 12:38:04
124612,101436,5598,1,Histórico Evolvy,pending,snoozed,2024-07-07 12:39:06
124615,101442,5598,1,Histórico Evolvy,pending,snoozed,2024-07-07 12:54:05
124616,101445,5598,1,Histórico Evolvy,pending,snoozed,2024-07-07 12:58:07
124617,101446,5598,1,Histórico Evolvy,pending,snoozed,2024-07-07 13:00:12
124622,101452,5598,1,Histórico Evolvy,pending,snoozed,2024-07-07 13:26:08
124625,101456,5598,1,Histórico Evolvy,pending,snoozed,2024-07-07 13:36:09
124629,101463,5598,1,Histórico Evolvy,pending,snoozed,2024-07-07 13:50:06
124631,101466,5598,1,Histórico Evolvy,pending,snoozed,2024-07-07 13:54:07
124632,101469,5598,1,Histórico Evolvy,pending,snoozed,2024-07-07 13:56:06
124634,101472,5598,1,Histórico Evolvy,pending,snoozed,2024-07-07 14:06:08
124635,101473,5598,1,Histórico Evolvy,pending,snoozed,2024-07-07 14:06:15
124637,101477,5598,1,Histórico Evolvy,pending,snoozed,2024-07-07 14:12:06
124638,101481,5598,1,Histórico Evolvy,pending,snoozed,2024-07-07 14:15:07
124639,101482,5598,1,Histórico Evolvy,pending,snoozed,2024-07-07 14:17:06
124642,101486,5598,1,Histórico Evolvy,pending,snoozed,2024-07-07 14:25:06
124644,101489,5598,1,Histórico Evolvy,pending,snoozed,2024-07-07 14:44:06
124645,101490,5598,1,Histórico Evolvy,pending,snoozed,2024-07-07 14:46:06
124646,101493,5598,1,Histórico Evolvy,pending,snoozed,2024-07-07 14:48:09
124647,101494,5598,1,Histórico Evolvy,pending,snoozed,2024-07-07 14:51:07
124648,101495,5598,1,Histórico Evolvy,pending,snoozed,2024-07-07 14:53:12
124650,101497,5598,1,Histórico Evolvy,pending,snoozed,2024-07-07 14:55:13
124652,101500,5598,1,Histórico Evolvy,pending,snoozed,2024-07-07 14:57:09
124656,101506,5598,1,Histórico Evolvy,pending,snoozed,2024-07-07 15:05:07
124658,101508,5598,1,Histórico Evolvy,pending,snoozed,2024-07-07 15:08:07
124660,101510,5598,1,Histórico Evolvy,pending,snoozed,2024-07-07 15:15:10
124664,101515,5598,1,Histórico Evolvy,pending,snoozed,2024-07-07 15:28:07
124665,101518,5598,1,Histórico Evolvy,pending,snoozed,2024-07-07 15:32:11
124668,101524,5598,1,Histórico Evolvy,pending,snoozed,2024-07-07 15:39:15
124670,101528,5598,1,Histórico Evolvy,pending,snoozed,2024-07-07 15:47:07
124674,101534,5598,1,Histórico Evolvy,pending,snoozed,2024-07-07 15:56:07
124675,101536,5598,1,Histórico Evolvy,pending,snoozed,2024-07-07 16:06:06
124677,101539,5598,1,Histórico Evolvy,pending,snoozed,2024-07-07 16:12:05
124680,101542,5598,1,Histórico Evolvy,pending,snoozed,2024-07-07 16:16:07
124686,101555,5598,1,Histórico Evolvy,pending,snoozed,2024-07-07 16:52:12
124689,101564,5598,1,Histórico Evolvy,pending,snoozed,2024-07-07 17:24:09
124692,101572,5598,1,Histórico Evolvy,pending,snoozed,2024-07-07 17:49:07
124693,101576,5598,1,Histórico Evolvy,pending,snoozed,2024-07-07 18:05:09
124694,101577,5598,1,Histórico Evolvy,pending,snoozed,2024-07-07 18:11:08
124695,101578,5598,1,Histórico Evolvy,pending,snoozed,2024-07-07 18:11:15
124696,101579,5598,1,Histórico Evolvy,pending,snoozed,2024-07-07 18:19:09
124698,101585,5598,1,Histórico Evolvy,pending,snoozed,2024-07-07 18:39:10
124701,101594,5598,1,Histórico Evolvy,pending,snoozed,2024-07-07 19:17:05
124702,101596,5598,1,Histórico Evolvy,pending,snoozed,2024-07-07 19:22:07
124703,101597,5598,1,Histórico Evolvy,pending,snoozed,2024-07-07 19:25:07
124704,101598,5598,1,Histórico Evolvy,pending,snoozed,2024-07-07 19:25:14
124708,101603,5598,1,Histórico Evolvy,pending,snoozed,2024-07-07 19:46:08
124709,101604,5598,1,Histórico Evolvy,pending,snoozed,2024-07-07 19:56:06
124712,101608,5598,1,Histórico Evolvy,pending,snoozed,2024-07-07 20:12:06
124713,101609,5598,1,Histórico Evolvy,pending,snoozed,2024-07-07 20:22:06
124715,101612,5598,1,Histórico Evolvy,pending,snoozed,2024-07-07 20:33:07
124716,101613,5598,1,Histórico Evolvy,pending,snoozed,2024-07-07 20:44:10
124717,101615,5598,1,Histórico Evolvy,pending,snoozed,2024-07-07 20:49:06
124718,101616,5598,1,Histórico Evolvy,pending,snoozed,2024-07-07 20:54:06
124719,101617,5598,1,Histórico Evolvy,pending,snoozed,2024-07-07 20:54:14
124720,101620,5598,1,Histórico Evolvy,pending,snoozed,2024-07-07 21:30:08
124721,101621,5598,1,Histórico Evolvy,pending,snoozed,2024-07-07 21:31:09
124722,101623,5598,1,Histórico Evolvy,pending,snoozed,2024-07-07 21:43:08
124723,101624,5598,1,Histórico Evolvy,pending,snoozed,2024-07-07 21:49:05
124724,101626,5598,1,Histórico Evolvy,pending,snoozed,2024-07-07 21:59:06
124725,101634,5598,1,Histórico Evolvy,pending,snoozed,2024-07-07 22:39:06
124731,101645,5598,1,Histórico Evolvy,pending,snoozed,2024-07-07 23:28:08
124734,101650,5598,1,Histórico Evolvy,pending,snoozed,2024-07-07 23:51:07
124735,101652,5598,1,Histórico Evolvy,pending,snoozed,2024-07-08 00:01:06
124737,101660,5598,1,Histórico Evolvy,pending,snoozed,2024-07-08 00:45:05
124738,101661,5598,1,Histórico Evolvy,pending,snoozed,2024-07-08 00:52:05
124741,101666,5598,1,Histórico Evolvy,pending,snoozed,2024-07-08 01:20:11
124745,101674,5598,1,Histórico Evolvy,pending,snoozed,2024-07-08 01:49:07
124750,101683,5598,1,Histórico Evolvy,pending,snoozed,2024-07-08 03:13:06
124751,101684,5598,1,Histórico Evolvy,pending,snoozed,2024-07-08 03:14:06
124752,101685,5598,1,Histórico Evolvy,pending,snoozed,2024-07-08 03:16:06
124753,101686,5598,1,Histórico Evolvy,pending,snoozed,2024-07-08 03:25:05
124755,101691,5598,1,Histórico Evolvy,pending,snoozed,2024-07-08 05:46:05
124758,101694,5598,1,Histórico Evolvy,pending,snoozed,2024-07-08 06:09:06
124760,101697,5598,1,Histórico Evolvy,pending,snoozed,2024-07-08 07:32:06
124766,101720,5598,1,Histórico Evolvy,pending,snoozed,2024-07-08 10:49:07
124769,101728,5598,1,Histórico Evolvy,pending,snoozed,2024-07-08 11:11:11
124771,101730,5598,1,Histórico Evolvy,pending,snoozed,2024-07-08 11:23:07
124772,101731,5598,1,Histórico Evolvy,pending,snoozed,2024-07-08 11:26:06
124780,101742,5598,1,Histórico Evolvy,pending,snoozed,2024-07-08 11:59:08
124782,101747,5598,1,Histórico Evolvy,pending,snoozed,2024-07-08 12:06:08
124784,101749,5598,1,Histórico Evolvy,pending,snoozed,2024-07-08 12:08:08
124788,101757,5598,1,Histórico Evolvy,pending,snoozed,2024-07-08 12:24:12
124789,101761,5598,1,Histórico Evolvy,pending,snoozed,2024-07-08 12:29:06
124791,101765,5598,1,Histórico Evolvy,pending,snoozed,2024-07-08 12:56:09
124794,101768,5598,1,Histórico Evolvy,pending,snoozed,2024-07-08 13:19:08
124800,101788,5598,1,Histórico Evolvy,pending,snoozed,2024-07-08 14:07:08
124801,101790,5598,1,Histórico Evolvy,pending,snoozed,2024-07-08 14:23:07
124805,101798,5598,1,Histórico Evolvy,pending,snoozed,2024-07-08 14:53:10
124806,101802,5598,1,Histórico Evolvy,pending,snoozed,2024-07-08 15:03:08
124807,101807,5598,1,Histórico Evolvy,pending,snoozed,2024-07-08 15:17:06
127305,101818,5598,1,Histórico Evolvy,pending,snoozed,2024-07-08 15:37:06
127307,101824,5598,1,Histórico Evolvy,pending,snoozed,2024-07-08 16:24:06
127308,101825,5598,1,Histórico Evolvy,pending,snoozed,2024-07-08 16:30:06
127309,101827,5598,1,Histórico Evolvy,pending,snoozed,2024-07-08 16:38:08
127315,101840,5598,1,Histórico Evolvy,pending,snoozed,2024-07-08 17:20:06
127317,101847,5598,1,Histórico Evolvy,pending,snoozed,2024-07-08 17:40:06
127319,101850,5598,1,Histórico Evolvy,pending,snoozed,2024-07-08 17:47:06
127320,101852,5598,1,Histórico Evolvy,pending,snoozed,2024-07-08 17:48:11
127323,101858,5598,1,Histórico Evolvy,pending,snoozed,2024-07-08 18:10:07
127327,101863,5598,1,Histórico Evolvy,pending,snoozed,2024-07-08 18:21:16
127333,101873,5598,1,Histórico Evolvy,pending,snoozed,2024-07-08 18:53:15
127334,101875,5598,1,Histórico Evolvy,pending,snoozed,2024-07-08 18:54:03
127335,101876,5598,1,Histórico Evolvy,pending,snoozed,2024-07-08 18:54:34
127336,101877,5598,1,Histórico Evolvy,pending,snoozed,2024-07-08 19:00:08
127339,101884,5598,1,Histórico Evolvy,pending,snoozed,2024-07-08 19:30:07
127340,101885,5598,1,Histórico Evolvy,pending,snoozed,2024-07-08 19:37:06
127342,101888,5598,1,Histórico Evolvy,pending,snoozed,2024-07-08 19:38:09
127343,101889,5598,1,Histórico Evolvy,pending,snoozed,2024-07-08 19:52:07
127352,101918,5598,1,Histórico Evolvy,pending,snoozed,2024-07-08 21:15:05
127353,101919,5598,1,Histórico Evolvy,pending,snoozed,2024-07-08 21:21:09
127354,101924,5598,1,Histórico Evolvy,pending,snoozed,2024-07-08 21:26:04
127356,101927,5598,1,Histórico Evolvy,pending,snoozed,2024-07-08 22:07:05
127359,101942,5598,1,Histórico Evolvy,pending,snoozed,2024-07-08 23:08:04
127360,101943,5598,1,Histórico Evolvy,pending,snoozed,2024-07-08 23:11:07
127362,101947,5598,1,Histórico Evolvy,pending,snoozed,2024-07-08 23:18:12
127363,101950,5598,1,Histórico Evolvy,pending,snoozed,2024-07-08 23:28:09
127364,101952,5598,1,Histórico Evolvy,pending,snoozed,2024-07-08 23:33:05
127366,101958,5598,1,Histórico Evolvy,pending,snoozed,2024-07-08 23:46:09
127367,101960,5598,1,Histórico Evolvy,pending,snoozed,2024-07-08 23:57:07
127368,101961,5598,1,Histórico Evolvy,pending,snoozed,2024-07-08 23:59:12
127371,101979,5598,1,Histórico Evolvy,pending,snoozed,2024-07-09 00:46:06
127373,101981,5598,1,Histórico Evolvy,pending,snoozed,2024-07-09 00:49:09
127374,101985,5598,1,Histórico Evolvy,pending,snoozed,2024-07-09 01:19:04
127376,101987,5598,1,Histórico Evolvy,pending,snoozed,2024-07-09 01:25:08
127378,101995,5598,1,Histórico Evolvy,pending,snoozed,2024-07-09 02:06:08
127379,101996,5598,1,Histórico Evolvy,pending,snoozed,2024-07-09 02:12:05
127384,102000,5598,1,Histórico Evolvy,pending,snoozed,2024-07-09 02:50:06
127385,102001,5598,1,Histórico Evolvy,pending,snoozed,2024-07-09 02:51:06
127387,102004,5598,1,Histórico Evolvy,pending,snoozed,2024-07-09 03:06:09
127388,102007,5598,1,Histórico Evolvy,pending,snoozed,2024-07-09 03:18:05
127390,102013,5598,1,Histórico Evolvy,pending,snoozed,2024-07-09 04:55:06
127392,102016,5598,1,Histórico Evolvy,pending,snoozed,2024-07-09 06:56:07
127393,102017,5598,1,Histórico Evolvy,pending,snoozed,2024-07-09 06:56:14
127394,102019,5598,1,Histórico Evolvy,pending,snoozed,2024-07-09 07:25:06
127395,102020,5598,1,Histórico Evolvy,pending,snoozed,2024-07-09 07:29:07
127399,102030,5598,1,Histórico Evolvy,pending,snoozed,2024-07-09 09:40:13
127400,102033,5598,1,Histórico Evolvy,pending,snoozed,2024-07-09 09:46:08
127402,102038,5598,1,Histórico Evolvy,pending,snoozed,2024-07-09 10:42:07
127403,102039,5598,1,Histórico Evolvy,pending,snoozed,2024-07-09 10:47:07
127405,102047,5598,1,Histórico Evolvy,pending,snoozed,2024-07-09 11:27:06
127411,102057,5598,1,Histórico Evolvy,pending,snoozed,2024-07-09 11:50:07
127412,102060,5598,1,Histórico Evolvy,pending,snoozed,2024-07-09 12:07:05
127413,102061,5598,1,Histórico Evolvy,pending,snoozed,2024-07-09 12:27:06
127414,102062,5598,1,Histórico Evolvy,pending,snoozed,2024-07-09 12:27:14
127417,102068,5598,1,Histórico Evolvy,pending,snoozed,2024-07-09 12:45:08
127419,102072,5598,1,Histórico Evolvy,pending,snoozed,2024-07-09 12:57:15
127420,102075,5598,1,Histórico Evolvy,pending,snoozed,2024-07-09 13:04:07
127422,102082,5598,1,Histórico Evolvy,pending,snoozed,2024-07-09 13:15:06
127428,102097,5598,1,Histórico Evolvy,pending,snoozed,2024-07-09 13:38:08
127429,102100,5598,1,Histórico Evolvy,pending,snoozed,2024-07-09 13:49:07
127431,102105,5598,1,Histórico Evolvy,pending,snoozed,2024-07-09 14:04:07
127434,102111,5598,1,Histórico Evolvy,pending,snoozed,2024-07-09 14:30:05
127439,102124,5598,1,Histórico Evolvy,pending,snoozed,2024-07-09 15:26:15
127442,102128,5598,1,Histórico Evolvy,pending,snoozed,2024-07-09 15:41:10
127447,102135,5598,1,Histórico Evolvy,pending,snoozed,2024-07-09 15:57:12
127448,102136,5598,1,Histórico Evolvy,pending,snoozed,2024-07-09 15:59:06
127452,102156,5598,1,Histórico Evolvy,pending,snoozed,2024-07-09 17:04:05
127459,102169,5598,1,Histórico Evolvy,pending,snoozed,2024-07-09 18:04:08
127460,102171,5598,1,Histórico Evolvy,pending,snoozed,2024-07-09 18:08:08
127466,102192,5598,1,Histórico Evolvy,pending,snoozed,2024-07-09 19:25:09
127467,102194,5598,1,Histórico Evolvy,pending,snoozed,2024-07-09 19:26:06
127471,102204,5598,1,Histórico Evolvy,pending,snoozed,2024-07-09 20:13:05
127472,102206,5598,1,Histórico Evolvy,pending,snoozed,2024-07-09 20:30:08
127474,102208,5598,1,Histórico Evolvy,pending,snoozed,2024-07-09 20:45:10
127475,102209,5598,1,Histórico Evolvy,pending,snoozed,2024-07-09 20:45:13
127477,102211,5598,1,Histórico Evolvy,pending,snoozed,2024-07-09 20:53:07
127483,102225,5598,1,Histórico Evolvy,pending,snoozed,2024-07-09 22:00:17
127484,102227,5598,1,Histórico Evolvy,pending,snoozed,2024-07-09 22:02:08
127486,102230,5598,1,Histórico Evolvy,pending,snoozed,2024-07-09 22:20:12
127487,102231,5598,1,Histórico Evolvy,pending,snoozed,2024-07-09 22:32:09
127488,102233,5598,1,Histórico Evolvy,pending,snoozed,2024-07-09 22:39:08
127490,102235,5598,1,Histórico Evolvy,pending,snoozed,2024-07-09 22:44:07
127492,102251,5598,1,Histórico Evolvy,pending,snoozed,2024-07-09 23:37:09
127493,102255,5598,1,Histórico Evolvy,pending,snoozed,2024-07-10 00:19:08
127494,102259,5598,1,Histórico Evolvy,pending,snoozed,2024-07-10 00:31:08
127495,102264,5598,1,Histórico Evolvy,pending,snoozed,2024-07-10 01:05:07
127496,102265,5598,1,Histórico Evolvy,pending,snoozed,2024-07-10 01:05:17
127499,102269,5598,1,Histórico Evolvy,pending,snoozed,2024-07-10 01:40:13
127502,102274,5598,1,Histórico Evolvy,pending,snoozed,2024-07-10 02:05:12
127503,102279,5598,1,Histórico Evolvy,pending,snoozed,2024-07-10 02:17:06
127505,102281,5598,1,Histórico Evolvy,pending,snoozed,2024-07-10 02:21:07
127508,102286,5598,1,Histórico Evolvy,pending,snoozed,2024-07-10 02:26:19
127511,102290,5598,1,Histórico Evolvy,pending,snoozed,2024-07-10 02:37:08
127515,102295,5598,1,Histórico Evolvy,pending,snoozed,2024-07-10 02:57:07
127520,102311,5598,1,Histórico Evolvy,pending,snoozed,2024-07-10 05:52:06
127521,102312,5598,1,Histórico Evolvy,pending,snoozed,2024-07-10 05:53:07
127522,102313,5598,1,Histórico Evolvy,pending,snoozed,2024-07-10 06:11:05
127523,102314,5598,1,Histórico Evolvy,pending,snoozed,2024-07-10 06:12:05
127524,102315,5598,1,Histórico Evolvy,pending,snoozed,2024-07-10 06:26:05
127525,102316,5598,1,Histórico Evolvy,pending,snoozed,2024-07-10 06:33:05
127526,102317,5598,1,Histórico Evolvy,pending,snoozed,2024-07-10 06:50:06
127527,102318,5598,1,Histórico Evolvy,pending,snoozed,2024-07-10 07:18:06
127532,102329,5598,1,Histórico Evolvy,pending,snoozed,2024-07-10 09:15:06
127533,102331,5598,1,Histórico Evolvy,pending,snoozed,2024-07-10 09:45:09
127535,102340,5598,1,Histórico Evolvy,pending,snoozed,2024-07-10 10:18:07
127537,102346,5598,1,Histórico Evolvy,pending,snoozed,2024-07-10 10:43:06
127538,102347,5598,1,Histórico Evolvy,pending,snoozed,2024-07-10 10:53:08
127539,102348,5598,1,Histórico Evolvy,pending,snoozed,2024-07-10 10:55:09
127541,102354,5598,1,Histórico Evolvy,pending,snoozed,2024-07-10 11:18:09
127542,102355,5598,1,Histórico Evolvy,pending,snoozed,2024-07-10 11:21:05
127543,102356,5598,1,Histórico Evolvy,pending,snoozed,2024-07-10 11:24:08
127544,102357,5598,1,Histórico Evolvy,pending,snoozed,2024-07-10 11:25:07
127549,102363,5598,1,Histórico Evolvy,pending,snoozed,2024-07-10 12:04:10
127550,102365,5598,1,Histórico Evolvy,pending,snoozed,2024-07-10 12:06:05
127552,102369,5598,1,Histórico Evolvy,pending,snoozed,2024-07-10 12:13:05
127553,102370,5598,1,Histórico Evolvy,pending,snoozed,2024-07-10 12:17:06
127554,102371,5598,1,Histórico Evolvy,pending,snoozed,2024-07-10 12:22:07
127555,102373,5598,1,Histórico Evolvy,pending,snoozed,2024-07-10 12:25:11
127556,102374,5598,1,Histórico Evolvy,pending,snoozed,2024-07-10 12:27:08
127558,102376,5598,1,Histórico Evolvy,pending,snoozed,2024-07-10 12:35:09
127564,102388,5598,1,Histórico Evolvy,pending,snoozed,2024-07-10 13:09:08
127565,102389,5598,1,Histórico Evolvy,pending,snoozed,2024-07-10 13:10:07
127569,102400,5598,1,Histórico Evolvy,pending,snoozed,2024-07-10 13:26:07
127574,102415,5598,1,Histórico Evolvy,pending,snoozed,2024-07-10 14:04:07
127576,102419,5598,1,Histórico Evolvy,pending,snoozed,2024-07-10 14:15:05
127577,102421,5598,1,Histórico Evolvy,pending,snoozed,2024-07-10 14:16:07
127580,102425,5598,1,Histórico Evolvy,pending,snoozed,2024-07-10 14:36:06
127581,102429,5598,1,Histórico Evolvy,pending,snoozed,2024-07-10 14:48:04
127585,102437,5598,1,Histórico Evolvy,pending,snoozed,2024-07-10 15:12:08
127586,102438,5598,1,Histórico Evolvy,pending,snoozed,2024-07-10 15:26:09
127590,102457,5598,1,Histórico Evolvy,pending,snoozed,2024-07-10 16:14:06
127591,102461,5598,1,Histórico Evolvy,pending,snoozed,2024-07-10 16:37:09
127593,102464,5598,1,Histórico Evolvy,pending,snoozed,2024-07-10 16:52:10
127594,102466,5598,1,Histórico Evolvy,pending,snoozed,2024-07-10 16:56:06
127595,102467,5598,1,Histórico Evolvy,pending,snoozed,2024-07-10 17:01:06
127598,102471,5598,1,Histórico Evolvy,pending,snoozed,2024-07-10 17:19:06
127599,102473,5598,1,Histórico Evolvy,pending,snoozed,2024-07-10 17:20:15
127601,102475,5598,1,Histórico Evolvy,pending,snoozed,2024-07-10 17:31:09
127606,102498,5598,1,Histórico Evolvy,pending,snoozed,2024-07-10 18:46:06
127607,102499,5598,1,Histórico Evolvy,pending,snoozed,2024-07-10 18:46:14
127608,102500,5598,1,Histórico Evolvy,pending,snoozed,2024-07-10 18:48:09
127609,102504,5598,1,Histórico Evolvy,pending,snoozed,2024-07-10 19:13:05
127614,102518,5598,1,Histórico Evolvy,pending,snoozed,2024-07-10 19:50:08
127616,102523,5598,1,Histórico Evolvy,pending,snoozed,2024-07-10 20:01:06
127619,102527,5598,1,Histórico Evolvy,pending,snoozed,2024-07-10 20:33:05
127620,102528,5598,1,Histórico Evolvy,pending,snoozed,2024-07-10 20:35:10
127621,102531,5598,1,Histórico Evolvy,pending,snoozed,2024-07-10 21:08:06
127622,102532,5598,1,Histórico Evolvy,pending,snoozed,2024-07-10 21:14:06
127623,102533,5598,1,Histórico Evolvy,pending,snoozed,2024-07-10 21:14:08
127626,102542,5598,1,Histórico Evolvy,pending,snoozed,2024-07-10 21:50:08
127627,102544,5598,1,Histórico Evolvy,pending,snoozed,2024-07-10 21:55:06
127628,102545,5598,1,Histórico Evolvy,pending,snoozed,2024-07-10 21:55:13
127630,102550,5598,1,Histórico Evolvy,pending,snoozed,2024-07-10 22:09:07
127631,102554,5598,1,Histórico Evolvy,pending,snoozed,2024-07-10 22:29:10
127634,102559,5598,1,Histórico Evolvy,pending,snoozed,2024-07-10 22:46:06
127635,102561,5598,1,Histórico Evolvy,pending,snoozed,2024-07-10 22:52:06
127637,102564,5598,1,Histórico Evolvy,pending,snoozed,2024-07-10 23:02:07
127641,102574,5598,1,Histórico Evolvy,pending,snoozed,2024-07-10 23:40:11
127644,102585,5598,1,Histórico Evolvy,pending,snoozed,2024-07-11 00:21:07
127645,102586,5598,1,Histórico Evolvy,pending,snoozed,2024-07-11 00:25:07
127653,102602,5598,1,Histórico Evolvy,pending,snoozed,2024-07-11 01:19:07
127654,102606,5598,1,Histórico Evolvy,pending,snoozed,2024-07-11 01:38:06
127655,102609,5598,1,Histórico Evolvy,pending,snoozed,2024-07-11 01:57:06
127657,102612,5598,1,Histórico Evolvy,pending,snoozed,2024-07-11 02:20:13
127658,102615,5598,1,Histórico Evolvy,pending,snoozed,2024-07-11 03:07:07
127662,102628,5598,1,Histórico Evolvy,pending,snoozed,2024-07-11 05:08:06
127663,102630,5598,1,Histórico Evolvy,pending,snoozed,2024-07-11 05:40:11
127664,102631,5598,1,Histórico Evolvy,pending,snoozed,2024-07-11 05:54:05
127665,102636,5598,1,Histórico Evolvy,pending,snoozed,2024-07-11 07:42:06
127668,102641,5598,1,Histórico Evolvy,pending,snoozed,2024-07-11 08:45:06
127669,102642,5598,1,Histórico Evolvy,pending,snoozed,2024-07-11 09:05:06
127670,102644,5598,1,Histórico Evolvy,pending,snoozed,2024-07-11 09:23:05
127671,102645,5598,1,Histórico Evolvy,pending,snoozed,2024-07-11 09:35:08
127672,102646,5598,1,Histórico Evolvy,pending,snoozed,2024-07-11 09:44:06
127673,102651,5598,1,Histórico Evolvy,pending,snoozed,2024-07-11 10:08:07
127676,102658,5598,1,Histórico Evolvy,pending,snoozed,2024-07-11 10:32:07
127680,102668,5598,1,Histórico Evolvy,pending,snoozed,2024-07-11 11:33:07
127683,102673,5598,1,Histórico Evolvy,pending,snoozed,2024-07-11 11:54:08
127685,102676,5598,1,Histórico Evolvy,pending,snoozed,2024-07-11 12:01:09
127687,102678,5598,1,Histórico Evolvy,pending,snoozed,2024-07-11 12:05:08
127688,102680,5598,1,Histórico Evolvy,pending,snoozed,2024-07-11 12:08:07
127689,102684,5598,1,Histórico Evolvy,pending,snoozed,2024-07-11 12:23:09
127690,102686,5598,1,Histórico Evolvy,pending,snoozed,2024-07-11 12:31:35
127691,102687,5598,1,Histórico Evolvy,pending,snoozed,2024-07-11 12:31:42
127693,102689,5598,1,Histórico Evolvy,pending,snoozed,2024-07-11 12:39:07
127694,102692,5598,1,Histórico Evolvy,pending,snoozed,2024-07-11 12:48:07
127696,102696,5598,1,Histórico Evolvy,pending,snoozed,2024-07-11 12:56:06
127698,102705,5598,1,Histórico Evolvy,pending,snoozed,2024-07-11 13:37:08
127705,102716,5598,1,Histórico Evolvy,pending,snoozed,2024-07-11 14:18:08
127706,102720,5598,1,Histórico Evolvy,pending,snoozed,2024-07-11 14:30:10
127708,102728,5598,1,Histórico Evolvy,pending,snoozed,2024-07-11 15:03:05
127709,102734,5598,1,Histórico Evolvy,pending,snoozed,2024-07-11 15:29:06
127711,102743,5598,1,Histórico Evolvy,pending,snoozed,2024-07-11 16:04:06
127713,102762,5598,1,Histórico Evolvy,pending,snoozed,2024-07-11 16:53:05
127715,102767,5598,1,Histórico Evolvy,pending,snoozed,2024-07-11 17:16:07
127716,102771,5598,1,Histórico Evolvy,pending,snoozed,2024-07-11 17:38:09
127717,102773,5598,1,Histórico Evolvy,pending,snoozed,2024-07-11 18:02:08
127718,102777,5598,1,Histórico Evolvy,pending,snoozed,2024-07-11 18:27:06
127720,102780,5598,1,Histórico Evolvy,pending,snoozed,2024-07-11 18:35:07
127724,102789,5598,1,Histórico Evolvy,pending,snoozed,2024-07-11 19:44:08
127728,102799,5598,1,Histórico Evolvy,pending,snoozed,2024-07-11 20:57:15
127729,102804,5598,1,Histórico Evolvy,pending,snoozed,2024-07-11 21:13:04
127730,102807,5598,1,Histórico Evolvy,pending,snoozed,2024-07-11 21:24:20
127731,102809,5598,1,Histórico Evolvy,pending,snoozed,2024-07-11 21:28:08
127733,102812,5598,1,Histórico Evolvy,pending,snoozed,2024-07-11 21:49:07
127736,102818,5598,1,Histórico Evolvy,pending,snoozed,2024-07-11 22:15:07
127738,102820,5598,1,Histórico Evolvy,pending,snoozed,2024-07-11 22:18:05
127740,102827,5598,1,Histórico Evolvy,pending,snoozed,2024-07-11 22:53:06
127748,102847,5598,1,Histórico Evolvy,pending,snoozed,2024-07-12 00:29:05
127749,102848,5598,1,Histórico Evolvy,pending,snoozed,2024-07-12 00:32:07
127750,102849,5598,1,Histórico Evolvy,pending,snoozed,2024-07-12 00:42:08
127753,102857,5598,1,Histórico Evolvy,pending,snoozed,2024-07-12 01:22:07
127755,102860,5598,1,Histórico Evolvy,pending,snoozed,2024-07-12 01:38:07
127756,102862,5598,1,Histórico Evolvy,pending,snoozed,2024-07-12 01:49:10
127761,102873,5598,1,Histórico Evolvy,pending,snoozed,2024-07-12 02:45:07
127762,102877,5598,1,Histórico Evolvy,pending,snoozed,2024-07-12 03:05:09
127764,102880,5598,1,Histórico Evolvy,pending,snoozed,2024-07-12 03:07:05
127765,102881,5598,1,Histórico Evolvy,pending,snoozed,2024-07-12 03:15:05
127768,102890,5598,1,Histórico Evolvy,pending,snoozed,2024-07-12 04:46:07
127770,102894,5598,1,Histórico Evolvy,pending,snoozed,2024-07-12 06:31:06
127776,102903,5598,1,Histórico Evolvy,pending,snoozed,2024-07-12 09:04:06
127777,102904,5598,1,Histórico Evolvy,pending,snoozed,2024-07-12 09:28:08
127779,102908,5598,1,Histórico Evolvy,pending,snoozed,2024-07-12 09:40:12
127780,102913,5598,1,Histórico Evolvy,pending,snoozed,2024-07-12 10:01:10
127783,102921,5598,1,Histórico Evolvy,pending,snoozed,2024-07-12 10:22:06
127785,102924,5598,1,Histórico Evolvy,pending,snoozed,2024-07-12 10:41:15
127786,102926,5598,1,Histórico Evolvy,pending,snoozed,2024-07-12 10:50:08
127789,102935,5598,1,Histórico Evolvy,pending,snoozed,2024-07-12 11:07:07
127790,102938,5598,1,Histórico Evolvy,pending,snoozed,2024-07-12 11:17:07
127791,102940,5598,1,Histórico Evolvy,pending,snoozed,2024-07-12 11:22:09
127792,102941,5598,1,Histórico Evolvy,pending,snoozed,2024-07-12 11:23:09
127794,102943,5598,1,Histórico Evolvy,pending,snoozed,2024-07-12 11:30:08
127798,102948,5598,1,Histórico Evolvy,pending,snoozed,2024-07-12 11:49:06
127799,102949,5598,1,Histórico Evolvy,pending,snoozed,2024-07-12 11:56:10
129303,102958,5598,1,Histórico Evolvy,pending,snoozed,2024-07-12 12:22:11
129304,102961,5598,1,Histórico Evolvy,pending,snoozed,2024-07-12 12:46:06
129306,102965,5598,1,Histórico Evolvy,pending,snoozed,2024-07-12 13:03:14
129309,102971,5598,1,Histórico Evolvy,pending,snoozed,2024-07-12 13:14:07
129313,102981,5598,1,Histórico Evolvy,pending,snoozed,2024-07-12 13:34:07
129318,102989,5598,1,Histórico Evolvy,pending,snoozed,2024-07-12 13:51:07
129320,102992,5598,1,Histórico Evolvy,pending,snoozed,2024-07-12 13:55:16
129323,102998,5598,1,Histórico Evolvy,pending,snoozed,2024-07-12 14:10:09
129325,103000,5598,1,Histórico Evolvy,pending,snoozed,2024-07-12 14:18:05
129329,103018,5598,1,Histórico Evolvy,pending,snoozed,2024-07-12 15:38:09
129333,103025,5598,1,Histórico Evolvy,pending,snoozed,2024-07-12 16:28:07
129334,103026,5598,1,Histórico Evolvy,pending,snoozed,2024-07-12 16:29:05
129338,103035,5598,1,Histórico Evolvy,pending,snoozed,2024-07-12 17:32:06
129347,103055,5598,1,Histórico Evolvy,pending,snoozed,2024-07-12 19:18:07
129350,103060,5598,1,Histórico Evolvy,pending,snoozed,2024-07-12 19:38:10
129351,103061,5598,1,Histórico Evolvy,pending,snoozed,2024-07-12 19:41:04
129356,103071,5598,1,Histórico Evolvy,pending,snoozed,2024-07-12 20:22:07
129360,103082,5598,1,Histórico Evolvy,pending,snoozed,2024-07-12 21:16:04
129361,103085,5598,1,Histórico Evolvy,pending,snoozed,2024-07-12 21:36:09
129362,103088,5598,1,Histórico Evolvy,pending,snoozed,2024-07-12 21:47:06
129363,103089,5598,1,Histórico Evolvy,pending,snoozed,2024-07-12 21:49:08
129364,103090,5598,1,Histórico Evolvy,pending,snoozed,2024-07-12 21:58:08
129367,103094,5598,1,Histórico Evolvy,pending,snoozed,2024-07-12 22:30:06
129370,103105,5598,1,Histórico Evolvy,pending,snoozed,2024-07-12 23:41:07
129373,103114,5598,1,Histórico Evolvy,pending,snoozed,2024-07-13 00:38:06
129374,103116,5598,1,Histórico Evolvy,pending,snoozed,2024-07-13 00:50:06
129376,103123,5598,1,Histórico Evolvy,pending,snoozed,2024-07-13 01:28:07
129377,103125,5598,1,Histórico Evolvy,pending,snoozed,2024-07-13 01:39:07
129379,103128,5598,1,Histórico Evolvy,pending,snoozed,2024-07-13 02:06:06
129381,103131,5598,1,Histórico Evolvy,pending,snoozed,2024-07-13 02:18:05
129383,103133,5598,1,Histórico Evolvy,pending,snoozed,2024-07-13 02:40:12
129384,103138,5598,1,Histórico Evolvy,pending,snoozed,2024-07-13 03:39:06
129385,103139,5598,1,Histórico Evolvy,pending,snoozed,2024-07-13 03:47:07
129386,103141,5598,1,Histórico Evolvy,pending,snoozed,2024-07-13 03:58:06
129387,103143,5598,1,Histórico Evolvy,pending,snoozed,2024-07-13 06:08:07
129389,103151,5598,1,Histórico Evolvy,pending,snoozed,2024-07-13 07:37:05
129391,103153,5598,1,Histórico Evolvy,pending,snoozed,2024-07-13 08:05:06
129392,103154,5598,1,Histórico Evolvy,pending,snoozed,2024-07-13 08:16:07
129393,103156,5598,1,Histórico Evolvy,pending,snoozed,2024-07-13 08:31:06
129394,103158,5598,1,Histórico Evolvy,pending,snoozed,2024-07-13 08:56:08
129395,103159,5598,1,Histórico Evolvy,pending,snoozed,2024-07-13 09:05:08
129396,103160,5598,1,Histórico Evolvy,pending,snoozed,2024-07-13 09:09:06
129402,103173,5598,1,Histórico Evolvy,pending,snoozed,2024-07-13 09:59:05
129405,103178,5598,1,Histórico Evolvy,pending,snoozed,2024-07-13 10:28:05
129407,103181,5598,1,Histórico Evolvy,pending,snoozed,2024-07-13 10:37:07
129408,103182,5598,1,Histórico Evolvy,pending,snoozed,2024-07-13 10:38:06
129411,103186,5598,1,Histórico Evolvy,pending,snoozed,2024-07-13 10:55:13
129415,103191,5598,1,Histórico Evolvy,pending,snoozed,2024-07-13 11:03:05
129419,103197,5598,1,Histórico Evolvy,pending,snoozed,2024-07-13 11:11:08
129421,103200,5598,1,Histórico Evolvy,pending,snoozed,2024-07-13 11:17:09
129422,103201,5598,1,Histórico Evolvy,pending,snoozed,2024-07-13 11:18:10
129424,103203,5598,1,Histórico Evolvy,pending,snoozed,2024-07-13 11:20:10
129425,103204,5598,1,Histórico Evolvy,pending,snoozed,2024-07-13 11:21:06
129431,103214,5598,1,Histórico Evolvy,pending,snoozed,2024-07-13 11:39:08
129434,103218,5598,1,Histórico Evolvy,pending,snoozed,2024-07-13 11:48:09
129435,103219,5598,1,Histórico Evolvy,pending,snoozed,2024-07-13 11:58:08
129436,103220,5598,1,Histórico Evolvy,pending,snoozed,2024-07-13 12:00:27
129437,103221,5598,1,Histórico Evolvy,pending,snoozed,2024-07-13 12:03:14
129439,103225,5598,1,Histórico Evolvy,pending,snoozed,2024-07-13 12:12:08
129440,103226,5598,1,Histórico Evolvy,pending,snoozed,2024-07-13 12:14:07
129443,103235,5598,1,Histórico Evolvy,pending,snoozed,2024-07-13 12:32:08
129444,103236,5598,1,Histórico Evolvy,pending,snoozed,2024-07-13 12:35:13
129446,103239,5598,1,Histórico Evolvy,pending,snoozed,2024-07-13 12:48:07
129447,103240,5598,1,Histórico Evolvy,pending,snoozed,2024-07-13 12:53:08
129449,103242,5598,1,Histórico Evolvy,pending,snoozed,2024-07-13 12:55:11
129451,103245,5598,1,Histórico Evolvy,pending,snoozed,2024-07-13 13:15:10
129452,103247,5598,1,Histórico Evolvy,pending,snoozed,2024-07-13 13:22:07
129454,103253,5598,1,Histórico Evolvy,pending,snoozed,2024-07-13 13:33:09
129455,103255,5598,1,Histórico Evolvy,pending,snoozed,2024-07-13 13:39:06
129459,103260,5598,1,Histórico Evolvy,pending,snoozed,2024-07-13 13:42:14
129460,103261,5598,1,Histórico Evolvy,pending,snoozed,2024-07-13 13:42:21
129461,103262,5598,1,Histórico Evolvy,pending,snoozed,2024-07-13 13:45:09
129462,103263,5598,1,Histórico Evolvy,pending,snoozed,2024-07-13 13:46:06
129464,103265,5598,1,Histórico Evolvy,pending,snoozed,2024-07-13 13:52:08
129465,103267,5598,1,Histórico Evolvy,pending,snoozed,2024-07-13 13:54:08
129466,103268,5598,1,Histórico Evolvy,pending,snoozed,2024-07-13 13:56:10
129472,103276,5598,1,Histórico Evolvy,pending,snoozed,2024-07-13 14:15:07
129474,103281,5598,1,Histórico Evolvy,pending,snoozed,2024-07-13 14:26:06
129476,103283,5598,1,Histórico Evolvy,pending,snoozed,2024-07-13 14:27:07
129477,103284,5598,1,Histórico Evolvy,pending,snoozed,2024-07-13 14:27:14
129480,103288,5598,1,Histórico Evolvy,pending,snoozed,2024-07-13 14:44:07
129482,103292,5598,1,Histórico Evolvy,pending,snoozed,2024-07-13 14:50:07
129483,103296,5598,1,Histórico Evolvy,pending,snoozed,2024-07-13 15:04:09
129488,103303,5598,1,Histórico Evolvy,pending,snoozed,2024-07-13 15:26:09
129491,103308,5598,1,Histórico Evolvy,pending,snoozed,2024-07-13 15:53:10
129492,103310,5598,1,Histórico Evolvy,pending,snoozed,2024-07-13 15:58:06
129493,103311,5598,1,Histórico Evolvy,pending,snoozed,2024-07-13 15:58:13
129497,103332,5598,1,Histórico Evolvy,pending,snoozed,2024-07-13 16:20:12
129499,103335,5598,1,Histórico Evolvy,pending,snoozed,2024-07-13 16:24:07
129500,103339,5598,1,Histórico Evolvy,pending,snoozed,2024-07-13 16:42:08
129501,103342,5598,1,Histórico Evolvy,pending,snoozed,2024-07-13 16:55:06
129502,103343,5598,1,Histórico Evolvy,pending,snoozed,2024-07-13 16:55:14
129503,103344,5598,1,Histórico Evolvy,pending,snoozed,2024-07-13 16:56:08
129507,103349,5598,1,Histórico Evolvy,pending,snoozed,2024-07-13 17:15:06
129511,103359,5598,1,Histórico Evolvy,pending,snoozed,2024-07-13 17:35:05
129512,103360,5598,1,Histórico Evolvy,pending,snoozed,2024-07-13 17:36:08
129513,103364,5598,1,Histórico Evolvy,pending,snoozed,2024-07-13 17:52:09
129514,103365,5598,1,Histórico Evolvy,pending,snoozed,2024-07-13 17:55:10
129522,103380,5598,1,Histórico Evolvy,pending,snoozed,2024-07-13 18:50:07
129523,103383,5598,1,Histórico Evolvy,pending,snoozed,2024-07-13 19:06:05
129524,103388,5598,1,Histórico Evolvy,pending,snoozed,2024-07-13 19:13:07
129525,103392,5598,1,Histórico Evolvy,pending,snoozed,2024-07-13 19:32:05
129527,103395,5598,1,Histórico Evolvy,pending,snoozed,2024-07-13 19:35:07
129530,103400,5598,1,Histórico Evolvy,pending,snoozed,2024-07-13 20:02:07
129532,103410,5598,1,Histórico Evolvy,pending,snoozed,2024-07-13 21:03:07
129533,103414,5598,1,Histórico Evolvy,pending,snoozed,2024-07-13 21:21:08
129534,103416,5598,1,Histórico Evolvy,pending,snoozed,2024-07-13 21:33:06
129535,103417,5598,1,Histórico Evolvy,pending,snoozed,2024-07-13 21:39:07
129536,103418,5598,1,Histórico Evolvy,pending,snoozed,2024-07-13 21:42:06
129537,103419,5598,1,Histórico Evolvy,pending,snoozed,2024-07-13 21:53:08
129538,103422,5598,1,Histórico Evolvy,pending,snoozed,2024-07-13 22:05:07
129539,103423,5598,1,Histórico Evolvy,pending,snoozed,2024-07-13 22:11:07
129540,103425,5598,1,Histórico Evolvy,pending,snoozed,2024-07-13 22:24:08
129543,103434,5598,1,Histórico Evolvy,pending,snoozed,2024-07-13 23:13:09
129545,103436,5598,1,Histórico Evolvy,pending,snoozed,2024-07-13 23:34:06
129557,103459,5598,1,Histórico Evolvy,pending,snoozed,2024-07-14 02:25:06
129558,103460,5598,1,Histórico Evolvy,pending,snoozed,2024-07-14 02:39:06
129561,103463,5598,1,Histórico Evolvy,pending,snoozed,2024-07-14 02:53:06
129562,103464,5598,1,Histórico Evolvy,pending,snoozed,2024-07-14 02:55:09
129563,103465,5598,1,Histórico Evolvy,pending,snoozed,2024-07-14 03:09:06
129565,103469,5598,1,Histórico Evolvy,pending,snoozed,2024-07-14 06:05:07
129567,103476,5598,1,Histórico Evolvy,pending,snoozed,2024-07-14 09:28:08
129568,103477,5598,1,Histórico Evolvy,pending,snoozed,2024-07-14 09:29:07
129571,103484,5598,1,Histórico Evolvy,pending,snoozed,2024-07-14 10:33:08
129572,103485,5598,1,Histórico Evolvy,pending,snoozed,2024-07-14 10:34:07
129573,103486,5598,1,Histórico Evolvy,pending,snoozed,2024-07-14 10:37:07
129574,103487,5598,1,Histórico Evolvy,pending,snoozed,2024-07-14 10:38:07
129578,103494,5598,1,Histórico Evolvy,pending,snoozed,2024-07-14 11:22:08
129580,103497,5598,1,Histórico Evolvy,pending,snoozed,2024-07-14 11:39:09
129581,103498,5598,1,Histórico Evolvy,pending,snoozed,2024-07-14 11:42:07
129582,103501,5598,1,Histórico Evolvy,pending,snoozed,2024-07-14 11:53:09
129583,103502,5598,1,Histórico Evolvy,pending,snoozed,2024-07-14 12:03:09
129584,103503,5598,1,Histórico Evolvy,pending,snoozed,2024-07-14 12:05:10
129585,103506,5598,1,Histórico Evolvy,pending,snoozed,2024-07-14 12:14:08
129586,103507,5598,1,Histórico Evolvy,pending,snoozed,2024-07-14 12:17:07
129588,103510,5598,1,Histórico Evolvy,pending,snoozed,2024-07-14 12:28:08
129592,103522,5598,1,Histórico Evolvy,pending,snoozed,2024-07-14 13:06:06
129593,103523,5598,1,Histórico Evolvy,pending,snoozed,2024-07-14 13:10:11
129595,103525,5598,1,Histórico Evolvy,pending,snoozed,2024-07-14 13:16:05
129597,103528,5598,1,Histórico Evolvy,pending,snoozed,2024-07-14 13:34:09
129598,103529,5598,1,Histórico Evolvy,pending,snoozed,2024-07-14 13:42:09
129600,103531,5598,1,Histórico Evolvy,pending,snoozed,2024-07-14 13:45:08
129602,103533,5598,1,Histórico Evolvy,pending,snoozed,2024-07-14 13:52:07
129606,103539,5598,1,Histórico Evolvy,pending,snoozed,2024-07-14 14:05:06
129607,103540,5598,1,Histórico Evolvy,pending,snoozed,2024-07-14 14:07:09
129608,103542,5598,1,Histórico Evolvy,pending,snoozed,2024-07-14 14:11:09
129609,103543,5598,1,Histórico Evolvy,pending,snoozed,2024-07-14 14:14:06
129611,103547,5598,1,Histórico Evolvy,pending,snoozed,2024-07-14 14:26:10
129612,103548,5598,1,Histórico Evolvy,pending,snoozed,2024-07-14 14:30:09
129613,103550,5598,1,Histórico Evolvy,pending,snoozed,2024-07-14 14:36:09
129614,103551,5598,1,Histórico Evolvy,pending,snoozed,2024-07-14 14:42:11
129616,103555,5598,1,Histórico Evolvy,pending,snoozed,2024-07-14 14:50:06
129617,103557,5598,1,Histórico Evolvy,pending,snoozed,2024-07-14 15:07:08
129619,103560,5598,1,Histórico Evolvy,pending,snoozed,2024-07-14 15:28:08
129621,103563,5598,1,Histórico Evolvy,pending,snoozed,2024-07-14 15:46:09
129626,103571,5598,1,Histórico Evolvy,pending,snoozed,2024-07-14 16:17:07
129627,103573,5598,1,Histórico Evolvy,pending,snoozed,2024-07-14 16:30:07
129628,103574,5598,1,Histórico Evolvy,pending,snoozed,2024-07-14 16:31:14
129629,103575,5598,1,Histórico Evolvy,pending,snoozed,2024-07-14 16:32:07
129630,103579,5598,1,Histórico Evolvy,pending,snoozed,2024-07-14 16:44:07
129632,103581,5598,1,Histórico Evolvy,pending,snoozed,2024-07-14 16:45:07
129633,103584,5598,1,Histórico Evolvy,pending,snoozed,2024-07-14 17:04:10
129635,103587,5598,1,Histórico Evolvy,pending,snoozed,2024-07-14 17:21:06
129636,103588,5598,1,Histórico Evolvy,pending,snoozed,2024-07-14 17:23:06
129640,103594,5598,1,Histórico Evolvy,pending,snoozed,2024-07-14 17:38:10
129641,103596,5598,1,Histórico Evolvy,pending,snoozed,2024-07-14 17:44:08
129644,103601,5598,1,Histórico Evolvy,pending,snoozed,2024-07-14 18:10:07
129648,103640,5598,1,Histórico Evolvy,pending,snoozed,2024-07-14 19:03:05
129649,103643,5598,1,Histórico Evolvy,pending,snoozed,2024-07-14 19:21:51
129651,103649,5598,1,Histórico Evolvy,pending,snoozed,2024-07-14 19:44:12
129655,103656,5598,1,Histórico Evolvy,pending,snoozed,2024-07-14 20:01:12
129658,103663,5598,1,Histórico Evolvy,pending,snoozed,2024-07-14 20:22:10
129660,103666,5598,1,Histórico Evolvy,pending,snoozed,2024-07-14 20:25:15
129661,103672,5598,1,Histórico Evolvy,pending,snoozed,2024-07-14 20:59:06
129665,103681,5598,1,Histórico Evolvy,pending,snoozed,2024-07-14 21:46:06
129666,103684,5598,1,Histórico Evolvy,pending,snoozed,2024-07-14 22:10:09
129667,103685,5598,1,Histórico Evolvy,pending,snoozed,2024-07-14 22:10:17
129668,103689,5598,1,Histórico Evolvy,pending,snoozed,2024-07-14 22:43:06
129669,103692,5598,1,Histórico Evolvy,pending,snoozed,2024-07-14 22:51:06
129674,103700,5598,1,Histórico Evolvy,pending,snoozed,2024-07-14 23:35:08
129675,103702,5598,1,Histórico Evolvy,pending,snoozed,2024-07-14 23:58:06
129676,103704,5598,1,Histórico Evolvy,pending,snoozed,2024-07-15 00:19:07
129677,103705,5598,1,Histórico Evolvy,pending,snoozed,2024-07-15 00:21:08
129679,103709,5598,1,Histórico Evolvy,pending,snoozed,2024-07-15 00:39:06
129680,103710,5598,1,Histórico Evolvy,pending,snoozed,2024-07-15 00:52:09
129682,103714,5598,1,Histórico Evolvy,pending,snoozed,2024-07-15 01:08:07
129683,103716,5598,1,Histórico Evolvy,pending,snoozed,2024-07-15 01:14:06
129684,103717,5598,1,Histórico Evolvy,pending,snoozed,2024-07-15 01:14:13
129685,103719,5598,1,Histórico Evolvy,pending,snoozed,2024-07-15 01:25:08
129689,103726,5598,1,Histórico Evolvy,pending,snoozed,2024-07-15 02:09:07
129690,103728,5598,1,Histórico Evolvy,pending,snoozed,2024-07-15 02:19:05
129692,103730,5598,1,Histórico Evolvy,pending,snoozed,2024-07-15 02:25:09
129693,103731,5598,1,Histórico Evolvy,pending,snoozed,2024-07-15 02:28:06
129694,103732,5598,1,Histórico Evolvy,pending,snoozed,2024-07-15 02:30:07
129695,103733,5598,1,Histórico Evolvy,pending,snoozed,2024-07-15 02:37:10
129696,103735,5598,1,Histórico Evolvy,pending,snoozed,2024-07-15 02:45:09
129698,103740,5598,1,Histórico Evolvy,pending,snoozed,2024-07-15 03:34:06
129699,103742,5598,1,Histórico Evolvy,pending,snoozed,2024-07-15 04:27:06
129700,103744,5598,1,Histórico Evolvy,pending,snoozed,2024-07-15 05:15:07
129701,103745,5598,1,Histórico Evolvy,pending,snoozed,2024-07-15 05:21:06
129702,103746,5598,1,Histórico Evolvy,pending,snoozed,2024-07-15 06:09:07
129703,103751,5598,1,Histórico Evolvy,pending,snoozed,2024-07-15 07:54:07
129705,103762,5598,1,Histórico Evolvy,pending,snoozed,2024-07-15 09:19:06
129707,103771,5598,1,Histórico Evolvy,pending,snoozed,2024-07-15 10:44:08
129708,103774,5598,1,Histórico Evolvy,pending,snoozed,2024-07-15 10:54:09
129711,103778,5598,1,Histórico Evolvy,pending,snoozed,2024-07-15 11:06:08
129712,103784,5598,1,Histórico Evolvy,pending,snoozed,2024-07-15 11:33:06
129714,103786,5598,1,Histórico Evolvy,pending,snoozed,2024-07-15 11:37:07
129715,103787,5598,1,Histórico Evolvy,pending,snoozed,2024-07-15 11:39:09
129717,103791,5598,1,Histórico Evolvy,pending,snoozed,2024-07-15 11:48:08
129719,103794,5598,1,Histórico Evolvy,pending,snoozed,2024-07-15 11:53:08
129725,103810,5598,1,Histórico Evolvy,pending,snoozed,2024-07-15 12:47:05
129726,103811,5598,1,Histórico Evolvy,pending,snoozed,2024-07-15 12:48:10
129729,103814,5598,1,Histórico Evolvy,pending,snoozed,2024-07-15 13:06:09
129730,103815,5598,1,Histórico Evolvy,pending,snoozed,2024-07-15 13:10:10
129731,103819,5598,1,Histórico Evolvy,pending,snoozed,2024-07-15 13:28:07
129734,103823,5598,1,Histórico Evolvy,pending,snoozed,2024-07-15 13:31:14
129736,103827,5598,1,Histórico Evolvy,pending,snoozed,2024-07-15 14:00:13
129740,103841,5598,1,Histórico Evolvy,pending,snoozed,2024-07-15 14:58:05
129741,103844,5598,1,Histórico Evolvy,pending,snoozed,2024-07-15 15:03:06
129742,103851,5598,1,Histórico Evolvy,pending,snoozed,2024-07-15 15:10:11
129744,103864,5598,1,Histórico Evolvy,pending,snoozed,2024-07-15 15:49:10
129747,103869,5598,1,Histórico Evolvy,pending,snoozed,2024-07-15 16:01:05
129749,103871,5598,1,Histórico Evolvy,pending,snoozed,2024-07-15 16:08:06
129751,103873,5598,1,Histórico Evolvy,pending,snoozed,2024-07-15 16:14:07
129752,103874,5598,1,Histórico Evolvy,pending,snoozed,2024-07-15 16:15:07
129757,103883,5598,1,Histórico Evolvy,pending,snoozed,2024-07-15 16:33:05
129759,103892,5598,1,Histórico Evolvy,pending,snoozed,2024-07-15 17:01:08
129763,103916,5598,1,Histórico Evolvy,pending,snoozed,2024-07-15 18:37:07
129765,103920,5598,1,Histórico Evolvy,pending,snoozed,2024-07-15 18:48:09
129773,103933,5598,1,Histórico Evolvy,pending,snoozed,2024-07-15 19:35:07
129774,103935,5598,1,Histórico Evolvy,pending,snoozed,2024-07-15 19:38:06
129775,103936,5598,1,Histórico Evolvy,pending,snoozed,2024-07-15 19:41:06
129778,103939,5598,1,Histórico Evolvy,pending,snoozed,2024-07-15 19:57:05
129779,103940,5598,1,Histórico Evolvy,pending,snoozed,2024-07-15 19:57:08
129782,103948,5598,1,Histórico Evolvy,pending,snoozed,2024-07-15 20:22:10
129783,103950,5598,1,Histórico Evolvy,pending,snoozed,2024-07-15 20:26:06
129784,103958,5598,1,Histórico Evolvy,pending,snoozed,2024-07-15 21:14:08
129787,103962,5598,1,Histórico Evolvy,pending,snoozed,2024-07-15 21:36:08
129788,103963,5598,1,Histórico Evolvy,pending,snoozed,2024-07-15 21:44:05
129789,103965,5598,1,Histórico Evolvy,pending,snoozed,2024-07-15 22:07:07
129792,103968,5598,1,Histórico Evolvy,pending,snoozed,2024-07-15 22:35:08
129793,103969,5598,1,Histórico Evolvy,pending,snoozed,2024-07-15 22:37:07
129794,103972,5598,1,Histórico Evolvy,pending,snoozed,2024-07-15 22:56:05
129795,103973,5598,1,Histórico Evolvy,pending,snoozed,2024-07-15 22:58:05
129796,103974,5598,1,Histórico Evolvy,pending,snoozed,2024-07-15 22:59:06
129797,103977,5598,1,Histórico Evolvy,pending,snoozed,2024-07-15 23:16:06
129798,103978,5598,1,Histórico Evolvy,pending,snoozed,2024-07-15 23:23:07
132795,103996,5598,1,Histórico Evolvy,pending,snoozed,2024-07-16 00:41:07
132798,104001,5598,1,Histórico Evolvy,pending,snoozed,2024-07-16 01:07:08
132800,104005,5598,1,Histórico Evolvy,pending,snoozed,2024-07-16 01:43:06
132801,104006,5598,1,Histórico Evolvy,pending,snoozed,2024-07-16 01:45:08
132803,104013,5598,1,Histórico Evolvy,pending,snoozed,2024-07-16 02:20:10
132806,104019,5598,1,Histórico Evolvy,pending,snoozed,2024-07-16 02:45:10
132807,104021,5598,1,Histórico Evolvy,pending,snoozed,2024-07-16 03:07:07
132809,104027,5598,1,Histórico Evolvy,pending,snoozed,2024-07-16 04:04:06
132812,104034,5598,1,Histórico Evolvy,pending,snoozed,2024-07-16 07:06:06
132815,104037,5598,1,Histórico Evolvy,pending,snoozed,2024-07-16 07:09:14
132817,104039,5598,1,Histórico Evolvy,pending,snoozed,2024-07-16 07:25:09
132820,104046,5598,1,Histórico Evolvy,pending,snoozed,2024-07-16 09:26:07
132821,104048,5598,1,Histórico Evolvy,pending,snoozed,2024-07-16 09:30:06
132822,104053,5598,1,Histórico Evolvy,pending,snoozed,2024-07-16 09:46:06
132823,104054,5598,1,Histórico Evolvy,pending,snoozed,2024-07-16 09:49:06
132825,104056,5598,1,Histórico Evolvy,pending,snoozed,2024-07-16 09:57:05
132826,104059,5598,1,Histórico Evolvy,pending,snoozed,2024-07-16 10:13:06
132827,104061,5598,1,Histórico Evolvy,pending,snoozed,2024-07-16 10:29:06
132828,104062,5598,1,Histórico Evolvy,pending,snoozed,2024-07-16 10:29:13
132830,104064,5598,1,Histórico Evolvy,pending,snoozed,2024-07-16 10:32:07
132831,104065,5598,1,Histórico Evolvy,pending,snoozed,2024-07-16 10:49:08
132833,104073,5598,1,Histórico Evolvy,pending,snoozed,2024-07-16 11:17:09
132835,104076,5598,1,Histórico Evolvy,pending,snoozed,2024-07-16 11:19:05
132836,104077,5598,1,Histórico Evolvy,pending,snoozed,2024-07-16 11:23:08
132841,104096,5598,1,Histórico Evolvy,pending,snoozed,2024-07-16 12:16:08
132843,104104,5598,1,Histórico Evolvy,pending,snoozed,2024-07-16 12:37:05
132845,104108,5598,1,Histórico Evolvy,pending,snoozed,2024-07-16 12:57:06
132849,104114,5598,1,Histórico Evolvy,pending,snoozed,2024-07-16 13:30:08
132854,104121,5598,1,Histórico Evolvy,pending,snoozed,2024-07-16 13:50:06
132855,104123,5598,1,Histórico Evolvy,pending,snoozed,2024-07-16 13:59:07
132858,104134,5598,1,Histórico Evolvy,pending,snoozed,2024-07-16 14:18:10
132861,104138,5598,1,Histórico Evolvy,pending,snoozed,2024-07-16 14:27:11
132865,104146,5598,1,Histórico Evolvy,pending,snoozed,2024-07-16 15:04:07
132867,104150,5598,1,Histórico Evolvy,pending,snoozed,2024-07-16 15:15:05
132868,104151,5598,1,Histórico Evolvy,pending,snoozed,2024-07-16 15:18:10
132870,104154,5598,1,Histórico Evolvy,pending,snoozed,2024-07-16 15:27:06
132873,104157,5598,1,Histórico Evolvy,pending,snoozed,2024-07-16 15:39:06
132876,104165,5598,1,Histórico Evolvy,pending,snoozed,2024-07-16 16:20:11
132880,104184,5598,1,Histórico Evolvy,pending,snoozed,2024-07-16 16:58:08
132883,104200,5598,1,Histórico Evolvy,pending,snoozed,2024-07-16 17:21:08
132889,104215,5598,1,Histórico Evolvy,pending,snoozed,2024-07-16 17:59:06
132890,104216,5598,1,Histórico Evolvy,pending,snoozed,2024-07-16 18:00:07
132894,104226,5598,1,Histórico Evolvy,pending,snoozed,2024-07-16 18:29:07
132896,104232,5598,1,Histórico Evolvy,pending,snoozed,2024-07-16 18:52:07
132900,104239,5598,1,Histórico Evolvy,pending,snoozed,2024-07-16 19:31:04
132901,104240,5598,1,Histórico Evolvy,pending,snoozed,2024-07-16 19:31:07
132902,104245,5598,1,Histórico Evolvy,pending,snoozed,2024-07-16 19:41:08
132906,104258,5598,1,Histórico Evolvy,pending,snoozed,2024-07-16 20:30:10
132908,104260,5598,1,Histórico Evolvy,pending,snoozed,2024-07-16 20:36:08
132909,104262,5598,1,Histórico Evolvy,pending,snoozed,2024-07-16 20:51:08
132912,104266,5598,1,Histórico Evolvy,pending,snoozed,2024-07-16 21:06:07
132913,104267,5598,1,Histórico Evolvy,pending,snoozed,2024-07-16 21:15:08
132921,104280,5598,1,Histórico Evolvy,pending,snoozed,2024-07-16 21:58:06
132922,104284,5598,1,Histórico Evolvy,pending,snoozed,2024-07-16 22:04:06
132923,104289,5598,1,Histórico Evolvy,pending,snoozed,2024-07-16 22:15:07
132925,104292,5598,1,Histórico Evolvy,pending,snoozed,2024-07-16 22:19:07
132929,104302,5598,1,Histórico Evolvy,pending,snoozed,2024-07-16 22:45:07
132931,104311,5598,1,Histórico Evolvy,pending,snoozed,2024-07-16 23:27:06
132932,104312,5598,1,Histórico Evolvy,pending,snoozed,2024-07-16 23:29:08
132935,104320,5598,1,Histórico Evolvy,pending,snoozed,2024-07-17 00:14:07
132939,104345,5598,1,Histórico Evolvy,pending,snoozed,2024-07-17 02:22:11
132940,104346,5598,1,Histórico Evolvy,pending,snoozed,2024-07-17 02:29:07
132942,104349,5598,1,Histórico Evolvy,pending,snoozed,2024-07-17 02:33:06
132943,104352,5598,1,Histórico Evolvy,pending,snoozed,2024-07-17 03:21:06
132944,104353,5598,1,Histórico Evolvy,pending,snoozed,2024-07-17 03:28:06
132946,104359,5598,1,Histórico Evolvy,pending,snoozed,2024-07-17 03:48:07
132948,104362,5598,1,Histórico Evolvy,pending,snoozed,2024-07-17 04:09:09
132949,104363,5598,1,Histórico Evolvy,pending,snoozed,2024-07-17 04:12:05
132951,104365,5598,1,Histórico Evolvy,pending,snoozed,2024-07-17 04:25:10
132952,104366,5598,1,Histórico Evolvy,pending,snoozed,2024-07-17 04:59:05
132953,104368,5598,1,Histórico Evolvy,pending,snoozed,2024-07-17 05:56:04
132954,104369,5598,1,Histórico Evolvy,pending,snoozed,2024-07-17 06:06:06
132955,104371,5598,1,Histórico Evolvy,pending,snoozed,2024-07-17 07:07:08
132956,104372,5598,1,Histórico Evolvy,pending,snoozed,2024-07-17 07:58:06
132957,104373,5598,1,Histórico Evolvy,pending,snoozed,2024-07-17 08:18:07
132958,104374,5598,1,Histórico Evolvy,pending,snoozed,2024-07-17 08:28:07
132960,104378,5598,1,Histórico Evolvy,pending,snoozed,2024-07-17 08:59:06
132961,104380,5598,1,Histórico Evolvy,pending,snoozed,2024-07-17 09:10:05
132962,104381,5598,1,Histórico Evolvy,pending,snoozed,2024-07-17 09:22:07
132964,104383,5598,1,Histórico Evolvy,pending,snoozed,2024-07-17 09:25:12
132966,104393,5598,1,Histórico Evolvy,pending,snoozed,2024-07-17 09:50:05
132967,104394,5598,1,Histórico Evolvy,pending,snoozed,2024-07-17 09:52:06
132969,104397,5598,1,Histórico Evolvy,pending,snoozed,2024-07-17 10:12:05
132970,104398,5598,1,Histórico Evolvy,pending,snoozed,2024-07-17 10:20:11
132971,104399,5598,1,Histórico Evolvy,pending,snoozed,2024-07-17 10:28:05
132972,104401,5598,1,Histórico Evolvy,pending,snoozed,2024-07-17 10:31:07
132975,104404,5598,1,Histórico Evolvy,pending,snoozed,2024-07-17 10:42:06
132977,104412,5598,1,Histórico Evolvy,pending,snoozed,2024-07-17 11:28:07
132978,104413,5598,1,Histórico Evolvy,pending,snoozed,2024-07-17 11:30:10
132982,104419,5598,1,Histórico Evolvy,pending,snoozed,2024-07-17 11:40:11
132987,104426,5598,1,Histórico Evolvy,pending,snoozed,2024-07-17 11:51:06
132990,104429,5598,1,Histórico Evolvy,pending,snoozed,2024-07-17 11:53:10
132998,104438,5598,1,Histórico Evolvy,pending,snoozed,2024-07-17 12:15:08
133011,104457,5598,1,Histórico Evolvy,pending,snoozed,2024-07-17 12:46:06
133013,104460,5598,1,Histórico Evolvy,pending,snoozed,2024-07-17 12:53:11
133014,104461,5598,1,Histórico Evolvy,pending,snoozed,2024-07-17 12:56:07
133015,104462,5598,1,Histórico Evolvy,pending,snoozed,2024-07-17 13:25:07
133017,104465,5598,1,Histórico Evolvy,pending,snoozed,2024-07-17 13:32:07
133020,104469,5598,1,Histórico Evolvy,pending,snoozed,2024-07-17 13:48:05
133021,104470,5598,1,Histórico Evolvy,pending,snoozed,2024-07-17 14:04:08
133026,104478,5598,1,Histórico Evolvy,pending,snoozed,2024-07-17 14:21:09
133027,104482,5598,1,Histórico Evolvy,pending,snoozed,2024-07-17 14:27:12
133028,104483,5598,1,Histórico Evolvy,pending,snoozed,2024-07-17 14:31:05
133036,104496,5598,1,Histórico Evolvy,pending,snoozed,2024-07-17 15:12:09
133039,104501,5598,1,Histórico Evolvy,pending,snoozed,2024-07-17 15:25:08
133042,104504,5598,1,Histórico Evolvy,pending,snoozed,2024-07-17 15:43:06
133043,104505,5598,1,Histórico Evolvy,pending,snoozed,2024-07-17 15:45:06
133045,104511,5598,1,Histórico Evolvy,pending,snoozed,2024-07-17 16:24:08
133047,104515,5598,1,Histórico Evolvy,pending,snoozed,2024-07-17 16:35:07
133049,104525,5598,1,Histórico Evolvy,pending,snoozed,2024-07-17 16:57:05
133052,104548,5598,1,Histórico Evolvy,pending,snoozed,2024-07-17 17:44:08
133056,104557,5598,1,Histórico Evolvy,pending,snoozed,2024-07-17 18:04:07
133062,104568,5598,1,Histórico Evolvy,pending,snoozed,2024-07-17 18:27:12
133063,104570,5598,1,Histórico Evolvy,pending,snoozed,2024-07-17 18:29:08
133064,104572,5598,1,Histórico Evolvy,pending,snoozed,2024-07-17 18:36:05
133065,104577,5598,1,Histórico Evolvy,pending,snoozed,2024-07-17 18:44:11
133070,104583,5598,1,Histórico Evolvy,pending,snoozed,2024-07-17 19:03:06
133072,104587,5598,1,Histórico Evolvy,pending,snoozed,2024-07-17 19:13:11
133079,104603,5598,1,Histórico Evolvy,pending,snoozed,2024-07-17 20:21:10
133080,104604,5598,1,Histórico Evolvy,pending,snoozed,2024-07-17 20:23:05
133081,104607,5598,1,Histórico Evolvy,pending,snoozed,2024-07-17 20:34:06
133085,104613,5598,1,Histórico Evolvy,pending,snoozed,2024-07-17 20:56:04
133087,104615,5598,1,Histórico Evolvy,pending,snoozed,2024-07-17 21:09:08
133090,104620,5598,1,Histórico Evolvy,pending,snoozed,2024-07-17 21:19:09
133092,104633,5598,1,Histórico Evolvy,pending,snoozed,2024-07-17 22:14:07
133094,104637,5598,1,Histórico Evolvy,pending,snoozed,2024-07-17 22:26:05
133095,104638,5598,1,Histórico Evolvy,pending,snoozed,2024-07-17 22:35:08
133098,104653,5598,1,Histórico Evolvy,pending,snoozed,2024-07-17 23:54:06
133099,104658,5598,1,Histórico Evolvy,pending,snoozed,2024-07-18 00:07:07
133100,104661,5598,1,Histórico Evolvy,pending,snoozed,2024-07-18 00:25:08
133104,104670,5598,1,Histórico Evolvy,pending,snoozed,2024-07-18 00:49:06
133107,104677,5598,1,Histórico Evolvy,pending,snoozed,2024-07-18 02:00:06
133110,104681,5598,1,Histórico Evolvy,pending,snoozed,2024-07-18 02:21:07
133111,104683,5598,1,Histórico Evolvy,pending,snoozed,2024-07-18 02:29:08
133112,104684,5598,1,Histórico Evolvy,pending,snoozed,2024-07-18 02:46:07
133115,104691,5598,1,Histórico Evolvy,pending,snoozed,2024-07-18 03:25:08
133116,104692,5598,1,Histórico Evolvy,pending,snoozed,2024-07-18 03:29:07
133117,104695,5598,1,Histórico Evolvy,pending,snoozed,2024-07-18 03:49:08
133119,104704,5598,1,Histórico Evolvy,pending,snoozed,2024-07-18 04:30:06
133122,104709,5598,1,Histórico Evolvy,pending,snoozed,2024-07-18 06:09:08
133126,104714,5598,1,Histórico Evolvy,pending,snoozed,2024-07-18 07:33:07
133127,104715,5598,1,Histórico Evolvy,pending,snoozed,2024-07-18 07:39:07
133130,104721,5598,1,Histórico Evolvy,pending,snoozed,2024-07-18 09:36:05
133131,104725,5598,1,Histórico Evolvy,pending,snoozed,2024-07-18 09:52:06
133134,104728,5598,1,Histórico Evolvy,pending,snoozed,2024-07-18 10:18:07
133136,104731,5598,1,Histórico Evolvy,pending,snoozed,2024-07-18 10:39:06
133141,104741,5598,1,Histórico Evolvy,pending,snoozed,2024-07-18 11:18:08
133146,104758,5598,1,Histórico Evolvy,pending,snoozed,2024-07-18 12:11:05
133150,104765,5598,1,Histórico Evolvy,pending,snoozed,2024-07-18 12:33:07
133151,104766,5598,1,Histórico Evolvy,pending,snoozed,2024-07-18 12:33:09
133157,104774,5598,1,Histórico Evolvy,pending,snoozed,2024-07-18 13:04:07
133158,104775,5598,1,Histórico Evolvy,pending,snoozed,2024-07-18 13:18:07
133162,104779,5598,1,Histórico Evolvy,pending,snoozed,2024-07-18 13:41:06
133163,104780,5598,1,Histórico Evolvy,pending,snoozed,2024-07-18 13:41:14
133167,104788,5598,1,Histórico Evolvy,pending,snoozed,2024-07-18 14:05:08
133171,104794,5598,1,Histórico Evolvy,pending,snoozed,2024-07-18 14:21:05
133172,104796,5598,1,Histórico Evolvy,pending,snoozed,2024-07-18 14:24:08
133173,104798,5598,1,Histórico Evolvy,pending,snoozed,2024-07-18 14:36:05
133175,104807,5598,1,Histórico Evolvy,pending,snoozed,2024-07-18 15:18:07
133179,104817,5598,1,Histórico Evolvy,pending,snoozed,2024-07-18 15:59:09
133180,104818,5598,1,Histórico Evolvy,pending,snoozed,2024-07-18 16:06:09
133181,104823,5598,1,Histórico Evolvy,pending,snoozed,2024-07-18 16:50:06
133182,104824,5598,1,Histórico Evolvy,pending,snoozed,2024-07-18 16:54:07
133183,104826,5598,1,Histórico Evolvy,pending,snoozed,2024-07-18 16:55:09
133188,104837,5598,1,Histórico Evolvy,pending,snoozed,2024-07-18 17:12:08
133189,104842,5598,1,Histórico Evolvy,pending,snoozed,2024-07-18 17:34:09
133191,104844,5598,1,Histórico Evolvy,pending,snoozed,2024-07-18 17:41:06
133194,104848,5598,1,Histórico Evolvy,pending,snoozed,2024-07-18 17:52:09
133207,104863,5598,1,Histórico Evolvy,pending,snoozed,2024-07-18 18:24:08
133211,104884,5598,1,Histórico Evolvy,pending,snoozed,2024-07-18 18:49:05
133217,104896,5598,1,Histórico Evolvy,pending,snoozed,2024-07-18 19:34:07
133221,104904,5598,1,Histórico Evolvy,pending,snoozed,2024-07-18 20:01:08
133222,104905,5598,1,Histórico Evolvy,pending,snoozed,2024-07-18 20:03:05
133223,104907,5598,1,Histórico Evolvy,pending,snoozed,2024-07-18 20:14:07
133224,104908,5598,1,Histórico Evolvy,pending,snoozed,2024-07-18 20:17:06
133225,104911,5598,1,Histórico Evolvy,pending,snoozed,2024-07-18 20:39:06
133226,104912,5598,1,Histórico Evolvy,pending,snoozed,2024-07-18 20:40:05
133227,104915,5598,1,Histórico Evolvy,pending,snoozed,2024-07-18 20:57:10
133229,104919,5598,1,Histórico Evolvy,pending,snoozed,2024-07-18 21:03:07
133230,104926,5598,1,Histórico Evolvy,pending,snoozed,2024-07-18 21:30:10
133232,104928,5598,1,Histórico Evolvy,pending,snoozed,2024-07-18 21:44:06
133236,104933,5598,1,Histórico Evolvy,pending,snoozed,2024-07-18 22:01:06
133242,104944,5598,1,Histórico Evolvy,pending,snoozed,2024-07-18 22:34:07
133246,104951,5598,1,Histórico Evolvy,pending,snoozed,2024-07-18 23:19:08
133248,104964,5598,1,Histórico Evolvy,pending,snoozed,2024-07-19 00:16:05
133249,104969,5598,1,Histórico Evolvy,pending,snoozed,2024-07-19 00:31:06
133250,104975,5598,1,Histórico Evolvy,pending,snoozed,2024-07-19 01:22:08
133251,104976,5598,1,Histórico Evolvy,pending,snoozed,2024-07-19 01:24:06
133252,104977,5598,1,Histórico Evolvy,pending,snoozed,2024-07-19 01:33:06
133253,104978,5598,1,Histórico Evolvy,pending,snoozed,2024-07-19 01:34:07
133259,104984,5598,1,Histórico Evolvy,pending,snoozed,2024-07-19 02:10:08
133263,104990,5598,1,Histórico Evolvy,pending,snoozed,2024-07-19 02:41:08
133266,104998,5598,1,Histórico Evolvy,pending,snoozed,2024-07-19 03:28:08
133267,105004,5598,1,Histórico Evolvy,pending,snoozed,2024-07-19 05:08:06
133268,105005,5598,1,Histórico Evolvy,pending,snoozed,2024-07-19 05:34:06
133269,105007,5598,1,Histórico Evolvy,pending,snoozed,2024-07-19 05:52:04
133271,105012,5598,1,Histórico Evolvy,pending,snoozed,2024-07-19 07:53:06
133272,105016,5598,1,Histórico Evolvy,pending,snoozed,2024-07-19 09:15:05
133274,105019,5598,1,Histórico Evolvy,pending,snoozed,2024-07-19 09:37:08
133275,105022,5598,1,Histórico Evolvy,pending,snoozed,2024-07-19 09:43:08
133278,105031,5598,1,Histórico Evolvy,pending,snoozed,2024-07-19 10:19:06
133280,105033,5598,1,Histórico Evolvy,pending,snoozed,2024-07-19 10:41:11
133283,105038,5598,1,Histórico Evolvy,pending,snoozed,2024-07-19 11:00:18
133287,105050,5598,1,Histórico Evolvy,pending,snoozed,2024-07-19 11:47:05
133288,105053,5598,1,Histórico Evolvy,pending,snoozed,2024-07-19 11:56:07
134296,105063,5598,1,Histórico Evolvy,pending,snoozed,2024-07-19 12:28:12
134312,105095,5598,1,Histórico Evolvy,pending,snoozed,2024-07-19 15:19:07
134315,105103,5598,1,Histórico Evolvy,pending,snoozed,2024-07-19 15:54:07
134320,105120,5598,1,Histórico Evolvy,pending,snoozed,2024-07-19 16:36:07
134322,105125,5598,1,Histórico Evolvy,pending,snoozed,2024-07-19 17:02:11
134324,105129,5598,1,Histórico Evolvy,pending,snoozed,2024-07-19 17:27:06
134327,105134,5598,1,Histórico Evolvy,pending,snoozed,2024-07-19 17:59:07
134342,105166,5598,1,Histórico Evolvy,pending,snoozed,2024-07-19 18:56:06
134346,105172,5598,1,Histórico Evolvy,pending,snoozed,2024-07-19 19:04:09
134347,105175,5598,1,Histórico Evolvy,pending,snoozed,2024-07-19 19:09:06
134350,105179,5598,1,Histórico Evolvy,pending,snoozed,2024-07-19 19:27:09
134352,105182,5598,1,Histórico Evolvy,pending,snoozed,2024-07-19 19:41:09
134355,105185,5598,1,Histórico Evolvy,pending,snoozed,2024-07-19 19:49:06
134375,105219,5598,1,Histórico Evolvy,pending,snoozed,2024-07-19 20:58:07
134377,105222,5598,1,Histórico Evolvy,pending,snoozed,2024-07-19 21:06:08
134378,105229,5598,1,Histórico Evolvy,pending,snoozed,2024-07-19 21:55:06
134379,105234,5598,1,Histórico Evolvy,pending,snoozed,2024-07-19 22:32:08
134380,105236,5598,1,Histórico Evolvy,pending,snoozed,2024-07-19 22:35:10
134385,105252,5598,1,Histórico Evolvy,pending,snoozed,2024-07-20 00:12:09
134386,105256,5598,1,Histórico Evolvy,pending,snoozed,2024-07-20 00:26:08
134392,105265,5598,1,Histórico Evolvy,pending,snoozed,2024-07-20 01:28:07
134393,105266,5598,1,Histórico Evolvy,pending,snoozed,2024-07-20 01:31:07
134394,105270,5598,1,Histórico Evolvy,pending,snoozed,2024-07-20 02:08:08
134396,105275,5598,1,Histórico Evolvy,pending,snoozed,2024-07-20 02:52:06
134399,105282,5598,1,Histórico Evolvy,pending,snoozed,2024-07-20 03:29:08
134400,105285,5598,1,Histórico Evolvy,pending,snoozed,2024-07-20 03:57:05
134401,105289,5598,1,Histórico Evolvy,pending,snoozed,2024-07-20 04:49:08
134402,105291,5598,1,Histórico Evolvy,pending,snoozed,2024-07-20 05:27:07
134404,105293,5598,1,Histórico Evolvy,pending,snoozed,2024-07-20 05:34:06
134405,105294,5598,1,Histórico Evolvy,pending,snoozed,2024-07-20 07:05:08
134406,105295,5598,1,Histórico Evolvy,pending,snoozed,2024-07-20 07:07:08
134407,105296,5598,1,Histórico Evolvy,pending,snoozed,2024-07-20 07:10:07
134408,105297,5598,1,Histórico Evolvy,pending,snoozed,2024-07-20 07:12:07
134411,105307,5598,1,Histórico Evolvy,pending,snoozed,2024-07-20 09:01:05
134419,105321,5598,1,Histórico Evolvy,pending,snoozed,2024-07-20 11:02:07
134420,105323,5598,1,Histórico Evolvy,pending,snoozed,2024-07-20 11:15:05
134423,105328,5598,1,Histórico Evolvy,pending,snoozed,2024-07-20 11:35:09
134426,105332,5598,1,Histórico Evolvy,pending,snoozed,2024-07-20 11:45:10
134429,105336,5598,1,Histórico Evolvy,pending,snoozed,2024-07-20 11:50:08
134430,105339,5598,1,Histórico Evolvy,pending,snoozed,2024-07-20 11:56:08
134432,105344,5598,1,Histórico Evolvy,pending,snoozed,2024-07-20 12:23:08
134434,105346,5598,1,Histórico Evolvy,pending,snoozed,2024-07-20 12:26:07
134435,105349,5598,1,Histórico Evolvy,pending,snoozed,2024-07-20 12:28:11
134436,105354,5598,1,Histórico Evolvy,pending,snoozed,2024-07-20 12:38:10
134439,105359,5598,1,Histórico Evolvy,pending,snoozed,2024-07-20 12:47:08
134441,105361,5598,1,Histórico Evolvy,pending,snoozed,2024-07-20 12:55:09
134442,105362,5598,1,Histórico Evolvy,pending,snoozed,2024-07-20 12:56:09
134443,105365,5598,1,Histórico Evolvy,pending,snoozed,2024-07-20 12:59:06
134444,105366,5598,1,Histórico Evolvy,pending,snoozed,2024-07-20 13:00:07
134445,105368,5598,1,Histórico Evolvy,pending,snoozed,2024-07-20 13:03:06
134449,105374,5598,1,Histórico Evolvy,pending,snoozed,2024-07-20 13:16:08
134450,105375,5598,1,Histórico Evolvy,pending,snoozed,2024-07-20 13:16:14
134451,105376,5598,1,Histórico Evolvy,pending,snoozed,2024-07-20 13:17:08
134452,105377,5598,1,Histórico Evolvy,pending,snoozed,2024-07-20 13:18:07
134456,105381,5598,1,Histórico Evolvy,pending,snoozed,2024-07-20 13:28:12
134457,105382,5598,1,Histórico Evolvy,pending,snoozed,2024-07-20 13:39:10
134458,105383,5598,1,Histórico Evolvy,pending,snoozed,2024-07-20 13:40:12
134459,105384,5598,1,Histórico Evolvy,pending,snoozed,2024-07-20 13:43:04
134461,105386,5598,1,Histórico Evolvy,pending,snoozed,2024-07-20 13:52:08
134466,105393,5598,1,Histórico Evolvy,pending,snoozed,2024-07-20 14:03:14
134467,105394,5598,1,Histórico Evolvy,pending,snoozed,2024-07-20 14:07:10
134475,105408,5598,1,Histórico Evolvy,pending,snoozed,2024-07-20 14:34:12
134476,105410,5598,1,Histórico Evolvy,pending,snoozed,2024-07-20 14:39:10
134478,105414,5598,1,Histórico Evolvy,pending,snoozed,2024-07-20 14:44:08
134480,105423,5598,1,Histórico Evolvy,pending,snoozed,2024-07-20 15:04:08
134482,105425,5598,1,Histórico Evolvy,pending,snoozed,2024-07-20 15:05:07
134483,105427,5598,1,Histórico Evolvy,pending,snoozed,2024-07-20 15:08:07
134484,105428,5598,1,Histórico Evolvy,pending,snoozed,2024-07-20 15:08:13
134488,105435,5598,1,Histórico Evolvy,pending,snoozed,2024-07-20 15:29:06
134490,105440,5598,1,Histórico Evolvy,pending,snoozed,2024-07-20 15:34:10
134491,105441,5598,1,Histórico Evolvy,pending,snoozed,2024-07-20 15:35:08
134492,105442,5598,1,Histórico Evolvy,pending,snoozed,2024-07-20 15:39:08
134495,105446,5598,1,Histórico Evolvy,pending,snoozed,2024-07-20 15:59:15
134496,105448,5598,1,Histórico Evolvy,pending,snoozed,2024-07-20 16:02:07
134498,105451,5598,1,Histórico Evolvy,pending,snoozed,2024-07-20 16:18:07
134501,105454,5598,1,Histórico Evolvy,pending,snoozed,2024-07-20 16:30:17
134502,105455,5598,1,Histórico Evolvy,pending,snoozed,2024-07-20 16:31:12
134510,105472,5598,1,Histórico Evolvy,pending,snoozed,2024-07-20 16:47:07
134511,105473,5598,1,Histórico Evolvy,pending,snoozed,2024-07-20 16:48:06
134512,105474,5598,1,Histórico Evolvy,pending,snoozed,2024-07-20 16:49:06
134518,105481,5598,1,Histórico Evolvy,pending,snoozed,2024-07-20 16:59:08
134519,105482,5598,1,Histórico Evolvy,pending,snoozed,2024-07-20 16:59:14
134522,105488,5598,1,Histórico Evolvy,pending,snoozed,2024-07-20 17:19:07
134532,105508,5598,1,Histórico Evolvy,pending,snoozed,2024-07-20 18:03:07
134533,105509,5598,1,Histórico Evolvy,pending,snoozed,2024-07-20 18:06:06
134534,105510,5598,1,Histórico Evolvy,pending,snoozed,2024-07-20 18:12:06
134548,105529,5598,1,Histórico Evolvy,pending,snoozed,2024-07-20 18:48:14
134550,105533,5598,1,Histórico Evolvy,pending,snoozed,2024-07-20 18:54:08
134551,105535,5598,1,Histórico Evolvy,pending,snoozed,2024-07-20 18:57:10
134553,105538,5598,1,Histórico Evolvy,pending,snoozed,2024-07-20 19:03:08
134556,105541,5598,1,Histórico Evolvy,pending,snoozed,2024-07-20 19:09:08
134561,105546,5598,1,Histórico Evolvy,pending,snoozed,2024-07-20 19:14:09
134562,105547,5598,1,Histórico Evolvy,pending,snoozed,2024-07-20 19:14:15
134577,105563,5598,1,Histórico Evolvy,pending,snoozed,2024-07-20 19:58:08
134580,105568,5598,1,Histórico Evolvy,pending,snoozed,2024-07-20 20:10:05
134583,105575,5598,1,Histórico Evolvy,pending,snoozed,2024-07-20 20:51:08
134584,105578,5598,1,Histórico Evolvy,pending,snoozed,2024-07-20 21:47:09
134585,105579,5598,1,Histórico Evolvy,pending,snoozed,2024-07-20 21:59:06
134586,105582,5598,1,Histórico Evolvy,pending,snoozed,2024-07-20 22:10:08
134587,105583,5598,1,Histórico Evolvy,pending,snoozed,2024-07-20 22:14:08
134588,105585,5598,1,Histórico Evolvy,pending,snoozed,2024-07-20 22:26:09
134590,105587,5598,1,Histórico Evolvy,pending,snoozed,2024-07-20 22:33:08
134592,105592,5598,1,Histórico Evolvy,pending,snoozed,2024-07-20 23:41:06
134593,105593,5598,1,Histórico Evolvy,pending,snoozed,2024-07-20 23:41:12
134596,105596,5598,1,Histórico Evolvy,pending,snoozed,2024-07-21 00:07:08
134600,105605,5598,1,Histórico Evolvy,pending,snoozed,2024-07-21 00:54:07
134602,105610,5598,1,Histórico Evolvy,pending,snoozed,2024-07-21 02:25:08
134606,105614,5598,1,Histórico Evolvy,pending,snoozed,2024-07-21 02:46:06
134607,105615,5598,1,Histórico Evolvy,pending,snoozed,2024-07-21 02:47:05
134613,105625,5598,1,Histórico Evolvy,pending,snoozed,2024-07-21 03:35:07
134614,105629,5598,1,Histórico Evolvy,pending,snoozed,2024-07-21 04:59:07
134617,105633,5598,1,Histórico Evolvy,pending,snoozed,2024-07-21 07:15:07
134619,105636,5598,1,Histórico Evolvy,pending,snoozed,2024-07-21 08:40:16
134621,105645,5598,1,Histórico Evolvy,pending,snoozed,2024-07-21 10:01:15
134626,105652,5598,1,Histórico Evolvy,pending,snoozed,2024-07-21 10:27:08
134627,105655,5598,1,Histórico Evolvy,pending,snoozed,2024-07-21 10:33:09
134628,105656,5598,1,Histórico Evolvy,pending,snoozed,2024-07-21 10:39:09
134629,105657,5598,1,Histórico Evolvy,pending,snoozed,2024-07-21 10:40:15
134630,105658,5598,1,Histórico Evolvy,pending,snoozed,2024-07-21 10:41:11
134631,105659,5598,1,Histórico Evolvy,pending,snoozed,2024-07-21 10:44:10
134633,105663,5598,1,Histórico Evolvy,pending,snoozed,2024-07-21 10:48:05
134634,105665,5598,1,Histórico Evolvy,pending,snoozed,2024-07-21 10:54:09
134635,105666,5598,1,Histórico Evolvy,pending,snoozed,2024-07-21 10:57:06
134636,105672,5598,1,Histórico Evolvy,pending,snoozed,2024-07-21 11:12:08
134637,105673,5598,1,Histórico Evolvy,pending,snoozed,2024-07-21 11:12:14
134638,105674,5598,1,Histórico Evolvy,pending,snoozed,2024-07-21 11:13:06
134643,105679,5598,1,Histórico Evolvy,pending,snoozed,2024-07-21 11:26:13
134646,105683,5598,1,Histórico Evolvy,pending,snoozed,2024-07-21 11:32:07
134648,105685,5598,1,Histórico Evolvy,pending,snoozed,2024-07-21 11:40:14
134654,105694,5598,1,Histórico Evolvy,pending,snoozed,2024-07-21 11:54:07
134655,105695,5598,1,Histórico Evolvy,pending,snoozed,2024-07-21 11:56:08
134661,105702,5598,1,Histórico Evolvy,pending,snoozed,2024-07-21 12:06:07
134662,105703,5598,1,Histórico Evolvy,pending,snoozed,2024-07-21 12:11:10
134664,105705,5598,1,Histórico Evolvy,pending,snoozed,2024-07-21 12:18:11
134669,105711,5598,1,Histórico Evolvy,pending,snoozed,2024-07-21 12:23:11
134670,105714,5598,1,Histórico Evolvy,pending,snoozed,2024-07-21 12:32:06
134671,105715,5598,1,Histórico Evolvy,pending,snoozed,2024-07-21 12:32:13
134676,105721,5598,1,Histórico Evolvy,pending,snoozed,2024-07-21 12:45:09
134677,105722,5598,1,Histórico Evolvy,pending,snoozed,2024-07-21 12:49:06
134680,105727,5598,1,Histórico Evolvy,pending,snoozed,2024-07-21 12:56:14
134682,105729,5598,1,Histórico Evolvy,pending,snoozed,2024-07-21 12:58:08
134684,105732,5598,1,Histórico Evolvy,pending,snoozed,2024-07-21 13:02:09
134685,105733,5598,1,Histórico Evolvy,pending,snoozed,2024-07-21 13:03:10
134689,105738,5598,1,Histórico Evolvy,pending,snoozed,2024-07-21 13:17:13
134691,105740,5598,1,Histórico Evolvy,pending,snoozed,2024-07-21 13:22:11
134692,105741,5598,1,Histórico Evolvy,pending,snoozed,2024-07-21 13:28:11
134693,105742,5598,1,Histórico Evolvy,pending,snoozed,2024-07-21 13:30:24
134696,105746,5598,1,Histórico Evolvy,pending,snoozed,2024-07-21 13:35:10
134700,105750,5598,1,Histórico Evolvy,pending,snoozed,2024-07-21 14:06:09
134701,105752,5598,1,Histórico Evolvy,pending,snoozed,2024-07-21 14:09:08
134704,105756,5598,1,Histórico Evolvy,pending,snoozed,2024-07-21 14:32:07
134705,105757,5598,1,Histórico Evolvy,pending,snoozed,2024-07-21 14:34:11
134706,105759,5598,1,Histórico Evolvy,pending,snoozed,2024-07-21 14:50:11
134709,105765,5598,1,Histórico Evolvy,pending,snoozed,2024-07-21 15:10:11
134712,105769,5598,1,Histórico Evolvy,pending,snoozed,2024-07-21 15:17:10
134714,105772,5598,1,Histórico Evolvy,pending,snoozed,2024-07-21 15:30:07
134718,105785,5598,1,Histórico Evolvy,pending,snoozed,2024-07-21 16:17:10
134719,105789,5598,1,Histórico Evolvy,pending,snoozed,2024-07-21 16:30:12
134721,105792,5598,1,Histórico Evolvy,pending,snoozed,2024-07-21 16:38:08
134722,105794,5598,1,Histórico Evolvy,pending,snoozed,2024-07-21 16:40:13
134725,105800,5598,1,Histórico Evolvy,pending,snoozed,2024-07-21 17:08:07
134726,105802,5598,1,Histórico Evolvy,pending,snoozed,2024-07-21 17:09:09
134728,105804,5598,1,Histórico Evolvy,pending,snoozed,2024-07-21 17:20:10
134731,105810,5598,1,Histórico Evolvy,pending,snoozed,2024-07-21 17:28:06
134732,105811,5598,1,Histórico Evolvy,pending,snoozed,2024-07-21 17:37:08
134733,105813,5598,1,Histórico Evolvy,pending,snoozed,2024-07-21 17:47:07
134742,105829,5598,1,Histórico Evolvy,pending,snoozed,2024-07-21 19:14:10
134744,105834,5598,1,Histórico Evolvy,pending,snoozed,2024-07-21 19:51:11
134750,105849,5598,1,Histórico Evolvy,pending,snoozed,2024-07-21 21:13:07
134751,105850,5598,1,Histórico Evolvy,pending,snoozed,2024-07-21 21:18:07
134756,105861,5598,1,Histórico Evolvy,pending,snoozed,2024-07-21 22:16:07
134760,105875,5598,1,Histórico Evolvy,pending,snoozed,2024-07-21 23:21:08
134765,105885,5598,1,Histórico Evolvy,pending,snoozed,2024-07-22 00:07:18
134770,105891,5598,1,Histórico Evolvy,pending,snoozed,2024-07-22 00:22:09
134772,105893,5598,1,Histórico Evolvy,pending,snoozed,2024-07-22 00:28:15
134775,105897,5598,1,Histórico Evolvy,pending,snoozed,2024-07-22 01:01:06
134777,105899,5598,1,Histórico Evolvy,pending,snoozed,2024-07-22 01:05:07
134778,105900,5598,1,Histórico Evolvy,pending,snoozed,2024-07-22 01:08:07
134779,105902,5598,1,Histórico Evolvy,pending,snoozed,2024-07-22 01:10:12
134780,105904,5598,1,Histórico Evolvy,pending,snoozed,2024-07-22 01:15:09
134782,105907,5598,1,Histórico Evolvy,pending,snoozed,2024-07-22 02:12:05
134784,105909,5598,1,Histórico Evolvy,pending,snoozed,2024-07-22 02:27:06
134785,105910,5598,1,Histórico Evolvy,pending,snoozed,2024-07-22 02:34:05
134786,105914,5598,1,Histórico Evolvy,pending,snoozed,2024-07-22 03:11:07
134787,105922,5598,1,Histórico Evolvy,pending,snoozed,2024-07-22 05:34:10
134788,105926,5598,1,Histórico Evolvy,pending,snoozed,2024-07-22 09:03:06
134789,105927,5598,1,Histórico Evolvy,pending,snoozed,2024-07-22 09:03:12
134792,105931,5598,1,Histórico Evolvy,pending,snoozed,2024-07-22 09:33:07
137785,105932,5598,1,Histórico Evolvy,pending,snoozed,2024-07-22 09:34:05
137786,105936,5598,1,Histórico Evolvy,pending,snoozed,2024-07-22 09:39:06
137787,105938,5598,1,Histórico Evolvy,pending,snoozed,2024-07-22 09:49:06
137788,105940,5598,1,Histórico Evolvy,pending,snoozed,2024-07-22 10:21:07
137789,105941,5598,1,Histórico Evolvy,pending,snoozed,2024-07-22 10:23:07
137791,105944,5598,1,Histórico Evolvy,pending,snoozed,2024-07-22 10:33:10
137793,105947,5598,1,Histórico Evolvy,pending,snoozed,2024-07-22 10:46:06
137794,105948,5598,1,Histórico Evolvy,pending,snoozed,2024-07-22 11:07:07
137796,105951,5598,1,Histórico Evolvy,pending,snoozed,2024-07-22 11:15:09
137797,105952,5598,1,Histórico Evolvy,pending,snoozed,2024-07-22 11:18:12
137800,105958,5598,1,Histórico Evolvy,pending,snoozed,2024-07-22 11:32:09
137802,105962,5598,1,Histórico Evolvy,pending,snoozed,2024-07-22 11:44:07
137803,105963,5598,1,Histórico Evolvy,pending,snoozed,2024-07-22 11:49:10
137807,105970,5598,1,Histórico Evolvy,pending,snoozed,2024-07-22 12:17:10
137808,105971,5598,1,Histórico Evolvy,pending,snoozed,2024-07-22 12:18:10
137809,105972,5598,1,Histórico Evolvy,pending,snoozed,2024-07-22 12:18:17
137811,105979,5598,1,Histórico Evolvy,pending,snoozed,2024-07-22 12:43:09
137815,105992,5598,1,Histórico Evolvy,pending,snoozed,2024-07-22 14:03:11
137817,105996,5598,1,Histórico Evolvy,pending,snoozed,2024-07-22 14:21:08
137819,106001,5598,1,Histórico Evolvy,pending,snoozed,2024-07-22 14:41:06
137820,106002,5598,1,Histórico Evolvy,pending,snoozed,2024-07-22 14:45:08
137825,106015,5598,1,Histórico Evolvy,pending,snoozed,2024-07-22 15:44:07
137829,106023,5598,1,Histórico Evolvy,pending,snoozed,2024-07-22 16:10:07
137832,106029,5598,1,Histórico Evolvy,pending,snoozed,2024-07-22 16:36:07
137835,106038,5598,1,Histórico Evolvy,pending,snoozed,2024-07-22 17:30:06
137844,106061,5598,1,Histórico Evolvy,pending,snoozed,2024-07-22 18:14:05
137849,106068,5598,1,Histórico Evolvy,pending,snoozed,2024-07-22 18:28:06
137853,106080,5598,1,Histórico Evolvy,pending,snoozed,2024-07-22 18:55:09
137858,106086,5598,1,Histórico Evolvy,pending,snoozed,2024-07-22 19:09:08
137859,106087,5598,1,Histórico Evolvy,pending,snoozed,2024-07-22 19:14:08
137860,106089,5598,1,Histórico Evolvy,pending,snoozed,2024-07-22 19:27:10
137863,106092,5598,1,Histórico Evolvy,pending,snoozed,2024-07-22 19:42:08
137867,106097,5598,1,Histórico Evolvy,pending,snoozed,2024-07-22 19:53:07
137872,106109,5598,1,Histórico Evolvy,pending,snoozed,2024-07-22 20:31:07
137873,106110,5598,1,Histórico Evolvy,pending,snoozed,2024-07-22 20:37:07
137876,106115,5598,1,Histórico Evolvy,pending,snoozed,2024-07-22 20:50:07
137877,106118,5598,1,Histórico Evolvy,pending,snoozed,2024-07-22 21:09:09
137879,106124,5598,1,Histórico Evolvy,pending,snoozed,2024-07-22 21:26:08
137881,106128,5598,1,Histórico Evolvy,pending,snoozed,2024-07-22 21:43:09
137884,106136,5598,1,Histórico Evolvy,pending,snoozed,2024-07-22 22:23:07
137886,106138,5598,1,Histórico Evolvy,pending,snoozed,2024-07-22 22:33:09
137888,106144,5598,1,Histórico Evolvy,pending,snoozed,2024-07-22 23:28:09
137893,106151,5598,1,Histórico Evolvy,pending,snoozed,2024-07-22 23:49:07
137894,106152,5598,1,Histórico Evolvy,pending,snoozed,2024-07-22 23:50:06
137898,106160,5598,1,Histórico Evolvy,pending,snoozed,2024-07-23 00:12:09
137899,106161,5598,1,Histórico Evolvy,pending,snoozed,2024-07-23 00:13:09
137902,106164,5598,1,Histórico Evolvy,pending,snoozed,2024-07-23 00:25:08
137905,106168,5598,1,Histórico Evolvy,pending,snoozed,2024-07-23 00:45:08
137909,106177,5598,1,Histórico Evolvy,pending,snoozed,2024-07-23 01:01:16
137910,106178,5598,1,Histórico Evolvy,pending,snoozed,2024-07-23 01:08:08
137912,106180,5598,1,Histórico Evolvy,pending,snoozed,2024-07-23 01:10:08
137913,106181,5598,1,Histórico Evolvy,pending,snoozed,2024-07-23 01:12:06
137915,106185,5598,1,Histórico Evolvy,pending,snoozed,2024-07-23 01:42:06
137917,106191,5598,1,Histórico Evolvy,pending,snoozed,2024-07-23 02:28:10
137920,106198,5598,1,Histórico Evolvy,pending,snoozed,2024-07-23 03:05:09
137921,106199,5598,1,Histórico Evolvy,pending,snoozed,2024-07-23 03:05:15
137927,106213,5598,1,Histórico Evolvy,pending,snoozed,2024-07-23 07:34:06
137928,106214,5598,1,Histórico Evolvy,pending,snoozed,2024-07-23 07:43:05
137931,106218,5598,1,Histórico Evolvy,pending,snoozed,2024-07-23 08:56:07
137933,106220,5598,1,Histórico Evolvy,pending,snoozed,2024-07-23 09:18:05
137936,106227,5598,1,Histórico Evolvy,pending,snoozed,2024-07-23 09:44:07
137938,106234,5598,1,Histórico Evolvy,pending,snoozed,2024-07-23 10:03:06
137942,106240,5598,1,Histórico Evolvy,pending,snoozed,2024-07-23 10:25:05
137943,106241,5598,1,Histórico Evolvy,pending,snoozed,2024-07-23 10:25:08
137945,106243,5598,1,Histórico Evolvy,pending,snoozed,2024-07-23 10:30:06
137948,106249,5598,1,Histórico Evolvy,pending,snoozed,2024-07-23 10:45:09
137949,106251,5598,1,Histórico Evolvy,pending,snoozed,2024-07-23 10:52:07
137952,106256,5598,1,Histórico Evolvy,pending,snoozed,2024-07-23 11:25:09
137953,106257,5598,1,Histórico Evolvy,pending,snoozed,2024-07-23 11:26:12
137957,106263,5598,1,Histórico Evolvy,pending,snoozed,2024-07-23 11:40:21
137960,106266,5598,1,Histórico Evolvy,pending,snoozed,2024-07-23 11:56:10
137963,106271,5598,1,Histórico Evolvy,pending,snoozed,2024-07-23 12:05:13
137966,106276,5598,1,Histórico Evolvy,pending,snoozed,2024-07-23 12:31:08
137967,106277,5598,1,Histórico Evolvy,pending,snoozed,2024-07-23 12:47:07
137972,106287,5598,1,Histórico Evolvy,pending,snoozed,2024-07-23 13:35:09
137973,106290,5598,1,Histórico Evolvy,pending,snoozed,2024-07-23 13:46:07
137974,106291,5598,1,Histórico Evolvy,pending,snoozed,2024-07-23 13:50:08
137976,106297,5598,1,Histórico Evolvy,pending,snoozed,2024-07-23 14:18:09
137978,106302,5598,1,Histórico Evolvy,pending,snoozed,2024-07-23 14:40:08
137982,106306,5598,1,Histórico Evolvy,pending,snoozed,2024-07-23 14:58:07
137985,106323,5598,1,Histórico Evolvy,pending,snoozed,2024-07-23 15:19:07
137988,106335,5598,1,Histórico Evolvy,pending,snoozed,2024-07-23 16:03:07
137990,106339,5598,1,Histórico Evolvy,pending,snoozed,2024-07-23 16:15:14
137991,106340,5598,1,Histórico Evolvy,pending,snoozed,2024-07-23 16:24:08
137999,106357,5598,1,Histórico Evolvy,pending,snoozed,2024-07-23 17:40:19
138000,106361,5598,1,Histórico Evolvy,pending,snoozed,2024-07-23 18:05:06
138002,106364,5598,1,Histórico Evolvy,pending,snoozed,2024-07-23 18:19:06
138003,106365,5598,1,Histórico Evolvy,pending,snoozed,2024-07-23 18:19:14
138005,106367,5598,1,Histórico Evolvy,pending,snoozed,2024-07-23 18:21:07
138010,106379,5598,1,Histórico Evolvy,pending,snoozed,2024-07-23 19:28:08
138011,106381,5598,1,Histórico Evolvy,pending,snoozed,2024-07-23 19:31:11
138014,106385,5598,1,Histórico Evolvy,pending,snoozed,2024-07-23 19:51:08
138015,106386,5598,1,Histórico Evolvy,pending,snoozed,2024-07-23 19:56:07
138016,106387,5598,1,Histórico Evolvy,pending,snoozed,2024-07-23 19:58:07
138021,106399,5598,1,Histórico Evolvy,pending,snoozed,2024-07-23 20:43:06
138024,106405,5598,1,Histórico Evolvy,pending,snoozed,2024-07-23 21:20:08
138026,106407,5598,1,Histórico Evolvy,pending,snoozed,2024-07-23 21:30:11
138029,106415,5598,1,Histórico Evolvy,pending,snoozed,2024-07-23 22:07:06
138034,106426,5598,1,Histórico Evolvy,pending,snoozed,2024-07-23 22:39:06
138035,106427,5598,1,Histórico Evolvy,pending,snoozed,2024-07-23 22:47:08
138036,106428,5598,1,Histórico Evolvy,pending,snoozed,2024-07-23 22:56:06
138037,106429,5598,1,Histórico Evolvy,pending,snoozed,2024-07-23 22:59:06
138039,106433,5598,1,Histórico Evolvy,pending,snoozed,2024-07-23 23:03:06
138043,106442,5598,1,Histórico Evolvy,pending,snoozed,2024-07-23 23:43:05
138045,106444,5598,1,Histórico Evolvy,pending,snoozed,2024-07-23 23:49:06
138048,106448,5598,1,Histórico Evolvy,pending,snoozed,2024-07-24 00:13:04
138050,106451,5598,1,Histórico Evolvy,pending,snoozed,2024-07-24 00:19:08
138052,106453,5598,1,Histórico Evolvy,pending,snoozed,2024-07-24 00:22:05
138054,106457,5598,1,Histórico Evolvy,pending,snoozed,2024-07-24 00:36:05
138057,106466,5598,1,Histórico Evolvy,pending,snoozed,2024-07-24 01:04:07
138061,106472,5598,1,Histórico Evolvy,pending,snoozed,2024-07-24 01:40:13
138062,106476,5598,1,Histórico Evolvy,pending,snoozed,2024-07-24 02:05:05
138063,106477,5598,1,Histórico Evolvy,pending,snoozed,2024-07-24 02:10:08
138064,106480,5598,1,Histórico Evolvy,pending,snoozed,2024-07-24 02:27:08
138065,106483,5598,1,Histórico Evolvy,pending,snoozed,2024-07-24 03:09:07
138066,106488,5598,1,Histórico Evolvy,pending,snoozed,2024-07-24 03:40:13
138067,106494,5598,1,Histórico Evolvy,pending,snoozed,2024-07-24 04:03:06
138069,106500,5598,1,Histórico Evolvy,pending,snoozed,2024-07-24 05:49:07
138070,106501,5598,1,Histórico Evolvy,pending,snoozed,2024-07-24 06:05:11
138072,106504,5598,1,Histórico Evolvy,pending,snoozed,2024-07-24 07:00:08
138076,106521,5598,1,Histórico Evolvy,pending,snoozed,2024-07-24 10:01:08
138081,106532,5598,1,Histórico Evolvy,pending,snoozed,2024-07-24 11:02:08
138082,106533,5598,1,Histórico Evolvy,pending,snoozed,2024-07-24 11:05:08
138084,106535,5598,1,Histórico Evolvy,pending,snoozed,2024-07-24 11:12:09
138086,106541,5598,1,Histórico Evolvy,pending,snoozed,2024-07-24 11:41:08
138087,106543,5598,1,Histórico Evolvy,pending,snoozed,2024-07-24 11:45:07
138088,106544,5598,1,Histórico Evolvy,pending,snoozed,2024-07-24 11:52:08
206010,106550,5599,1,Histórico Evolvy,pending,snoozed,2024-07-24 12:14:30
206012,106552,5599,1,Histórico Evolvy,pending,snoozed,2024-07-24 12:14:37
206013,106553,5599,1,Histórico Evolvy,pending,snoozed,2024-07-24 12:14:39
206014,106554,5599,1,Histórico Evolvy,pending,snoozed,2024-07-24 12:14:41
206015,106555,5599,1,Histórico Evolvy,pending,snoozed,2024-07-24 12:14:44
206016,106556,5599,1,Histórico Evolvy,pending,snoozed,2024-07-24 12:14:47
206017,106557,5599,1,Histórico Evolvy,pending,snoozed,2024-07-24 12:14:51
206018,106558,5599,1,Histórico Evolvy,pending,snoozed,2024-07-24 12:14:53
206019,106559,5599,1,Histórico Evolvy,pending,snoozed,2024-07-24 12:14:56
206020,106560,5599,1,Histórico Evolvy,pending,snoozed,2024-07-24 12:14:59
206021,106561,5599,1,Histórico Evolvy,pending,snoozed,2024-07-24 12:15:02
206022,106562,5599,1,Histórico Evolvy,pending,snoozed,2024-07-24 12:15:04
206023,106563,5599,1,Histórico Evolvy,pending,snoozed,2024-07-24 12:15:07
206024,106564,5599,1,Histórico Evolvy,pending,snoozed,2024-07-24 12:15:10
206025,106565,5599,1,Histórico Evolvy,pending,snoozed,2024-07-24 12:15:13
206028,106568,5599,1,Histórico Evolvy,pending,snoozed,2024-07-24 12:15:22
206029,106569,5599,1,Histórico Evolvy,pending,snoozed,2024-07-24 12:15:25
206030,106570,5599,1,Histórico Evolvy,pending,snoozed,2024-07-24 12:15:27
206031,106571,5599,1,Histórico Evolvy,pending,snoozed,2024-07-24 12:15:30
206032,106572,5599,1,Histórico Evolvy,pending,snoozed,2024-07-24 12:15:33
206033,106573,5599,1,Histórico Evolvy,pending,snoozed,2024-07-24 12:15:36
206034,106574,5599,1,Histórico Evolvy,pending,snoozed,2024-07-24 12:15:38
206035,106575,5599,1,Histórico Evolvy,pending,snoozed,2024-07-24 12:15:41
206036,106576,5599,1,Histórico Evolvy,pending,snoozed,2024-07-24 12:15:43
206039,106579,5599,1,Histórico Evolvy,pending,snoozed,2024-07-24 12:15:53
206040,106580,5599,1,Histórico Evolvy,pending,snoozed,2024-07-24 12:15:56
206041,106581,5599,1,Histórico Evolvy,pending,snoozed,2024-07-24 12:15:59
206042,106582,5599,1,Histórico Evolvy,pending,snoozed,2024-07-24 12:16:01
206043,106583,5599,1,Histórico Evolvy,pending,snoozed,2024-07-24 12:16:06
206046,106586,5599,1,Histórico Evolvy,pending,snoozed,2024-07-24 12:16:17
206048,106588,5599,1,Histórico Evolvy,pending,snoozed,2024-07-24 12:16:22
206049,106589,5599,1,Histórico Evolvy,pending,snoozed,2024-07-24 12:16:25
206050,106590,5599,1,Histórico Evolvy,pending,snoozed,2024-07-24 12:16:27
206051,106591,5599,1,Histórico Evolvy,pending,snoozed,2024-07-24 12:16:30
206052,106592,5599,1,Histórico Evolvy,pending,snoozed,2024-07-24 12:16:34
206053,106593,5599,1,Histórico Evolvy,pending,snoozed,2024-07-24 12:16:37
206054,106594,5599,1,Histórico Evolvy,pending,snoozed,2024-07-24 12:16:41
206055,106595,5599,1,Histórico Evolvy,pending,snoozed,2024-07-24 12:16:43
206056,106596,5599,1,Histórico Evolvy,pending,snoozed,2024-07-24 12:16:45
206057,106597,5599,1,Histórico Evolvy,pending,snoozed,2024-07-24 12:16:50
206058,106598,5599,1,Histórico Evolvy,pending,snoozed,2024-07-24 12:16:53
206059,106599,5599,1,Histórico Evolvy,pending,snoozed,2024-07-24 12:16:56
206060,106600,5599,1,Histórico Evolvy,pending,snoozed,2024-07-24 12:16:59
206062,106602,5599,1,Histórico Evolvy,pending,snoozed,2024-07-24 12:17:06
206064,106604,5599,1,Histórico Evolvy,pending,snoozed,2024-07-24 12:17:12
206065,106605,5599,1,Histórico Evolvy,pending,snoozed,2024-07-24 12:17:16
206067,106607,5599,1,Histórico Evolvy,pending,snoozed,2024-07-24 12:17:23
206068,106608,5599,1,Histórico Evolvy,pending,snoozed,2024-07-24 12:17:25
206069,106609,5599,1,Histórico Evolvy,pending,snoozed,2024-07-24 12:17:28
206070,106610,5599,1,Histórico Evolvy,pending,snoozed,2024-07-24 12:17:31
206071,106611,5599,1,Histórico Evolvy,pending,snoozed,2024-07-24 12:17:34
206072,106612,5599,1,Histórico Evolvy,pending,snoozed,2024-07-24 12:17:37
206073,106613,5599,1,Histórico Evolvy,pending,snoozed,2024-07-24 12:17:39
206075,106615,5599,1,Histórico Evolvy,pending,snoozed,2024-07-24 12:17:44
206076,106616,5599,1,Histórico Evolvy,pending,snoozed,2024-07-24 12:17:47
206077,106617,5599,1,Histórico Evolvy,pending,snoozed,2024-07-24 12:17:49
206078,106618,5599,1,Histórico Evolvy,pending,snoozed,2024-07-24 12:17:52
206079,106619,5599,1,Histórico Evolvy,pending,snoozed,2024-07-24 12:17:54
206080,106620,5599,1,Histórico Evolvy,pending,snoozed,2024-07-24 12:17:56
206081,106621,5599,1,Histórico Evolvy,pending,snoozed,2024-07-24 12:18:00
206084,106624,5599,1,Histórico Evolvy,pending,snoozed,2024-07-24 12:18:08
206085,106625,5599,1,Histórico Evolvy,pending,snoozed,2024-07-24 12:18:11
206086,106627,5599,1,Histórico Evolvy,pending,snoozed,2024-07-24 12:18:17
206087,106628,5599,1,Histórico Evolvy,pending,snoozed,2024-07-24 12:18:20
206089,106630,5599,1,Histórico Evolvy,pending,snoozed,2024-07-24 12:18:26
206090,106631,5599,1,Histórico Evolvy,pending,snoozed,2024-07-24 12:18:30
206091,106632,5599,1,Histórico Evolvy,pending,snoozed,2024-07-24 12:18:33
206092,106633,5599,1,Histórico Evolvy,pending,snoozed,2024-07-24 12:18:35
206093,106634,5599,1,Histórico Evolvy,pending,snoozed,2024-07-24 12:18:38
206095,106636,5599,1,Histórico Evolvy,pending,snoozed,2024-07-24 12:18:43
206096,106637,5599,1,Histórico Evolvy,pending,snoozed,2024-07-24 12:18:47
206097,106638,5599,1,Histórico Evolvy,pending,snoozed,2024-07-24 12:18:50
206098,106639,5599,1,Histórico Evolvy,pending,snoozed,2024-07-24 12:18:53
206099,106640,5599,1,Histórico Evolvy,pending,snoozed,2024-07-24 12:19:07
206100,106641,5599,1,Histórico Evolvy,pending,snoozed,2024-07-24 12:19:09
206102,106643,5599,1,Histórico Evolvy,pending,snoozed,2024-07-24 12:19:21
206103,106644,5599,1,Histórico Evolvy,pending,snoozed,2024-07-24 12:19:23
206104,106645,5599,1,Histórico Evolvy,pending,snoozed,2024-07-24 12:19:26
206106,106647,5599,1,Histórico Evolvy,pending,snoozed,2024-07-24 12:19:34
206107,106648,5599,1,Histórico Evolvy,pending,snoozed,2024-07-24 12:19:38
206109,106650,5599,1,Histórico Evolvy,pending,snoozed,2024-07-24 12:19:51
206110,106651,5599,1,Histórico Evolvy,pending,snoozed,2024-07-24 12:19:55
206111,106652,5599,1,Histórico Evolvy,pending,snoozed,2024-07-24 12:19:57
206112,106653,5599,1,Histórico Evolvy,pending,snoozed,2024-07-24 12:20:01
206113,106654,5599,1,Histórico Evolvy,pending,snoozed,2024-07-24 12:20:04
206114,106655,5599,1,Histórico Evolvy,pending,snoozed,2024-07-24 12:20:06
206116,106657,5599,1,Histórico Evolvy,pending,snoozed,2024-07-24 12:20:12
206118,106659,5599,1,Histórico Evolvy,pending,snoozed,2024-07-24 12:20:17
206119,106660,5599,1,Histórico Evolvy,pending,snoozed,2024-07-24 12:20:20
206120,106661,5599,1,Histórico Evolvy,pending,snoozed,2024-07-24 12:20:23
206121,106662,5599,1,Histórico Evolvy,pending,snoozed,2024-07-24 12:20:25
206122,106663,5599,1,Histórico Evolvy,pending,snoozed,2024-07-24 12:20:28
206123,106664,5599,1,Histórico Evolvy,pending,snoozed,2024-07-24 12:20:31
206124,106665,5599,1,Histórico Evolvy,pending,snoozed,2024-07-24 12:20:34
206125,106666,5599,1,Histórico Evolvy,pending,snoozed,2024-07-24 12:20:37
206126,106667,5599,1,Histórico Evolvy,pending,snoozed,2024-07-24 12:20:39
206127,106668,5599,1,Histórico Evolvy,pending,snoozed,2024-07-24 12:20:42
206129,106670,5599,1,Histórico Evolvy,pending,snoozed,2024-07-24 12:20:48
206131,106672,5599,1,Histórico Evolvy,pending,snoozed,2024-07-24 12:20:57
206133,106674,5599,1,Histórico Evolvy,pending,snoozed,2024-07-24 12:21:05
206135,106676,5599,1,Histórico Evolvy,pending,snoozed,2024-07-24 12:21:10
206136,106677,5599,1,Histórico Evolvy,pending,snoozed,2024-07-24 12:21:16
206142,106683,5599,1,Histórico Evolvy,pending,snoozed,2024-07-24 12:21:37
206143,106684,5599,1,Histórico Evolvy,pending,snoozed,2024-07-24 12:21:39
206144,106685,5599,1,Histórico Evolvy,pending,snoozed,2024-07-24 12:21:42
206146,106687,5599,1,Histórico Evolvy,pending,snoozed,2024-07-24 12:21:48
206147,106688,5599,1,Histórico Evolvy,pending,snoozed,2024-07-24 12:21:50
206149,106690,5599,1,Histórico Evolvy,pending,snoozed,2024-07-24 12:21:58
206150,106691,5599,1,Histórico Evolvy,pending,snoozed,2024-07-24 12:22:01
206151,106692,5599,1,Histórico Evolvy,pending,snoozed,2024-07-24 12:22:05
206153,106694,5599,1,Histórico Evolvy,pending,snoozed,2024-07-24 12:22:16
206154,106695,5599,1,Histórico Evolvy,pending,snoozed,2024-07-24 12:22:19
206155,106696,5599,1,Histórico Evolvy,pending,snoozed,2024-07-24 12:22:23
206156,106697,5599,1,Histórico Evolvy,pending,snoozed,2024-07-24 12:22:26
206586,106699,5599,1,Histórico Evolvy,pending,snoozed,2024-07-24 12:22:32
206587,106700,5599,1,Histórico Evolvy,pending,snoozed,2024-07-24 12:22:34
206588,106701,5599,1,Histórico Evolvy,pending,snoozed,2024-07-24 12:22:39
206590,106703,5599,1,Histórico Evolvy,pending,snoozed,2024-07-24 12:22:45
206592,106705,5599,1,Histórico Evolvy,pending,snoozed,2024-07-24 12:22:58
206593,106706,5599,1,Histórico Evolvy,pending,snoozed,2024-07-24 12:23:12
206595,106708,5599,1,Histórico Evolvy,pending,snoozed,2024-07-24 12:23:17
206596,106709,5599,1,Histórico Evolvy,pending,snoozed,2024-07-24 12:23:23
206599,106712,5599,1,Histórico Evolvy,pending,snoozed,2024-07-24 12:23:31
206600,106713,5599,1,Histórico Evolvy,pending,snoozed,2024-07-24 12:23:34
206602,106715,5599,1,Histórico Evolvy,pending,snoozed,2024-07-24 12:23:40
206604,106717,5599,1,Histórico Evolvy,pending,snoozed,2024-07-24 12:23:51
206605,106718,5599,1,Histórico Evolvy,pending,snoozed,2024-07-24 12:23:55
206606,106719,5599,1,Histórico Evolvy,pending,snoozed,2024-07-24 12:23:58
206609,106722,5599,1,Histórico Evolvy,pending,snoozed,2024-07-24 12:24:08
206610,106723,5599,1,Histórico Evolvy,pending,snoozed,2024-07-24 12:24:20
206611,106724,5599,1,Histórico Evolvy,pending,snoozed,2024-07-24 12:24:26
206613,106726,5599,1,Histórico Evolvy,pending,snoozed,2024-07-24 12:24:33
206614,106727,5599,1,Histórico Evolvy,pending,snoozed,2024-07-24 12:24:36
206617,106730,5599,1,Histórico Evolvy,pending,snoozed,2024-07-24 12:24:44
206618,106731,5599,1,Histórico Evolvy,pending,snoozed,2024-07-24 12:24:46
206619,106732,5599,1,Histórico Evolvy,pending,snoozed,2024-07-24 12:24:49
206620,106733,5599,1,Histórico Evolvy,pending,snoozed,2024-07-24 12:24:52
206621,106734,5599,1,Histórico Evolvy,pending,snoozed,2024-07-24 12:24:55
206622,106735,5599,1,Histórico Evolvy,pending,snoozed,2024-07-24 12:24:57
206624,106737,5599,1,Histórico Evolvy,pending,snoozed,2024-07-24 12:25:07
206626,106739,5599,1,Histórico Evolvy,pending,snoozed,2024-07-24 12:25:16
206627,106740,5599,1,Histórico Evolvy,pending,snoozed,2024-07-24 12:25:19
206628,106741,5599,1,Histórico Evolvy,pending,snoozed,2024-07-24 12:25:21
206629,106742,5599,1,Histórico Evolvy,pending,snoozed,2024-07-24 12:25:24
206630,106743,5599,1,Histórico Evolvy,pending,snoozed,2024-07-24 12:25:27
206632,106745,5599,1,Histórico Evolvy,pending,snoozed,2024-07-24 12:25:33
206633,106746,5599,1,Histórico Evolvy,pending,snoozed,2024-07-24 12:25:35
206634,106747,5599,1,Histórico Evolvy,pending,snoozed,2024-07-24 12:25:39
206635,106748,5599,1,Histórico Evolvy,pending,snoozed,2024-07-24 12:25:42
206636,106749,5599,1,Histórico Evolvy,pending,snoozed,2024-07-24 12:25:46
206638,106751,5599,1,Histórico Evolvy,pending,snoozed,2024-07-24 12:25:54
206639,106752,5599,1,Histórico Evolvy,pending,snoozed,2024-07-24 12:25:57
206642,106755,5599,1,Histórico Evolvy,pending,snoozed,2024-07-24 12:26:08
206643,106756,5599,1,Histórico Evolvy,pending,snoozed,2024-07-24 12:26:11
206644,106757,5599,1,Histórico Evolvy,pending,snoozed,2024-07-24 12:26:21
206645,106758,5599,1,Histórico Evolvy,pending,snoozed,2024-07-24 12:26:28
206646,106759,5599,1,Histórico Evolvy,pending,snoozed,2024-07-24 12:26:30
206651,106764,5599,1,Histórico Evolvy,pending,snoozed,2024-07-24 12:27:03
206652,106765,5599,1,Histórico Evolvy,pending,snoozed,2024-07-24 12:27:08
206653,106766,5599,1,Histórico Evolvy,pending,snoozed,2024-07-24 12:27:10
206654,106767,5599,1,Histórico Evolvy,pending,snoozed,2024-07-24 12:27:13
206655,106768,5599,1,Histórico Evolvy,pending,snoozed,2024-07-24 12:27:16
206656,106769,5599,1,Histórico Evolvy,pending,snoozed,2024-07-24 12:27:20
206657,106770,5599,1,Histórico Evolvy,pending,snoozed,2024-07-24 12:27:26
206658,106771,5599,1,Histórico Evolvy,pending,snoozed,2024-07-24 12:27:29
206659,106772,5599,1,Histórico Evolvy,pending,snoozed,2024-07-24 12:27:32
206661,106774,5599,1,Histórico Evolvy,pending,snoozed,2024-07-24 12:27:39
206662,106775,5599,1,Histórico Evolvy,pending,snoozed,2024-07-24 12:27:53
206663,106776,5599,1,Histórico Evolvy,pending,snoozed,2024-07-24 12:27:55
206665,106778,5599,1,Histórico Evolvy,pending,snoozed,2024-07-24 12:28:01
206666,106779,5599,1,Histórico Evolvy,pending,snoozed,2024-07-24 12:28:04
138092,106785,5598,1,Histórico Evolvy,pending,snoozed,2024-07-24 12:50:07
138094,106791,5598,1,Histórico Evolvy,pending,snoozed,2024-07-24 13:19:10
138096,106795,5598,1,Histórico Evolvy,pending,snoozed,2024-07-24 13:25:09
138097,106796,5598,1,Histórico Evolvy,pending,snoozed,2024-07-24 13:26:08
138098,106797,5598,1,Histórico Evolvy,pending,snoozed,2024-07-24 13:34:06
138102,106803,5598,1,Histórico Evolvy,pending,snoozed,2024-07-24 14:01:06
138107,106812,5598,1,Histórico Evolvy,pending,snoozed,2024-07-24 14:36:08
138108,106814,5598,1,Histórico Evolvy,pending,snoozed,2024-07-24 14:42:04
138110,106816,5598,1,Histórico Evolvy,pending,snoozed,2024-07-24 14:48:06
138112,106820,5598,1,Histórico Evolvy,pending,snoozed,2024-07-24 15:01:08
138113,106821,5598,1,Histórico Evolvy,pending,snoozed,2024-07-24 15:02:06
138118,106837,5598,1,Histórico Evolvy,pending,snoozed,2024-07-24 15:42:07
138120,106847,5598,1,Histórico Evolvy,pending,snoozed,2024-07-24 15:52:06
138121,106849,5598,1,Histórico Evolvy,pending,snoozed,2024-07-24 16:04:09
138122,106850,5598,1,Histórico Evolvy,pending,snoozed,2024-07-24 16:04:15
138123,106852,5598,1,Histórico Evolvy,pending,snoozed,2024-07-24 16:08:08
138127,106867,5598,1,Histórico Evolvy,pending,snoozed,2024-07-24 17:02:05
138130,106871,5598,1,Histórico Evolvy,pending,snoozed,2024-07-24 17:25:07
138131,106875,5598,1,Histórico Evolvy,pending,snoozed,2024-07-24 17:57:07
138132,106876,5598,1,Histórico Evolvy,pending,snoozed,2024-07-24 18:02:07
138135,106880,5598,1,Histórico Evolvy,pending,snoozed,2024-07-24 18:46:06
138137,106882,5598,1,Histórico Evolvy,pending,snoozed,2024-07-24 19:02:08
138138,106883,5598,1,Histórico Evolvy,pending,snoozed,2024-07-24 19:19:08
138139,106884,5598,1,Histórico Evolvy,pending,snoozed,2024-07-24 19:32:05
138140,106888,5598,1,Histórico Evolvy,pending,snoozed,2024-07-24 19:53:06
138141,106889,5598,1,Histórico Evolvy,pending,snoozed,2024-07-24 20:01:07
138145,106896,5598,1,Histórico Evolvy,pending,snoozed,2024-07-24 21:11:08
138146,106899,5598,1,Histórico Evolvy,pending,snoozed,2024-07-24 21:37:06
138147,106900,5598,1,Histórico Evolvy,pending,snoozed,2024-07-24 21:38:08
138152,106910,5598,1,Histórico Evolvy,pending,snoozed,2024-07-24 21:49:07
138155,106919,5598,1,Histórico Evolvy,pending,snoozed,2024-07-24 22:05:09
138157,106928,5598,1,Histórico Evolvy,pending,snoozed,2024-07-24 22:25:08
138158,106931,5598,1,Histórico Evolvy,pending,snoozed,2024-07-24 22:40:10
138159,106933,5598,1,Histórico Evolvy,pending,snoozed,2024-07-24 22:43:05
138167,106945,5598,1,Histórico Evolvy,pending,snoozed,2024-07-24 23:16:06
138168,106946,5598,1,Histórico Evolvy,pending,snoozed,2024-07-24 23:32:08
138170,106950,5598,1,Histórico Evolvy,pending,snoozed,2024-07-24 23:58:05
138171,106951,5598,1,Histórico Evolvy,pending,snoozed,2024-07-25 00:00:10
206682,106953,5599,1,Histórico Evolvy,pending,snoozed,2024-07-25 00:14:06
138172,106954,5598,1,Histórico Evolvy,pending,snoozed,2024-07-25 00:15:04
138174,106958,5598,1,Histórico Evolvy,pending,snoozed,2024-07-25 00:28:06
138177,106963,5598,1,Histórico Evolvy,pending,snoozed,2024-07-25 00:55:07
138178,106965,5598,1,Histórico Evolvy,pending,snoozed,2024-07-25 00:58:05
138179,106968,5598,1,Histórico Evolvy,pending,snoozed,2024-07-25 01:20:10
138180,106969,5598,1,Histórico Evolvy,pending,snoozed,2024-07-25 01:22:08
138182,106981,5598,1,Histórico Evolvy,pending,snoozed,2024-07-25 01:56:07
138183,106983,5598,1,Histórico Evolvy,pending,snoozed,2024-07-25 02:04:07
138187,106990,5598,1,Histórico Evolvy,pending,snoozed,2024-07-25 02:30:07
138188,106992,5598,1,Histórico Evolvy,pending,snoozed,2024-07-25 02:40:12
138190,107000,5598,1,Histórico Evolvy,pending,snoozed,2024-07-25 04:17:07
138194,107006,5598,1,Histórico Evolvy,pending,snoozed,2024-07-25 06:07:08
138196,107009,5598,1,Histórico Evolvy,pending,snoozed,2024-07-25 07:10:05
138198,107012,5598,1,Histórico Evolvy,pending,snoozed,2024-07-25 08:30:07
138199,107016,5598,1,Histórico Evolvy,pending,snoozed,2024-07-25 09:08:06
138200,107018,5598,1,Histórico Evolvy,pending,snoozed,2024-07-25 09:17:05
138203,107022,5598,1,Histórico Evolvy,pending,snoozed,2024-07-25 09:33:10
138206,107034,5598,1,Histórico Evolvy,pending,snoozed,2024-07-25 10:44:09
138207,107044,5598,1,Histórico Evolvy,pending,snoozed,2024-07-25 11:29:06
138209,107047,5598,1,Histórico Evolvy,pending,snoozed,2024-07-25 11:41:06
138211,107051,5598,1,Histórico Evolvy,pending,snoozed,2024-07-25 11:50:07
138215,107059,5598,1,Histórico Evolvy,pending,snoozed,2024-07-25 12:25:10
138218,107063,5598,1,Histórico Evolvy,pending,snoozed,2024-07-25 12:34:09
138221,107071,5598,1,Histórico Evolvy,pending,snoozed,2024-07-25 13:07:05
138227,107090,5598,1,Histórico Evolvy,pending,snoozed,2024-07-25 13:48:06
138229,107092,5598,1,Histórico Evolvy,pending,snoozed,2024-07-25 13:50:16
138231,107094,5598,1,Histórico Evolvy,pending,snoozed,2024-07-25 13:55:10
138232,107095,5598,1,Histórico Evolvy,pending,snoozed,2024-07-25 13:59:08
138233,107096,5598,1,Histórico Evolvy,pending,snoozed,2024-07-25 14:04:07
138235,107099,5598,1,Histórico Evolvy,pending,snoozed,2024-07-25 14:09:08
138236,107100,5598,1,Histórico Evolvy,pending,snoozed,2024-07-25 14:11:07
138237,107101,5598,1,Histórico Evolvy,pending,snoozed,2024-07-25 14:17:10
138238,107103,5598,1,Histórico Evolvy,pending,snoozed,2024-07-25 14:38:05
138239,107105,5598,1,Histórico Evolvy,pending,snoozed,2024-07-25 14:40:12
138242,107108,5598,1,Histórico Evolvy,pending,snoozed,2024-07-25 14:47:08
138243,107112,5598,1,Histórico Evolvy,pending,snoozed,2024-07-25 15:10:12
138244,107113,5598,1,Histórico Evolvy,pending,snoozed,2024-07-25 15:10:19
138247,107119,5598,1,Histórico Evolvy,pending,snoozed,2024-07-25 15:50:08
138253,107143,5598,1,Histórico Evolvy,pending,snoozed,2024-07-25 16:54:07
138256,107148,5598,1,Histórico Evolvy,pending,snoozed,2024-07-25 17:04:05
138259,107152,5598,1,Histórico Evolvy,pending,snoozed,2024-07-25 17:29:07
138265,107171,5598,1,Histórico Evolvy,pending,snoozed,2024-07-25 19:03:08
138266,107178,5598,1,Histórico Evolvy,pending,snoozed,2024-07-25 19:54:07
138271,107186,5598,1,Histórico Evolvy,pending,snoozed,2024-07-25 20:25:08
138275,107199,5598,1,Histórico Evolvy,pending,snoozed,2024-07-25 21:37:07
138276,107201,5598,1,Histórico Evolvy,pending,snoozed,2024-07-25 21:40:16
138278,107210,5598,1,Histórico Evolvy,pending,snoozed,2024-07-25 22:12:05
138279,107215,5598,1,Histórico Evolvy,pending,snoozed,2024-07-25 22:45:08
138280,107216,5598,1,Histórico Evolvy,pending,snoozed,2024-07-25 22:49:06
138281,107218,5598,1,Histórico Evolvy,pending,snoozed,2024-07-25 23:12:06
138284,107227,5598,1,Histórico Evolvy,pending,snoozed,2024-07-25 23:44:06
140285,107232,5598,1,Histórico Evolvy,pending,snoozed,2024-07-26 00:28:08
140287,107237,5598,1,Histórico Evolvy,pending,snoozed,2024-07-26 00:53:11
140288,107241,5598,1,Histórico Evolvy,pending,snoozed,2024-07-26 01:22:10
140294,107252,5598,1,Histórico Evolvy,pending,snoozed,2024-07-26 02:26:09
140297,107262,5598,1,Histórico Evolvy,pending,snoozed,2024-07-26 05:55:06
140298,107263,5598,1,Histórico Evolvy,pending,snoozed,2024-07-26 06:38:05
140303,107277,5598,1,Histórico Evolvy,pending,snoozed,2024-07-26 09:28:08
140305,107284,5598,1,Histórico Evolvy,pending,snoozed,2024-07-26 09:59:07
140307,107289,5598,1,Histórico Evolvy,pending,snoozed,2024-07-26 10:50:07
140308,107290,5598,1,Histórico Evolvy,pending,snoozed,2024-07-26 10:53:07
140311,107296,5598,1,Histórico Evolvy,pending,snoozed,2024-07-26 11:38:06
140312,107300,5598,1,Histórico Evolvy,pending,snoozed,2024-07-26 12:19:09
140316,107307,5598,1,Histórico Evolvy,pending,snoozed,2024-07-26 12:49:07
140319,107314,5598,1,Histórico Evolvy,pending,snoozed,2024-07-26 13:08:06
140323,107323,5598,1,Histórico Evolvy,pending,snoozed,2024-07-26 13:19:17
140325,107326,5598,1,Histórico Evolvy,pending,snoozed,2024-07-26 13:36:07
140328,107329,5598,1,Histórico Evolvy,pending,snoozed,2024-07-26 13:46:09
140330,107333,5598,1,Histórico Evolvy,pending,snoozed,2024-07-26 13:48:16
140331,107334,5598,1,Histórico Evolvy,pending,snoozed,2024-07-26 13:50:13
140334,107338,5598,1,Histórico Evolvy,pending,snoozed,2024-07-26 14:13:07
140340,107355,5598,1,Histórico Evolvy,pending,snoozed,2024-07-26 14:55:06
140343,107361,5598,1,Histórico Evolvy,pending,snoozed,2024-07-26 15:44:08
140344,107363,5598,1,Histórico Evolvy,pending,snoozed,2024-07-26 16:05:13
206722,107365,5599,1,Histórico Evolvy,pending,snoozed,2024-07-26 16:09:08
140345,107368,5598,1,Histórico Evolvy,pending,snoozed,2024-07-26 16:32:11
140348,107372,5598,1,Histórico Evolvy,pending,snoozed,2024-07-26 16:47:08
140349,107374,5598,1,Histórico Evolvy,pending,snoozed,2024-07-26 16:54:08
140352,107379,5598,1,Histórico Evolvy,pending,snoozed,2024-07-26 17:01:06
140354,107382,5598,1,Histórico Evolvy,pending,snoozed,2024-07-26 17:06:07
140359,107395,5598,1,Histórico Evolvy,pending,snoozed,2024-07-26 17:38:08
140373,107438,5598,1,Histórico Evolvy,pending,snoozed,2024-07-26 19:22:07
140381,107465,5598,1,Histórico Evolvy,pending,snoozed,2024-07-26 20:03:06
140387,107478,5598,1,Histórico Evolvy,pending,snoozed,2024-07-26 21:56:10
140388,107480,5598,1,Histórico Evolvy,pending,snoozed,2024-07-26 22:08:06
140391,107487,5598,1,Histórico Evolvy,pending,snoozed,2024-07-26 22:43:06
140392,107488,5598,1,Histórico Evolvy,pending,snoozed,2024-07-26 22:45:10
140396,107499,5598,1,Histórico Evolvy,pending,snoozed,2024-07-26 23:41:11
140397,107500,5598,1,Histórico Evolvy,pending,snoozed,2024-07-26 23:45:08
140398,107501,5598,1,Histórico Evolvy,pending,snoozed,2024-07-27 00:01:08
140401,107506,5598,1,Histórico Evolvy,pending,snoozed,2024-07-27 00:48:08
140402,107509,5598,1,Histórico Evolvy,pending,snoozed,2024-07-27 01:27:07
140403,107510,5598,1,Histórico Evolvy,pending,snoozed,2024-07-27 01:40:12
140406,107516,5598,1,Histórico Evolvy,pending,snoozed,2024-07-27 03:13:07
140408,107524,5598,1,Histórico Evolvy,pending,snoozed,2024-07-27 05:34:09
140409,107527,5598,1,Histórico Evolvy,pending,snoozed,2024-07-27 07:06:05
140410,107529,5598,1,Histórico Evolvy,pending,snoozed,2024-07-27 08:24:05
140411,107531,5598,1,Histórico Evolvy,pending,snoozed,2024-07-27 08:54:07
140415,107543,5598,1,Histórico Evolvy,pending,snoozed,2024-07-27 10:01:09
140420,107548,5598,1,Histórico Evolvy,pending,snoozed,2024-07-27 10:26:08
140425,107556,5598,1,Histórico Evolvy,pending,snoozed,2024-07-27 10:54:07
140426,107559,5598,1,Histórico Evolvy,pending,snoozed,2024-07-27 11:08:07
140427,107560,5598,1,Histórico Evolvy,pending,snoozed,2024-07-27 11:09:06
140431,107567,5598,1,Histórico Evolvy,pending,snoozed,2024-07-27 12:01:08
140433,107569,5598,1,Histórico Evolvy,pending,snoozed,2024-07-27 12:08:08
140435,107573,5598,1,Histórico Evolvy,pending,snoozed,2024-07-27 12:15:08
140437,107577,5598,1,Histórico Evolvy,pending,snoozed,2024-07-27 12:21:07
140439,107582,5598,1,Histórico Evolvy,pending,snoozed,2024-07-27 12:43:07
140440,107583,5598,1,Histórico Evolvy,pending,snoozed,2024-07-27 12:43:12
140442,107585,5598,1,Histórico Evolvy,pending,snoozed,2024-07-27 12:47:08
140444,107587,5598,1,Histórico Evolvy,pending,snoozed,2024-07-27 12:50:09
140445,107590,5598,1,Histórico Evolvy,pending,snoozed,2024-07-27 12:57:10
140447,107592,5598,1,Histórico Evolvy,pending,snoozed,2024-07-27 13:00:17
140449,107595,5598,1,Histórico Evolvy,pending,snoozed,2024-07-27 13:18:10
140450,107596,5598,1,Histórico Evolvy,pending,snoozed,2024-07-27 13:26:09
140459,107608,5598,1,Histórico Evolvy,pending,snoozed,2024-07-27 14:02:06
140460,107611,5598,1,Histórico Evolvy,pending,snoozed,2024-07-27 14:08:06
140462,107613,5598,1,Histórico Evolvy,pending,snoozed,2024-07-27 14:14:08
140465,107616,5598,1,Histórico Evolvy,pending,snoozed,2024-07-27 14:26:09
140471,107629,5598,1,Histórico Evolvy,pending,snoozed,2024-07-27 15:27:08
140473,107631,5598,1,Histórico Evolvy,pending,snoozed,2024-07-27 15:36:09
140474,107634,5598,1,Histórico Evolvy,pending,snoozed,2024-07-27 15:42:08
140478,107643,5598,1,Histórico Evolvy,pending,snoozed,2024-07-27 16:05:11
140479,107644,5598,1,Histórico Evolvy,pending,snoozed,2024-07-27 16:17:08
140480,107645,5598,1,Histórico Evolvy,pending,snoozed,2024-07-27 16:36:09
140481,107647,5598,1,Histórico Evolvy,pending,snoozed,2024-07-27 16:57:07
140485,107652,5598,1,Histórico Evolvy,pending,snoozed,2024-07-27 17:11:08
140487,107655,5598,1,Histórico Evolvy,pending,snoozed,2024-07-27 17:20:10
140488,107657,5598,1,Histórico Evolvy,pending,snoozed,2024-07-27 17:23:08
140489,107658,5598,1,Histórico Evolvy,pending,snoozed,2024-07-27 17:29:07
140491,107670,5598,1,Histórico Evolvy,pending,snoozed,2024-07-27 17:57:05
140492,107671,5598,1,Histórico Evolvy,pending,snoozed,2024-07-27 17:57:07
140493,107674,5598,1,Histórico Evolvy,pending,snoozed,2024-07-27 18:09:10
140498,107682,5598,1,Histórico Evolvy,pending,snoozed,2024-07-27 19:11:06
140501,107688,5598,1,Histórico Evolvy,pending,snoozed,2024-07-27 19:42:09
140502,107689,5598,1,Histórico Evolvy,pending,snoozed,2024-07-27 19:45:11
140504,107693,5598,1,Histórico Evolvy,pending,snoozed,2024-07-27 20:02:09
140505,107694,5598,1,Histórico Evolvy,pending,snoozed,2024-07-27 20:16:09
140506,107695,5598,1,Histórico Evolvy,pending,snoozed,2024-07-27 20:19:10
140508,107697,5598,1,Histórico Evolvy,pending,snoozed,2024-07-27 20:43:08
140509,107698,5598,1,Histórico Evolvy,pending,snoozed,2024-07-27 20:50:07
140510,107700,5598,1,Histórico Evolvy,pending,snoozed,2024-07-27 21:03:07
140517,107714,5598,1,Histórico Evolvy,pending,snoozed,2024-07-27 23:10:08
140518,107716,5598,1,Histórico Evolvy,pending,snoozed,2024-07-27 23:38:08
140520,107721,5598,1,Histórico Evolvy,pending,snoozed,2024-07-28 00:19:08
140524,107730,5598,1,Histórico Evolvy,pending,snoozed,2024-07-28 01:50:06
140526,107733,5598,1,Histórico Evolvy,pending,snoozed,2024-07-28 02:09:06
140531,107738,5598,1,Histórico Evolvy,pending,snoozed,2024-07-28 02:41:08
140532,107740,5598,1,Histórico Evolvy,pending,snoozed,2024-07-28 03:04:08
140533,107741,5598,1,Histórico Evolvy,pending,snoozed,2024-07-28 03:05:10
140534,107747,5598,1,Histórico Evolvy,pending,snoozed,2024-07-28 03:43:06
140536,107749,5598,1,Histórico Evolvy,pending,snoozed,2024-07-28 03:45:12
140538,107757,5598,1,Histórico Evolvy,pending,snoozed,2024-07-28 07:25:08
140539,107758,5598,1,Histórico Evolvy,pending,snoozed,2024-07-28 07:27:08
140543,107774,5598,1,Histórico Evolvy,pending,snoozed,2024-07-28 10:31:06
140544,107777,5598,1,Histórico Evolvy,pending,snoozed,2024-07-28 10:50:08
140545,107778,5598,1,Histórico Evolvy,pending,snoozed,2024-07-28 10:50:14
140546,107780,5598,1,Histórico Evolvy,pending,snoozed,2024-07-28 11:11:07
140547,107781,5598,1,Histórico Evolvy,pending,snoozed,2024-07-28 11:12:11
140548,107782,5598,1,Histórico Evolvy,pending,snoozed,2024-07-28 11:21:05
140550,107784,5598,1,Histórico Evolvy,pending,snoozed,2024-07-28 11:34:07
140552,107788,5598,1,Histórico Evolvy,pending,snoozed,2024-07-28 11:47:07
140556,107793,5598,1,Histórico Evolvy,pending,snoozed,2024-07-28 12:14:06
140557,107794,5598,1,Histórico Evolvy,pending,snoozed,2024-07-28 12:17:08
140558,107795,5598,1,Histórico Evolvy,pending,snoozed,2024-07-28 12:19:10
140559,107800,5598,1,Histórico Evolvy,pending,snoozed,2024-07-28 12:31:07
140562,107804,5598,1,Histórico Evolvy,pending,snoozed,2024-07-28 12:33:08
140567,107809,5598,1,Histórico Evolvy,pending,snoozed,2024-07-28 12:48:06
140568,107810,5598,1,Histórico Evolvy,pending,snoozed,2024-07-28 12:49:09
140575,107818,5598,1,Histórico Evolvy,pending,snoozed,2024-07-28 13:14:08
140576,107820,5598,1,Histórico Evolvy,pending,snoozed,2024-07-28 13:32:06
206790,107821,5599,1,Histórico Evolvy,pending,snoozed,2024-07-28 13:34:05
140577,107822,5598,1,Histórico Evolvy,pending,snoozed,2024-07-28 13:37:05
140579,107825,5598,1,Histórico Evolvy,pending,snoozed,2024-07-28 13:39:08
140584,107831,5598,1,Histórico Evolvy,pending,snoozed,2024-07-28 13:58:05
140585,107832,5598,1,Histórico Evolvy,pending,snoozed,2024-07-28 13:59:06
140586,107835,5598,1,Histórico Evolvy,pending,snoozed,2024-07-28 14:06:11
140588,107838,5598,1,Histórico Evolvy,pending,snoozed,2024-07-28 14:12:09
140591,107843,5598,1,Histórico Evolvy,pending,snoozed,2024-07-28 14:25:08
140592,107845,5598,1,Histórico Evolvy,pending,snoozed,2024-07-28 14:31:07
140594,107848,5598,1,Histórico Evolvy,pending,snoozed,2024-07-28 14:42:06
140596,107850,5598,1,Histórico Evolvy,pending,snoozed,2024-07-28 14:56:11
140597,107851,5598,1,Histórico Evolvy,pending,snoozed,2024-07-28 14:57:07
140598,107853,5598,1,Histórico Evolvy,pending,snoozed,2024-07-28 15:08:08
206792,107867,5599,1,Histórico Evolvy,pending,snoozed,2024-07-28 16:09:06
140606,107872,5598,1,Histórico Evolvy,pending,snoozed,2024-07-28 16:56:07
140607,107873,5598,1,Histórico Evolvy,pending,snoozed,2024-07-28 17:02:09
140608,107874,5598,1,Histórico Evolvy,pending,snoozed,2024-07-28 17:19:05
140609,107879,5598,1,Histórico Evolvy,pending,snoozed,2024-07-28 17:32:05
140610,107880,5598,1,Histórico Evolvy,pending,snoozed,2024-07-28 17:34:06
140611,107884,5598,1,Histórico Evolvy,pending,snoozed,2024-07-28 18:06:05
140613,107886,5598,1,Histórico Evolvy,pending,snoozed,2024-07-28 18:19:12
140616,107889,5598,1,Histórico Evolvy,pending,snoozed,2024-07-28 18:37:07
140618,107897,5598,1,Histórico Evolvy,pending,snoozed,2024-07-28 19:17:07
140619,107898,5598,1,Histórico Evolvy,pending,snoozed,2024-07-28 19:31:07
140620,107899,5598,1,Histórico Evolvy,pending,snoozed,2024-07-28 19:37:09
140624,107904,5598,1,Histórico Evolvy,pending,snoozed,2024-07-28 19:58:13
140627,107910,5598,1,Histórico Evolvy,pending,snoozed,2024-07-28 20:41:06
140629,107915,5598,1,Histórico Evolvy,pending,snoozed,2024-07-28 21:26:08
140631,107917,5598,1,Histórico Evolvy,pending,snoozed,2024-07-28 21:29:08
140634,107920,5598,1,Histórico Evolvy,pending,snoozed,2024-07-28 21:45:15
140635,107922,5598,1,Histórico Evolvy,pending,snoozed,2024-07-28 21:53:07
140638,107927,5598,1,Histórico Evolvy,pending,snoozed,2024-07-28 22:02:08
140639,107929,5598,1,Histórico Evolvy,pending,snoozed,2024-07-28 22:06:06
140641,107934,5598,1,Histórico Evolvy,pending,snoozed,2024-07-28 22:30:10
140643,107937,5598,1,Histórico Evolvy,pending,snoozed,2024-07-28 22:42:05
140644,107938,5598,1,Histórico Evolvy,pending,snoozed,2024-07-28 22:44:07
140653,107958,5598,1,Histórico Evolvy,pending,snoozed,2024-07-29 01:21:05
140654,107959,5598,1,Histórico Evolvy,pending,snoozed,2024-07-29 01:26:10
140655,107960,5598,1,Histórico Evolvy,pending,snoozed,2024-07-29 01:41:06
140656,107962,5598,1,Histórico Evolvy,pending,snoozed,2024-07-29 01:53:06
140657,107964,5598,1,Histórico Evolvy,pending,snoozed,2024-07-29 02:16:08
140658,107966,5598,1,Histórico Evolvy,pending,snoozed,2024-07-29 02:30:08
140661,107970,5598,1,Histórico Evolvy,pending,snoozed,2024-07-29 02:39:07
140662,107971,5598,1,Histórico Evolvy,pending,snoozed,2024-07-29 02:41:09
140666,107990,5598,1,Histórico Evolvy,pending,snoozed,2024-07-29 07:45:07
140668,108001,5598,1,Histórico Evolvy,pending,snoozed,2024-07-29 09:42:05
140669,108004,5598,1,Histórico Evolvy,pending,snoozed,2024-07-29 09:54:06
140671,108013,5598,1,Histórico Evolvy,pending,snoozed,2024-07-29 10:39:06
140672,108017,5598,1,Histórico Evolvy,pending,snoozed,2024-07-29 10:52:07
140674,108022,5598,1,Histórico Evolvy,pending,snoozed,2024-07-29 11:11:09
206804,108025,5599,1,Histórico Evolvy,pending,snoozed,2024-07-29 11:23:05
140675,108026,5598,1,Histórico Evolvy,pending,snoozed,2024-07-29 11:24:07
140677,108028,5598,1,Histórico Evolvy,pending,snoozed,2024-07-29 11:27:06
140678,108029,5598,1,Histórico Evolvy,pending,snoozed,2024-07-29 11:31:07
140679,108030,5598,1,Histórico Evolvy,pending,snoozed,2024-07-29 11:37:08
140681,108034,5598,1,Histórico Evolvy,pending,snoozed,2024-07-29 11:44:08
140684,108037,5598,1,Histórico Evolvy,pending,snoozed,2024-07-29 11:56:05
140687,108045,5598,1,Histórico Evolvy,pending,snoozed,2024-07-29 12:41:07
140688,108049,5598,1,Histórico Evolvy,pending,snoozed,2024-07-29 12:55:06
140690,108054,5598,1,Histórico Evolvy,pending,snoozed,2024-07-29 13:10:07
140691,108057,5598,1,Histórico Evolvy,pending,snoozed,2024-07-29 13:16:06
140694,108062,5598,1,Histórico Evolvy,pending,snoozed,2024-07-29 13:47:08
140695,108064,5598,1,Histórico Evolvy,pending,snoozed,2024-07-29 13:59:09
140697,108075,5598,1,Histórico Evolvy,pending,snoozed,2024-07-29 15:20:16
140699,108082,5598,1,Histórico Evolvy,pending,snoozed,2024-07-29 15:41:06
140701,108085,5598,1,Histórico Evolvy,pending,snoozed,2024-07-29 15:57:07
140702,108086,5598,1,Histórico Evolvy,pending,snoozed,2024-07-29 16:06:05
140706,108094,5598,1,Histórico Evolvy,pending,snoozed,2024-07-29 16:38:09
140709,108103,5598,1,Histórico Evolvy,pending,snoozed,2024-07-29 17:09:06
140710,108104,5598,1,Histórico Evolvy,pending,snoozed,2024-07-29 17:12:05
140711,108110,5598,1,Histórico Evolvy,pending,snoozed,2024-07-29 17:42:08
140712,108111,5598,1,Histórico Evolvy,pending,snoozed,2024-07-29 17:51:06
140717,108117,5598,1,Histórico Evolvy,pending,snoozed,2024-07-29 18:12:06
140719,108121,5598,1,Histórico Evolvy,pending,snoozed,2024-07-29 18:21:10
140721,108127,5598,1,Histórico Evolvy,pending,snoozed,2024-07-29 18:41:14
140722,108132,5598,1,Histórico Evolvy,pending,snoozed,2024-07-29 19:20:11
140724,108136,5598,1,Histórico Evolvy,pending,snoozed,2024-07-29 19:38:08
140729,108149,5598,1,Histórico Evolvy,pending,snoozed,2024-07-29 20:26:05
140731,108153,5598,1,Histórico Evolvy,pending,snoozed,2024-07-29 20:32:07
140739,108176,5598,1,Histórico Evolvy,pending,snoozed,2024-07-29 22:11:05
140740,108177,5598,1,Histórico Evolvy,pending,snoozed,2024-07-29 22:20:11
140741,108181,5598,1,Histórico Evolvy,pending,snoozed,2024-07-29 22:39:08
140744,108186,5598,1,Histórico Evolvy,pending,snoozed,2024-07-29 23:06:06
140747,108192,5598,1,Histórico Evolvy,pending,snoozed,2024-07-29 23:59:05
140748,108193,5598,1,Histórico Evolvy,pending,snoozed,2024-07-30 00:00:14
140749,108196,5598,1,Histórico Evolvy,pending,snoozed,2024-07-30 00:06:08
140752,108205,5598,1,Histórico Evolvy,pending,snoozed,2024-07-30 00:33:09
140753,108206,5598,1,Histórico Evolvy,pending,snoozed,2024-07-30 00:38:07
140758,108211,5598,1,Histórico Evolvy,pending,snoozed,2024-07-30 01:11:08
140762,108220,5598,1,Histórico Evolvy,pending,snoozed,2024-07-30 02:33:06
140763,108222,5598,1,Histórico Evolvy,pending,snoozed,2024-07-30 02:35:07
140765,108226,5598,1,Histórico Evolvy,pending,snoozed,2024-07-30 03:30:08
140766,108231,5598,1,Histórico Evolvy,pending,snoozed,2024-07-30 06:35:07
140770,108250,5598,1,Histórico Evolvy,pending,snoozed,2024-07-30 10:36:06
140772,108257,5598,1,Histórico Evolvy,pending,snoozed,2024-07-30 11:13:09
140773,108258,5598,1,Histórico Evolvy,pending,snoozed,2024-07-30 11:20:07
140774,108261,5598,1,Histórico Evolvy,pending,snoozed,2024-07-30 11:41:08
140778,108270,5598,1,Histórico Evolvy,pending,snoozed,2024-07-30 12:39:07
143237,108285,5598,1,Histórico Evolvy,pending,snoozed,2024-07-30 13:16:09
143238,108286,5598,1,Histórico Evolvy,pending,snoozed,2024-07-30 13:16:16
143239,108288,5598,1,Histórico Evolvy,pending,snoozed,2024-07-30 13:19:10
143241,108291,5598,1,Histórico Evolvy,pending,snoozed,2024-07-30 13:27:11
143243,108295,5598,1,Histórico Evolvy,pending,snoozed,2024-07-30 13:41:07
143246,108299,5598,1,Histórico Evolvy,pending,snoozed,2024-07-30 13:58:07
143247,108300,5598,1,Histórico Evolvy,pending,snoozed,2024-07-30 14:01:07
143251,108320,5598,1,Histórico Evolvy,pending,snoozed,2024-07-30 14:47:08
143252,108321,5598,1,Histórico Evolvy,pending,snoozed,2024-07-30 14:54:08
143256,108331,5598,1,Histórico Evolvy,pending,snoozed,2024-07-30 15:38:09
143262,108347,5598,1,Histórico Evolvy,pending,snoozed,2024-07-30 16:45:08
143263,108349,5598,1,Histórico Evolvy,pending,snoozed,2024-07-30 16:59:08
143266,108356,5598,1,Histórico Evolvy,pending,snoozed,2024-07-30 17:29:10
143267,108357,5598,1,Histórico Evolvy,pending,snoozed,2024-07-30 17:31:12
143269,108370,5598,1,Histórico Evolvy,pending,snoozed,2024-07-30 18:09:05
143271,108375,5598,1,Histórico Evolvy,pending,snoozed,2024-07-30 18:32:05
143276,108386,5598,1,Histórico Evolvy,pending,snoozed,2024-07-30 19:51:06
143280,108391,5598,1,Histórico Evolvy,pending,snoozed,2024-07-30 20:33:07
143281,108394,5598,1,Histórico Evolvy,pending,snoozed,2024-07-30 20:41:09
143282,108395,5598,1,Histórico Evolvy,pending,snoozed,2024-07-30 20:42:05
143287,108404,5598,1,Histórico Evolvy,pending,snoozed,2024-07-30 21:50:09
143288,108406,5598,1,Histórico Evolvy,pending,snoozed,2024-07-30 21:54:08
143289,108407,5598,1,Histórico Evolvy,pending,snoozed,2024-07-30 22:05:08
143291,108409,5598,1,Histórico Evolvy,pending,snoozed,2024-07-30 22:48:07
143292,108412,5598,1,Histórico Evolvy,pending,snoozed,2024-07-30 23:15:07
143293,108413,5598,1,Histórico Evolvy,pending,snoozed,2024-07-30 23:17:05
143298,108424,5598,1,Histórico Evolvy,pending,snoozed,2024-07-30 23:53:08
143303,108433,5598,1,Histórico Evolvy,pending,snoozed,2024-07-31 00:33:08
143306,108437,5598,1,Histórico Evolvy,pending,snoozed,2024-07-31 00:42:10
143308,108440,5598,1,Histórico Evolvy,pending,snoozed,2024-07-31 01:02:05
143310,108446,5598,1,Histórico Evolvy,pending,snoozed,2024-07-31 01:45:06
143311,108447,5598,1,Histórico Evolvy,pending,snoozed,2024-07-31 01:47:07
143312,108448,5598,1,Histórico Evolvy,pending,snoozed,2024-07-31 01:52:04
143314,108454,5598,1,Histórico Evolvy,pending,snoozed,2024-07-31 02:09:08
143316,108457,5598,1,Histórico Evolvy,pending,snoozed,2024-07-31 02:31:04
143319,108463,5598,1,Histórico Evolvy,pending,snoozed,2024-07-31 03:01:05
143320,108466,5598,1,Histórico Evolvy,pending,snoozed,2024-07-31 03:14:07
143323,108477,5598,1,Histórico Evolvy,pending,snoozed,2024-07-31 03:50:07
143325,108482,5598,1,Histórico Evolvy,pending,snoozed,2024-07-31 04:53:04
143328,108489,5598,1,Histórico Evolvy,pending,snoozed,2024-07-31 07:06:06
143329,108493,5598,1,Histórico Evolvy,pending,snoozed,2024-07-31 09:12:04
143330,108494,5598,1,Histórico Evolvy,pending,snoozed,2024-07-31 09:25:07
143332,108501,5598,1,Histórico Evolvy,pending,snoozed,2024-07-31 09:46:07
143335,108505,5598,1,Histórico Evolvy,pending,snoozed,2024-07-31 09:59:06
143338,108510,5598,1,Histórico Evolvy,pending,snoozed,2024-07-31 10:27:06
143343,108520,5598,1,Histórico Evolvy,pending,snoozed,2024-07-31 11:16:07
143344,108526,5598,1,Histórico Evolvy,pending,snoozed,2024-07-31 11:30:09
143345,108530,5598,1,Histórico Evolvy,pending,snoozed,2024-07-31 11:42:05
143347,108543,5598,1,Histórico Evolvy,pending,snoozed,2024-07-31 12:04:06
143348,108544,5598,1,Histórico Evolvy,pending,snoozed,2024-07-31 12:09:07
143352,108552,5598,1,Histórico Evolvy,pending,snoozed,2024-07-31 12:31:09
143353,108554,5598,1,Histórico Evolvy,pending,snoozed,2024-07-31 12:36:09
143355,108560,5598,1,Histórico Evolvy,pending,snoozed,2024-07-31 12:41:07
143357,108566,5598,1,Histórico Evolvy,pending,snoozed,2024-07-31 13:01:08
143358,108568,5598,1,Histórico Evolvy,pending,snoozed,2024-07-31 13:05:08
143363,108578,5598,1,Histórico Evolvy,pending,snoozed,2024-07-31 13:28:08
143364,108581,5598,1,Histórico Evolvy,pending,snoozed,2024-07-31 13:43:08
143365,108583,5598,1,Histórico Evolvy,pending,snoozed,2024-07-31 13:45:11
143366,108589,5598,1,Histórico Evolvy,pending,snoozed,2024-07-31 13:54:07
143373,108618,5598,1,Histórico Evolvy,pending,snoozed,2024-07-31 15:27:07
143375,108621,5598,1,Histórico Evolvy,pending,snoozed,2024-07-31 15:38:07
143381,108629,5598,1,Histórico Evolvy,pending,snoozed,2024-07-31 16:21:07
143383,108633,5598,1,Histórico Evolvy,pending,snoozed,2024-07-31 16:52:12
143389,108663,5598,1,Histórico Evolvy,pending,snoozed,2024-07-31 19:46:06
143395,108688,5598,1,Histórico Evolvy,pending,snoozed,2024-07-31 21:37:11
143399,108695,5598,1,Histórico Evolvy,pending,snoozed,2024-07-31 22:07:05
143405,108712,5598,1,Histórico Evolvy,pending,snoozed,2024-07-31 23:08:07
143406,108715,5598,1,Histórico Evolvy,pending,snoozed,2024-07-31 23:24:05
143408,108717,5598,1,Histórico Evolvy,pending,snoozed,2024-07-31 23:27:07
143413,108725,5598,1,Histórico Evolvy,pending,snoozed,2024-08-01 00:14:07
143415,108727,5598,1,Histórico Evolvy,pending,snoozed,2024-08-01 00:23:06
143417,108733,5598,1,Histórico Evolvy,pending,snoozed,2024-08-01 00:40:17
143419,108735,5598,1,Histórico Evolvy,pending,snoozed,2024-08-01 00:48:06
143420,108736,5598,1,Histórico Evolvy,pending,snoozed,2024-08-01 00:55:05
143421,108740,5598,1,Histórico Evolvy,pending,snoozed,2024-08-01 01:11:05
143422,108741,5598,1,Histórico Evolvy,pending,snoozed,2024-08-01 01:19:09
143424,108743,5598,1,Histórico Evolvy,pending,snoozed,2024-08-01 01:25:11
143428,108753,5598,1,Histórico Evolvy,pending,snoozed,2024-08-01 01:58:08
143433,108761,5598,1,Histórico Evolvy,pending,snoozed,2024-08-01 02:16:08
143437,108766,5598,1,Histórico Evolvy,pending,snoozed,2024-08-01 02:31:08
143439,108774,5598,1,Histórico Evolvy,pending,snoozed,2024-08-01 04:25:06
143440,108776,5598,1,Histórico Evolvy,pending,snoozed,2024-08-01 04:41:05
143442,108779,5598,1,Histórico Evolvy,pending,snoozed,2024-08-01 05:16:05
143444,108785,5598,1,Histórico Evolvy,pending,snoozed,2024-08-01 09:05:08
143445,108786,5598,1,Histórico Evolvy,pending,snoozed,2024-08-01 09:15:06
143448,108799,5598,1,Histórico Evolvy,pending,snoozed,2024-08-01 10:58:06
143451,108805,5598,1,Histórico Evolvy,pending,snoozed,2024-08-01 11:23:07
143452,108810,5598,1,Histórico Evolvy,pending,snoozed,2024-08-01 11:49:07
143453,108819,5598,1,Histórico Evolvy,pending,snoozed,2024-08-01 12:33:10
143454,108821,5598,1,Histórico Evolvy,pending,snoozed,2024-08-01 12:36:05
143456,108825,5598,1,Histórico Evolvy,pending,snoozed,2024-08-01 13:07:06
143457,108827,5598,1,Histórico Evolvy,pending,snoozed,2024-08-01 13:16:14
143459,108829,5598,1,Histórico Evolvy,pending,snoozed,2024-08-01 13:19:09
143461,108833,5598,1,Histórico Evolvy,pending,snoozed,2024-08-01 13:30:06
143466,108848,5598,1,Histórico Evolvy,pending,snoozed,2024-08-01 14:21:06
143468,108862,5598,1,Histórico Evolvy,pending,snoozed,2024-08-01 15:21:09
143471,108871,5598,1,Histórico Evolvy,pending,snoozed,2024-08-01 16:19:09
143478,108882,5598,1,Histórico Evolvy,pending,snoozed,2024-08-01 16:45:11
143479,108885,5598,1,Histórico Evolvy,pending,snoozed,2024-08-01 17:00:15
143483,108895,5598,1,Histórico Evolvy,pending,snoozed,2024-08-01 17:40:17
143485,108905,5598,1,Histórico Evolvy,pending,snoozed,2024-08-01 18:13:05
143487,108919,5598,1,Histórico Evolvy,pending,snoozed,2024-08-01 19:06:08
143492,108931,5598,1,Histórico Evolvy,pending,snoozed,2024-08-01 19:58:08
143495,108937,5598,1,Histórico Evolvy,pending,snoozed,2024-08-01 20:29:08
143496,108939,5598,1,Histórico Evolvy,pending,snoozed,2024-08-01 20:32:07
143498,108942,5598,1,Histórico Evolvy,pending,snoozed,2024-08-01 20:46:08
143504,108956,5598,1,Histórico Evolvy,pending,snoozed,2024-08-01 22:19:07
143505,108957,5598,1,Histórico Evolvy,pending,snoozed,2024-08-01 22:33:06
143507,108961,5598,1,Histórico Evolvy,pending,snoozed,2024-08-01 22:56:09
143508,108962,5598,1,Histórico Evolvy,pending,snoozed,2024-08-01 22:58:04
143511,108967,5598,1,Histórico Evolvy,pending,snoozed,2024-08-01 23:06:08
143512,108968,5598,1,Histórico Evolvy,pending,snoozed,2024-08-01 23:13:05
143513,108970,5598,1,Histórico Evolvy,pending,snoozed,2024-08-01 23:47:07
143514,108971,5598,1,Histórico Evolvy,pending,snoozed,2024-08-01 23:52:07
143515,108972,5598,1,Histórico Evolvy,pending,snoozed,2024-08-01 23:54:05
143518,108980,5598,1,Histórico Evolvy,pending,snoozed,2024-08-02 00:31:08
143519,108981,5598,1,Histórico Evolvy,pending,snoozed,2024-08-02 00:37:07
143523,108988,5598,1,Histórico Evolvy,pending,snoozed,2024-08-02 00:58:07
143525,108991,5598,1,Histórico Evolvy,pending,snoozed,2024-08-02 01:20:06
143528,108994,5598,1,Histórico Evolvy,pending,snoozed,2024-08-02 01:27:07
143531,109008,5598,1,Histórico Evolvy,pending,snoozed,2024-08-02 02:28:05
143532,109013,5598,1,Histórico Evolvy,pending,snoozed,2024-08-02 03:37:06
143533,109014,5598,1,Histórico Evolvy,pending,snoozed,2024-08-02 03:37:12
143534,109020,5598,1,Histórico Evolvy,pending,snoozed,2024-08-02 05:45:07
143535,109021,5598,1,Histórico Evolvy,pending,snoozed,2024-08-02 06:25:06
143538,109033,5598,1,Histórico Evolvy,pending,snoozed,2024-08-02 09:27:05
143540,109036,5598,1,Histórico Evolvy,pending,snoozed,2024-08-02 09:39:07
143546,109047,5598,1,Histórico Evolvy,pending,snoozed,2024-08-02 10:31:06
143547,109048,5598,1,Histórico Evolvy,pending,snoozed,2024-08-02 10:32:06
143548,109049,5598,1,Histórico Evolvy,pending,snoozed,2024-08-02 10:35:07
143553,109055,5598,1,Histórico Evolvy,pending,snoozed,2024-08-02 11:12:08
143559,109067,5598,1,Histórico Evolvy,pending,snoozed,2024-08-02 12:18:07
143562,109076,5598,1,Histórico Evolvy,pending,snoozed,2024-08-02 12:44:07
143563,109080,5598,1,Histórico Evolvy,pending,snoozed,2024-08-02 13:01:10
143564,109085,5598,1,Histórico Evolvy,pending,snoozed,2024-08-02 13:25:10
143576,109122,5598,1,Histórico Evolvy,pending,snoozed,2024-08-02 16:21:10
143577,109125,5598,1,Histórico Evolvy,pending,snoozed,2024-08-02 16:29:08
143579,109129,5598,1,Histórico Evolvy,pending,snoozed,2024-08-02 17:03:07
143582,109135,5598,1,Histórico Evolvy,pending,snoozed,2024-08-02 17:21:09
143585,109143,5598,1,Histórico Evolvy,pending,snoozed,2024-08-02 17:55:05
143586,109145,5598,1,Histórico Evolvy,pending,snoozed,2024-08-02 18:20:48
143593,109182,5598,1,Histórico Evolvy,pending,snoozed,2024-08-02 20:18:06
143596,109188,5598,1,Histórico Evolvy,pending,snoozed,2024-08-02 20:26:06
143598,109192,5598,1,Histórico Evolvy,pending,snoozed,2024-08-02 20:36:06
143604,109205,5598,1,Histórico Evolvy,pending,snoozed,2024-08-02 20:56:06
143612,109232,5598,1,Histórico Evolvy,pending,snoozed,2024-08-02 21:37:07
143613,109233,5598,1,Histórico Evolvy,pending,snoozed,2024-08-02 21:53:07
143617,109245,5598,1,Histórico Evolvy,pending,snoozed,2024-08-02 23:42:05
143618,109248,5598,1,Histórico Evolvy,pending,snoozed,2024-08-02 23:59:10
143621,109255,5598,1,Histórico Evolvy,pending,snoozed,2024-08-03 00:40:08
143623,109258,5598,1,Histórico Evolvy,pending,snoozed,2024-08-03 00:52:06
143624,109260,5598,1,Histórico Evolvy,pending,snoozed,2024-08-03 01:16:07
143627,109268,5598,1,Histórico Evolvy,pending,snoozed,2024-08-03 01:42:05
143628,109270,5598,1,Histórico Evolvy,pending,snoozed,2024-08-03 01:58:09
143630,109274,5598,1,Histórico Evolvy,pending,snoozed,2024-08-03 02:27:07
143632,109282,5598,1,Histórico Evolvy,pending,snoozed,2024-08-03 06:36:05
143634,109284,5598,1,Histórico Evolvy,pending,snoozed,2024-08-03 07:08:07
143638,109291,5598,1,Histórico Evolvy,pending,snoozed,2024-08-03 08:38:07
143639,109294,5598,1,Histórico Evolvy,pending,snoozed,2024-08-03 08:56:07
143641,109297,5598,1,Histórico Evolvy,pending,snoozed,2024-08-03 09:26:05
143643,109303,5598,1,Histórico Evolvy,pending,snoozed,2024-08-03 10:07:09
143644,109305,5598,1,Histórico Evolvy,pending,snoozed,2024-08-03 10:16:07
143647,109309,5598,1,Histórico Evolvy,pending,snoozed,2024-08-03 10:42:08
143648,109310,5598,1,Histórico Evolvy,pending,snoozed,2024-08-03 10:43:07
143649,109312,5598,1,Histórico Evolvy,pending,snoozed,2024-08-03 10:47:08
143651,109315,5598,1,Histórico Evolvy,pending,snoozed,2024-08-03 10:53:05
143653,109317,5598,1,Histórico Evolvy,pending,snoozed,2024-08-03 10:59:05
143655,109321,5598,1,Histórico Evolvy,pending,snoozed,2024-08-03 11:17:07
143659,109327,5598,1,Histórico Evolvy,pending,snoozed,2024-08-03 11:39:07
143661,109329,5598,1,Histórico Evolvy,pending,snoozed,2024-08-03 11:47:08
143662,109330,5598,1,Histórico Evolvy,pending,snoozed,2024-08-03 11:50:07
143665,109333,5598,1,Histórico Evolvy,pending,snoozed,2024-08-03 12:07:05
143668,109337,5598,1,Histórico Evolvy,pending,snoozed,2024-08-03 12:21:05
143677,109361,5598,1,Histórico Evolvy,pending,snoozed,2024-08-03 13:17:08
143678,109369,5598,1,Histórico Evolvy,pending,snoozed,2024-08-03 14:19:08
143681,109372,5598,1,Histórico Evolvy,pending,snoozed,2024-08-03 14:27:10
143682,109374,5598,1,Histórico Evolvy,pending,snoozed,2024-08-03 14:41:05
143683,109375,5598,1,Histórico Evolvy,pending,snoozed,2024-08-03 14:45:07
143684,109378,5598,1,Histórico Evolvy,pending,snoozed,2024-08-03 15:09:06
143685,109390,5598,1,Histórico Evolvy,pending,snoozed,2024-08-03 15:44:08
143688,109399,5598,1,Histórico Evolvy,pending,snoozed,2024-08-03 16:20:17
143689,109400,5598,1,Histórico Evolvy,pending,snoozed,2024-08-03 16:20:22
143690,109402,5598,1,Histórico Evolvy,pending,snoozed,2024-08-03 16:43:07
143691,109403,5598,1,Histórico Evolvy,pending,snoozed,2024-08-03 16:46:06
143692,109407,5598,1,Histórico Evolvy,pending,snoozed,2024-08-03 16:54:05
143694,109409,5598,1,Histórico Evolvy,pending,snoozed,2024-08-03 17:00:22
143696,109414,5598,1,Histórico Evolvy,pending,snoozed,2024-08-03 17:21:08
143697,109416,5598,1,Histórico Evolvy,pending,snoozed,2024-08-03 17:36:05
143700,109421,5598,1,Histórico Evolvy,pending,snoozed,2024-08-03 18:05:10
206961,109450,5599,1,Histórico Evolvy,pending,snoozed,2024-08-03 20:22:07
143710,109451,5598,1,Histórico Evolvy,pending,snoozed,2024-08-03 20:29:08
143711,109452,5598,1,Histórico Evolvy,pending,snoozed,2024-08-03 20:39:07
143712,109455,5598,1,Histórico Evolvy,pending,snoozed,2024-08-03 20:53:07
143720,109473,5598,1,Histórico Evolvy,pending,snoozed,2024-08-03 23:05:07
143722,109476,5598,1,Histórico Evolvy,pending,snoozed,2024-08-03 23:07:06
143723,109482,5598,1,Histórico Evolvy,pending,snoozed,2024-08-03 23:42:07
143726,109489,5598,1,Histórico Evolvy,pending,snoozed,2024-08-04 00:13:06
143728,109491,5598,1,Histórico Evolvy,pending,snoozed,2024-08-04 00:19:09
143730,109500,5598,1,Histórico Evolvy,pending,snoozed,2024-08-04 01:27:07
143731,109501,5598,1,Histórico Evolvy,pending,snoozed,2024-08-04 01:27:14
143732,109503,5598,1,Histórico Evolvy,pending,snoozed,2024-08-04 01:38:05
143735,109511,5598,1,Histórico Evolvy,pending,snoozed,2024-08-04 02:42:08
145233,109513,5598,1,Histórico Evolvy,pending,snoozed,2024-08-04 02:51:05
145236,109521,5598,1,Histórico Evolvy,pending,snoozed,2024-08-04 09:08:06
145237,109531,5598,1,Histórico Evolvy,pending,snoozed,2024-08-04 10:13:07
145240,109539,5598,1,Histórico Evolvy,pending,snoozed,2024-08-04 10:49:06
145243,109543,5598,1,Histórico Evolvy,pending,snoozed,2024-08-04 11:14:05
145245,109545,5598,1,Histórico Evolvy,pending,snoozed,2024-08-04 11:28:07
145246,109547,5598,1,Histórico Evolvy,pending,snoozed,2024-08-04 11:30:08
145247,109549,5598,1,Histórico Evolvy,pending,snoozed,2024-08-04 11:33:10
145253,109562,5598,1,Histórico Evolvy,pending,snoozed,2024-08-04 12:14:17
145254,109563,5598,1,Histórico Evolvy,pending,snoozed,2024-08-04 12:20:23
145255,109565,5598,1,Histórico Evolvy,pending,snoozed,2024-08-04 12:29:07
145256,109566,5598,1,Histórico Evolvy,pending,snoozed,2024-08-04 12:32:07
145258,109569,5598,1,Histórico Evolvy,pending,snoozed,2024-08-04 12:40:17
145260,109572,5598,1,Histórico Evolvy,pending,snoozed,2024-08-04 12:47:08
145261,109573,5598,1,Histórico Evolvy,pending,snoozed,2024-08-04 12:48:06
145265,109577,5598,1,Histórico Evolvy,pending,snoozed,2024-08-04 13:04:10
145267,109580,5598,1,Histórico Evolvy,pending,snoozed,2024-08-04 13:12:06
145268,109582,5598,1,Histórico Evolvy,pending,snoozed,2024-08-04 13:14:09
145270,109586,5598,1,Histórico Evolvy,pending,snoozed,2024-08-04 13:27:09
145272,109590,5598,1,Histórico Evolvy,pending,snoozed,2024-08-04 13:29:14
145277,109600,5598,1,Histórico Evolvy,pending,snoozed,2024-08-04 13:56:17
145278,109601,5598,1,Histórico Evolvy,pending,snoozed,2024-08-04 13:57:08
145282,109610,5598,1,Histórico Evolvy,pending,snoozed,2024-08-04 14:41:11
145283,109611,5598,1,Histórico Evolvy,pending,snoozed,2024-08-04 14:42:07
145286,109614,5598,1,Histórico Evolvy,pending,snoozed,2024-08-04 14:57:09
145288,109623,5598,1,Histórico Evolvy,pending,snoozed,2024-08-04 15:41:09
145290,109628,5598,1,Histórico Evolvy,pending,snoozed,2024-08-04 16:15:07
145291,109635,5598,1,Histórico Evolvy,pending,snoozed,2024-08-04 16:51:06
145294,109643,5598,1,Histórico Evolvy,pending,snoozed,2024-08-04 17:44:08
145297,109654,5598,1,Histórico Evolvy,pending,snoozed,2024-08-04 19:09:08
145298,109655,5598,1,Histórico Evolvy,pending,snoozed,2024-08-04 19:12:06
145299,109657,5598,1,Histórico Evolvy,pending,snoozed,2024-08-04 19:18:07
145300,109664,5598,1,Histórico Evolvy,pending,snoozed,2024-08-04 19:35:07
145301,109665,5598,1,Histórico Evolvy,pending,snoozed,2024-08-04 20:06:07
145302,109670,5598,1,Histórico Evolvy,pending,snoozed,2024-08-04 20:51:05
145303,109674,5598,1,Histórico Evolvy,pending,snoozed,2024-08-04 21:12:06
206969,109675,5599,1,Histórico Evolvy,pending,snoozed,2024-08-04 21:19:06
145305,109683,5598,1,Histórico Evolvy,pending,snoozed,2024-08-04 22:22:07
206971,109694,5599,1,Histórico Evolvy,pending,snoozed,2024-08-04 22:49:06
145314,109703,5598,1,Histórico Evolvy,pending,snoozed,2024-08-04 23:23:06
145315,109705,5598,1,Histórico Evolvy,pending,snoozed,2024-08-04 23:46:08
145317,109718,5598,1,Histórico Evolvy,pending,snoozed,2024-08-05 00:45:09
145318,109724,5598,1,Histórico Evolvy,pending,snoozed,2024-08-05 01:42:06
145319,109728,5598,1,Histórico Evolvy,pending,snoozed,2024-08-05 02:12:07
145320,109730,5598,1,Histórico Evolvy,pending,snoozed,2024-08-05 02:27:07
145322,109734,5598,1,Histórico Evolvy,pending,snoozed,2024-08-05 02:38:06
145323,109736,5598,1,Histórico Evolvy,pending,snoozed,2024-08-05 02:52:08
145324,109739,5598,1,Histórico Evolvy,pending,snoozed,2024-08-05 03:15:05
145325,109740,5598,1,Histórico Evolvy,pending,snoozed,2024-08-05 03:25:06
145333,109775,5598,1,Histórico Evolvy,pending,snoozed,2024-08-05 11:12:07
145339,109781,5598,1,Histórico Evolvy,pending,snoozed,2024-08-05 11:59:06
145343,109788,5598,1,Histórico Evolvy,pending,snoozed,2024-08-05 12:16:07
145344,109789,5598,1,Histórico Evolvy,pending,snoozed,2024-08-05 12:34:09
145346,109792,5598,1,Histórico Evolvy,pending,snoozed,2024-08-05 12:42:14
206982,109807,5599,1,Histórico Evolvy,pending,snoozed,2024-08-05 13:47:05
145351,109810,5598,1,Histórico Evolvy,pending,snoozed,2024-08-05 14:17:05
145354,109817,5598,1,Histórico Evolvy,pending,snoozed,2024-08-05 14:45:09
145355,109818,5598,1,Histórico Evolvy,pending,snoozed,2024-08-05 14:50:11
145357,109822,5598,1,Histórico Evolvy,pending,snoozed,2024-08-05 14:55:07
145358,109823,5598,1,Histórico Evolvy,pending,snoozed,2024-08-05 14:56:06
145359,109825,5598,1,Histórico Evolvy,pending,snoozed,2024-08-05 15:04:09
145360,109826,5598,1,Histórico Evolvy,pending,snoozed,2024-08-05 15:15:08
145361,109827,5598,1,Histórico Evolvy,pending,snoozed,2024-08-05 15:16:06
145362,109829,5598,1,Histórico Evolvy,pending,snoozed,2024-08-05 15:20:11
145365,109834,5598,1,Histórico Evolvy,pending,snoozed,2024-08-05 15:33:05
145366,109838,5598,1,Histórico Evolvy,pending,snoozed,2024-08-05 15:59:06
145368,109840,5598,1,Histórico Evolvy,pending,snoozed,2024-08-05 16:11:32
145369,109843,5598,1,Histórico Evolvy,pending,snoozed,2024-08-05 16:18:05
145375,109862,5598,1,Histórico Evolvy,pending,snoozed,2024-08-05 17:44:07
145376,109865,5598,1,Histórico Evolvy,pending,snoozed,2024-08-05 18:00:07
145379,109871,5598,1,Histórico Evolvy,pending,snoozed,2024-08-05 18:30:07
145380,109874,5598,1,Histórico Evolvy,pending,snoozed,2024-08-05 18:45:06
145381,109875,5598,1,Histórico Evolvy,pending,snoozed,2024-08-05 18:46:05
145382,109876,5598,1,Histórico Evolvy,pending,snoozed,2024-08-05 18:49:06
145388,109886,5598,1,Histórico Evolvy,pending,snoozed,2024-08-05 19:20:12
145389,109889,5598,1,Histórico Evolvy,pending,snoozed,2024-08-05 19:32:07
145391,109893,5598,1,Histórico Evolvy,pending,snoozed,2024-08-05 19:48:08
145392,109895,5598,1,Histórico Evolvy,pending,snoozed,2024-08-05 19:52:05
145393,109897,5598,1,Histórico Evolvy,pending,snoozed,2024-08-05 20:02:06
145394,109899,5598,1,Histórico Evolvy,pending,snoozed,2024-08-05 20:04:06
145406,109933,5598,1,Histórico Evolvy,pending,snoozed,2024-08-05 21:21:07
145407,109934,5598,1,Histórico Evolvy,pending,snoozed,2024-08-05 21:26:07
145414,109944,5598,1,Histórico Evolvy,pending,snoozed,2024-08-05 21:47:05
145416,109953,5598,1,Histórico Evolvy,pending,snoozed,2024-08-05 22:11:08
145419,109959,5598,1,Histórico Evolvy,pending,snoozed,2024-08-05 22:35:07
145422,109965,5598,1,Histórico Evolvy,pending,snoozed,2024-08-05 22:57:06
145423,109969,5598,1,Histórico Evolvy,pending,snoozed,2024-08-05 23:22:06
145424,109970,5598,1,Histórico Evolvy,pending,snoozed,2024-08-05 23:35:10
145425,109972,5598,1,Histórico Evolvy,pending,snoozed,2024-08-05 23:39:05
145426,109973,5598,1,Histórico Evolvy,pending,snoozed,2024-08-05 23:47:06
145428,109979,5598,1,Histórico Evolvy,pending,snoozed,2024-08-06 00:18:13
145429,109982,5598,1,Histórico Evolvy,pending,snoozed,2024-08-06 00:21:08
145431,109984,5598,1,Histórico Evolvy,pending,snoozed,2024-08-06 00:26:16
145434,109999,5598,1,Histórico Evolvy,pending,snoozed,2024-08-06 01:48:07
145435,110000,5598,1,Histórico Evolvy,pending,snoozed,2024-08-06 01:56:06
145436,110001,5598,1,Histórico Evolvy,pending,snoozed,2024-08-06 01:59:06
145439,110008,5598,1,Histórico Evolvy,pending,snoozed,2024-08-06 02:28:07
145440,110009,5598,1,Histórico Evolvy,pending,snoozed,2024-08-06 02:33:09
145441,110010,5598,1,Histórico Evolvy,pending,snoozed,2024-08-06 02:33:15
145445,110024,5598,1,Histórico Evolvy,pending,snoozed,2024-08-06 06:34:05
145446,110025,5598,1,Histórico Evolvy,pending,snoozed,2024-08-06 07:07:08
145448,110029,5598,1,Histórico Evolvy,pending,snoozed,2024-08-06 08:10:07
145450,110033,5598,1,Histórico Evolvy,pending,snoozed,2024-08-06 09:01:07
145451,110036,5598,1,Histórico Evolvy,pending,snoozed,2024-08-06 09:30:08
145452,110039,5598,1,Histórico Evolvy,pending,snoozed,2024-08-06 09:38:06
145454,110047,5598,1,Histórico Evolvy,pending,snoozed,2024-08-06 10:24:05
145455,110048,5598,1,Histórico Evolvy,pending,snoozed,2024-08-06 10:24:12
145456,110049,5598,1,Histórico Evolvy,pending,snoozed,2024-08-06 10:39:06
145457,110050,5598,1,Histórico Evolvy,pending,snoozed,2024-08-06 10:53:08
145458,110051,5598,1,Histórico Evolvy,pending,snoozed,2024-08-06 10:59:07
145467,110071,5598,1,Histórico Evolvy,pending,snoozed,2024-08-06 12:34:18
145468,110072,5598,1,Histórico Evolvy,pending,snoozed,2024-08-06 12:43:05
145469,110073,5598,1,Histórico Evolvy,pending,snoozed,2024-08-06 12:45:06
145473,110082,5598,1,Histórico Evolvy,pending,snoozed,2024-08-06 13:20:08
145475,110089,5598,1,Histórico Evolvy,pending,snoozed,2024-08-06 13:48:07
145476,110091,5598,1,Histórico Evolvy,pending,snoozed,2024-08-06 13:51:06
145478,110104,5598,1,Histórico Evolvy,pending,snoozed,2024-08-06 14:13:07
145479,110106,5598,1,Histórico Evolvy,pending,snoozed,2024-08-06 14:29:05
145481,110110,5598,1,Histórico Evolvy,pending,snoozed,2024-08-06 15:00:07
145485,110120,5598,1,Histórico Evolvy,pending,snoozed,2024-08-06 15:44:09
145488,110128,5598,1,Histórico Evolvy,pending,snoozed,2024-08-06 16:04:05
145489,110137,5598,1,Histórico Evolvy,pending,snoozed,2024-08-06 16:41:10
145492,110144,5598,1,Histórico Evolvy,pending,snoozed,2024-08-06 17:07:10
145493,110147,5598,1,Histórico Evolvy,pending,snoozed,2024-08-06 17:26:06
145494,110149,5598,1,Histórico Evolvy,pending,snoozed,2024-08-06 17:35:10
145499,110158,5598,1,Histórico Evolvy,pending,snoozed,2024-08-06 18:05:07
145501,110160,5598,1,Histórico Evolvy,pending,snoozed,2024-08-06 18:11:06
145503,110163,5598,1,Histórico Evolvy,pending,snoozed,2024-08-06 18:21:05
145507,110172,5598,1,Histórico Evolvy,pending,snoozed,2024-08-06 19:11:07
145515,110191,5598,1,Histórico Evolvy,pending,snoozed,2024-08-06 21:17:04
145516,110193,5598,1,Histórico Evolvy,pending,snoozed,2024-08-06 21:20:13
145517,110194,5598,1,Histórico Evolvy,pending,snoozed,2024-08-06 21:22:07
145518,110201,5598,1,Histórico Evolvy,pending,snoozed,2024-08-06 21:58:06
145522,110207,5598,1,Histórico Evolvy,pending,snoozed,2024-08-06 22:37:06
145526,110225,5598,1,Histórico Evolvy,pending,snoozed,2024-08-06 23:56:08
145530,110230,5598,1,Histórico Evolvy,pending,snoozed,2024-08-07 00:40:19
145531,110233,5598,1,Histórico Evolvy,pending,snoozed,2024-08-07 01:06:08
145534,110236,5598,1,Histórico Evolvy,pending,snoozed,2024-08-07 01:46:06
145536,110242,5598,1,Histórico Evolvy,pending,snoozed,2024-08-07 02:16:07
145537,110246,5598,1,Histórico Evolvy,pending,snoozed,2024-08-07 03:11:07
145538,110248,5598,1,Histórico Evolvy,pending,snoozed,2024-08-07 03:13:06
145540,110251,5598,1,Histórico Evolvy,pending,snoozed,2024-08-07 03:29:07
145541,110253,5598,1,Histórico Evolvy,pending,snoozed,2024-08-07 03:38:06
145544,110266,5598,1,Histórico Evolvy,pending,snoozed,2024-08-07 07:20:17
145546,110269,5598,1,Histórico Evolvy,pending,snoozed,2024-08-07 08:42:06
145547,110271,5598,1,Histórico Evolvy,pending,snoozed,2024-08-07 08:46:05
145548,110272,5598,1,Histórico Evolvy,pending,snoozed,2024-08-07 08:52:07
145551,110279,5598,1,Histórico Evolvy,pending,snoozed,2024-08-07 09:27:06
145556,110290,5598,1,Histórico Evolvy,pending,snoozed,2024-08-07 10:32:08
145557,110291,5598,1,Histórico Evolvy,pending,snoozed,2024-08-07 10:36:06
145560,110312,5598,1,Histórico Evolvy,pending,snoozed,2024-08-07 11:26:07
145561,110317,5598,1,Histórico Evolvy,pending,snoozed,2024-08-07 11:59:07
145562,110319,5598,1,Histórico Evolvy,pending,snoozed,2024-08-07 12:03:06
145566,110341,5598,1,Histórico Evolvy,pending,snoozed,2024-08-07 13:15:06
145568,110345,5598,1,Histórico Evolvy,pending,snoozed,2024-08-07 13:18:06
145569,110350,5598,1,Histórico Evolvy,pending,snoozed,2024-08-07 13:33:06
145570,110351,5598,1,Histórico Evolvy,pending,snoozed,2024-08-07 13:34:07
145571,110363,5598,1,Histórico Evolvy,pending,snoozed,2024-08-07 14:00:07
145573,110371,5598,1,Histórico Evolvy,pending,snoozed,2024-08-07 14:20:19
145574,110378,5598,1,Histórico Evolvy,pending,snoozed,2024-08-07 14:41:11
145575,110381,5598,1,Histórico Evolvy,pending,snoozed,2024-08-07 14:50:07
145577,110391,5598,1,Histórico Evolvy,pending,snoozed,2024-08-07 15:29:08
145578,110393,5598,1,Histórico Evolvy,pending,snoozed,2024-08-07 15:32:06
145580,110399,5598,1,Histórico Evolvy,pending,snoozed,2024-08-07 15:55:08
145581,110403,5598,1,Histórico Evolvy,pending,snoozed,2024-08-07 16:07:07
145585,110417,5598,1,Histórico Evolvy,pending,snoozed,2024-08-07 16:58:08
145589,110426,5598,1,Histórico Evolvy,pending,snoozed,2024-08-07 17:34:07
145595,110436,5598,1,Histórico Evolvy,pending,snoozed,2024-08-07 18:11:06
145602,110461,5598,1,Histórico Evolvy,pending,snoozed,2024-08-07 19:59:06
145603,110462,5598,1,Histórico Evolvy,pending,snoozed,2024-08-07 20:01:06
145605,110467,5598,1,Histórico Evolvy,pending,snoozed,2024-08-07 20:12:10
145609,110479,5598,1,Histórico Evolvy,pending,snoozed,2024-08-07 20:53:10
145611,110483,5598,1,Histórico Evolvy,pending,snoozed,2024-08-07 21:15:07
145615,110493,5598,1,Histórico Evolvy,pending,snoozed,2024-08-07 22:04:06
145619,110502,5598,1,Histórico Evolvy,pending,snoozed,2024-08-07 22:38:10
145621,110507,5598,1,Histórico Evolvy,pending,snoozed,2024-08-07 23:05:07
145624,110513,5598,1,Histórico Evolvy,pending,snoozed,2024-08-07 23:44:05
145625,110517,5598,1,Histórico Evolvy,pending,snoozed,2024-08-08 00:00:07
145626,110524,5598,1,Histórico Evolvy,pending,snoozed,2024-08-08 00:17:09
145630,110539,5598,1,Histórico Evolvy,pending,snoozed,2024-08-08 01:21:06
145631,110541,5598,1,Histórico Evolvy,pending,snoozed,2024-08-08 01:26:10
145634,110553,5598,1,Histórico Evolvy,pending,snoozed,2024-08-08 02:17:06
145635,110558,5598,1,Histórico Evolvy,pending,snoozed,2024-08-08 03:27:07
145638,110568,5598,1,Histórico Evolvy,pending,snoozed,2024-08-08 06:39:06
145640,110573,5598,1,Histórico Evolvy,pending,snoozed,2024-08-08 08:53:06
145642,110576,5598,1,Histórico Evolvy,pending,snoozed,2024-08-08 09:14:06
145643,110577,5598,1,Histórico Evolvy,pending,snoozed,2024-08-08 09:20:17
145645,110580,5598,1,Histórico Evolvy,pending,snoozed,2024-08-08 09:26:08
145646,110581,5598,1,Histórico Evolvy,pending,snoozed,2024-08-08 09:34:07
145649,110590,5598,1,Histórico Evolvy,pending,snoozed,2024-08-08 09:59:07
145655,110600,5598,1,Histórico Evolvy,pending,snoozed,2024-08-08 10:40:07
145659,110608,5598,1,Histórico Evolvy,pending,snoozed,2024-08-08 11:03:07
145667,110627,5598,1,Histórico Evolvy,pending,snoozed,2024-08-08 12:13:07
145671,110636,5598,1,Histórico Evolvy,pending,snoozed,2024-08-08 12:34:12
145673,110656,5598,1,Histórico Evolvy,pending,snoozed,2024-08-08 13:48:07
145674,110658,5598,1,Histórico Evolvy,pending,snoozed,2024-08-08 13:54:09
145676,110665,5598,1,Histórico Evolvy,pending,snoozed,2024-08-08 14:08:05
145677,110668,5598,1,Histórico Evolvy,pending,snoozed,2024-08-08 14:24:08
145682,110687,5598,1,Histórico Evolvy,pending,snoozed,2024-08-08 15:14:07
145687,110712,5598,1,Histórico Evolvy,pending,snoozed,2024-08-08 15:57:05
145692,110721,5598,1,Histórico Evolvy,pending,snoozed,2024-08-08 16:33:11
145695,110730,5598,1,Histórico Evolvy,pending,snoozed,2024-08-08 16:58:07
145696,110731,5598,1,Histórico Evolvy,pending,snoozed,2024-08-08 17:02:10
145699,110744,5598,1,Histórico Evolvy,pending,snoozed,2024-08-08 17:48:06
145700,110747,5598,1,Histórico Evolvy,pending,snoozed,2024-08-08 18:02:07
145701,110748,5598,1,Histórico Evolvy,pending,snoozed,2024-08-08 18:07:08
145703,110755,5598,1,Histórico Evolvy,pending,snoozed,2024-08-08 18:24:11
145705,110763,5598,1,Histórico Evolvy,pending,snoozed,2024-08-08 18:50:06
145709,110776,5598,1,Histórico Evolvy,pending,snoozed,2024-08-08 20:14:26
145710,110777,5598,1,Histórico Evolvy,pending,snoozed,2024-08-08 20:23:06
145718,110802,5598,1,Histórico Evolvy,pending,snoozed,2024-08-08 21:46:05
145720,110806,5598,1,Histórico Evolvy,pending,snoozed,2024-08-08 21:59:06
145721,110807,5598,1,Histórico Evolvy,pending,snoozed,2024-08-08 22:01:09
145723,110817,5598,1,Histórico Evolvy,pending,snoozed,2024-08-08 22:55:08
145724,110820,5598,1,Histórico Evolvy,pending,snoozed,2024-08-08 23:09:06
145729,110831,5598,1,Histórico Evolvy,pending,snoozed,2024-08-08 23:51:06
145731,110834,5598,1,Histórico Evolvy,pending,snoozed,2024-08-09 00:02:07
147732,110842,5598,1,Histórico Evolvy,pending,snoozed,2024-08-09 00:16:08
147733,110844,5598,1,Histórico Evolvy,pending,snoozed,2024-08-09 00:19:08
147734,110848,5598,1,Histórico Evolvy,pending,snoozed,2024-08-09 00:38:05
147737,110858,5598,1,Histórico Evolvy,pending,snoozed,2024-08-09 01:02:07
147739,110862,5598,1,Histórico Evolvy,pending,snoozed,2024-08-09 01:12:07
147741,110872,5598,1,Histórico Evolvy,pending,snoozed,2024-08-09 01:51:07
147742,110874,5598,1,Histórico Evolvy,pending,snoozed,2024-08-09 01:52:07
147743,110876,5598,1,Histórico Evolvy,pending,snoozed,2024-08-09 01:55:08
147745,110888,5598,1,Histórico Evolvy,pending,snoozed,2024-08-09 02:56:06
147748,110898,5598,1,Histórico Evolvy,pending,snoozed,2024-08-09 04:51:07
147749,110905,5598,1,Histórico Evolvy,pending,snoozed,2024-08-09 06:26:06
147752,110914,5598,1,Histórico Evolvy,pending,snoozed,2024-08-09 08:58:07
147753,110917,5598,1,Histórico Evolvy,pending,snoozed,2024-08-09 09:33:06
147755,110924,5598,1,Histórico Evolvy,pending,snoozed,2024-08-09 09:55:06
147756,110925,5598,1,Histórico Evolvy,pending,snoozed,2024-08-09 10:02:08
147760,110937,5598,1,Histórico Evolvy,pending,snoozed,2024-08-09 11:03:07
147761,110941,5598,1,Histórico Evolvy,pending,snoozed,2024-08-09 11:17:08
147762,110944,5598,1,Histórico Evolvy,pending,snoozed,2024-08-09 11:26:08
147763,110946,5598,1,Histórico Evolvy,pending,snoozed,2024-08-09 11:28:09
147768,110959,5598,1,Histórico Evolvy,pending,snoozed,2024-08-09 12:05:09
147770,110961,5598,1,Histórico Evolvy,pending,snoozed,2024-08-09 12:24:06
207065,110973,5599,1,Histórico Evolvy,pending,snoozed,2024-08-09 13:10:07
147773,110974,5598,1,Histórico Evolvy,pending,snoozed,2024-08-09 13:12:08
147778,110994,5598,1,Histórico Evolvy,pending,snoozed,2024-08-09 14:10:06
147781,111006,5598,1,Histórico Evolvy,pending,snoozed,2024-08-09 14:41:29
147782,111010,5598,1,Histórico Evolvy,pending,snoozed,2024-08-09 15:00:12
147785,111031,5598,1,Histórico Evolvy,pending,snoozed,2024-08-09 15:41:14
147792,111046,5598,1,Histórico Evolvy,pending,snoozed,2024-08-09 16:30:08
147793,111047,5598,1,Histórico Evolvy,pending,snoozed,2024-08-09 16:32:07
147794,111051,5598,1,Histórico Evolvy,pending,snoozed,2024-08-09 16:49:07
147796,111058,5598,1,Histórico Evolvy,pending,snoozed,2024-08-09 17:27:07
147801,111078,5598,1,Histórico Evolvy,pending,snoozed,2024-08-09 18:37:06
147802,111079,5598,1,Histórico Evolvy,pending,snoozed,2024-08-09 18:37:12
147807,111090,5598,1,Histórico Evolvy,pending,snoozed,2024-08-09 19:14:06
147808,111091,5598,1,Histórico Evolvy,pending,snoozed,2024-08-09 19:23:08
147811,111099,5598,1,Histórico Evolvy,pending,snoozed,2024-08-09 20:14:09
147814,111106,5598,1,Histórico Evolvy,pending,snoozed,2024-08-09 20:59:07
147817,111113,5598,1,Histórico Evolvy,pending,snoozed,2024-08-09 21:41:16
147825,111128,5598,1,Histórico Evolvy,pending,snoozed,2024-08-09 22:30:06
147826,111130,5598,1,Histórico Evolvy,pending,snoozed,2024-08-09 22:44:07
147828,111140,5598,1,Histórico Evolvy,pending,snoozed,2024-08-09 23:54:07
147829,111144,5598,1,Histórico Evolvy,pending,snoozed,2024-08-10 00:14:06
147832,111155,5598,1,Histórico Evolvy,pending,snoozed,2024-08-10 00:58:07
147834,111158,5598,1,Histórico Evolvy,pending,snoozed,2024-08-10 01:09:06
147837,111169,5598,1,Histórico Evolvy,pending,snoozed,2024-08-10 02:00:12
147838,111171,5598,1,Histórico Evolvy,pending,snoozed,2024-08-10 02:13:06
147842,111177,5598,1,Histórico Evolvy,pending,snoozed,2024-08-10 02:39:07
147846,111195,5598,1,Histórico Evolvy,pending,snoozed,2024-08-10 07:38:07
147848,111206,5598,1,Histórico Evolvy,pending,snoozed,2024-08-10 09:02:09
147849,111213,5598,1,Histórico Evolvy,pending,snoozed,2024-08-10 10:10:06
147850,111214,5598,1,Histórico Evolvy,pending,snoozed,2024-08-10 10:21:06
147851,111215,5598,1,Histórico Evolvy,pending,snoozed,2024-08-10 10:24:09
147853,111218,5598,1,Histórico Evolvy,pending,snoozed,2024-08-10 10:34:07
147854,111220,5598,1,Histórico Evolvy,pending,snoozed,2024-08-10 10:37:08
147858,111226,5598,1,Histórico Evolvy,pending,snoozed,2024-08-10 10:51:08
147859,111227,5598,1,Histórico Evolvy,pending,snoozed,2024-08-10 10:59:10
147861,111232,5598,1,Histórico Evolvy,pending,snoozed,2024-08-10 11:22:06
147862,111235,5598,1,Histórico Evolvy,pending,snoozed,2024-08-10 11:37:08
147863,111237,5598,1,Histórico Evolvy,pending,snoozed,2024-08-10 11:52:12
147864,111238,5598,1,Histórico Evolvy,pending,snoozed,2024-08-10 11:53:06
147866,111240,5598,1,Histórico Evolvy,pending,snoozed,2024-08-10 12:07:08
147867,111241,5598,1,Histórico Evolvy,pending,snoozed,2024-08-10 12:08:07
147868,111244,5598,1,Histórico Evolvy,pending,snoozed,2024-08-10 12:15:06
147869,111249,5598,1,Histórico Evolvy,pending,snoozed,2024-08-10 12:33:07
147873,111254,5598,1,Histórico Evolvy,pending,snoozed,2024-08-10 12:40:26
147874,111255,5598,1,Histórico Evolvy,pending,snoozed,2024-08-10 12:44:05
147875,111256,5598,1,Histórico Evolvy,pending,snoozed,2024-08-10 12:44:12
147885,111276,5598,1,Histórico Evolvy,pending,snoozed,2024-08-10 13:19:05
147888,111279,5598,1,Histórico Evolvy,pending,snoozed,2024-08-10 13:22:13
147891,111291,5598,1,Histórico Evolvy,pending,snoozed,2024-08-10 13:51:25
147893,111295,5598,1,Histórico Evolvy,pending,snoozed,2024-08-10 13:55:12
147895,111299,5598,1,Histórico Evolvy,pending,snoozed,2024-08-10 13:58:12
147897,111305,5598,1,Histórico Evolvy,pending,snoozed,2024-08-10 14:10:10
147899,111311,5598,1,Histórico Evolvy,pending,snoozed,2024-08-10 14:38:07
147900,111314,5598,1,Histórico Evolvy,pending,snoozed,2024-08-10 14:52:08
147901,111315,5598,1,Histórico Evolvy,pending,snoozed,2024-08-10 14:53:05
147906,111326,5598,1,Histórico Evolvy,pending,snoozed,2024-08-10 15:31:05
147913,111337,5598,1,Histórico Evolvy,pending,snoozed,2024-08-10 16:02:08
147915,111342,5598,1,Histórico Evolvy,pending,snoozed,2024-08-10 16:15:08
147917,111345,5598,1,Histórico Evolvy,pending,snoozed,2024-08-10 16:17:07
147919,111359,5598,1,Histórico Evolvy,pending,snoozed,2024-08-10 16:31:10
147920,111361,5598,1,Histórico Evolvy,pending,snoozed,2024-08-10 16:35:07
147922,111365,5598,1,Histórico Evolvy,pending,snoozed,2024-08-10 16:57:08
147923,111375,5598,1,Histórico Evolvy,pending,snoozed,2024-08-10 17:36:08
147924,111380,5598,1,Histórico Evolvy,pending,snoozed,2024-08-10 18:04:05
147925,111382,5598,1,Histórico Evolvy,pending,snoozed,2024-08-10 18:10:07
147926,111384,5598,1,Histórico Evolvy,pending,snoozed,2024-08-10 18:17:08
147928,111386,5598,1,Histórico Evolvy,pending,snoozed,2024-08-10 18:25:08
147930,111391,5598,1,Histórico Evolvy,pending,snoozed,2024-08-10 18:39:07
147931,111392,5598,1,Histórico Evolvy,pending,snoozed,2024-08-10 18:41:06
147932,111395,5598,1,Histórico Evolvy,pending,snoozed,2024-08-10 19:19:07
147934,111397,5598,1,Histórico Evolvy,pending,snoozed,2024-08-10 19:26:10
147935,111401,5598,1,Histórico Evolvy,pending,snoozed,2024-08-10 19:31:08
147936,111405,5598,1,Histórico Evolvy,pending,snoozed,2024-08-10 19:32:07
147937,111408,5598,1,Histórico Evolvy,pending,snoozed,2024-08-10 19:38:07
147940,111419,5598,1,Histórico Evolvy,pending,snoozed,2024-08-10 19:55:06
147941,111420,5598,1,Histórico Evolvy,pending,snoozed,2024-08-10 19:57:09
147942,111421,5598,1,Histórico Evolvy,pending,snoozed,2024-08-10 20:04:10
147943,111426,5598,1,Histórico Evolvy,pending,snoozed,2024-08-10 20:23:06
147944,111430,5598,1,Histórico Evolvy,pending,snoozed,2024-08-10 20:29:08
147948,111447,5598,1,Histórico Evolvy,pending,snoozed,2024-08-10 21:49:07
147950,111452,5598,1,Histórico Evolvy,pending,snoozed,2024-08-10 22:31:07
147951,111453,5598,1,Histórico Evolvy,pending,snoozed,2024-08-10 22:43:09
147953,111457,5598,1,Histórico Evolvy,pending,snoozed,2024-08-10 22:54:09
147956,111464,5598,1,Histórico Evolvy,pending,snoozed,2024-08-10 23:57:06
147958,111471,5598,1,Histórico Evolvy,pending,snoozed,2024-08-11 00:35:07
147960,111474,5598,1,Histórico Evolvy,pending,snoozed,2024-08-11 01:08:07
147964,111482,5598,1,Histórico Evolvy,pending,snoozed,2024-08-11 01:46:07
147972,111504,5598,1,Histórico Evolvy,pending,snoozed,2024-08-11 05:58:06
147973,111506,5598,1,Histórico Evolvy,pending,snoozed,2024-08-11 06:08:06
147975,111508,5598,1,Histórico Evolvy,pending,snoozed,2024-08-11 07:54:07
147981,111527,5598,1,Histórico Evolvy,pending,snoozed,2024-08-11 10:34:07
147982,111529,5598,1,Histórico Evolvy,pending,snoozed,2024-08-11 10:45:09
147983,111530,5598,1,Histórico Evolvy,pending,snoozed,2024-08-11 10:55:09
147988,111551,5598,1,Histórico Evolvy,pending,snoozed,2024-08-11 11:24:07
147998,111568,5598,1,Histórico Evolvy,pending,snoozed,2024-08-11 11:55:08
147999,111569,5598,1,Histórico Evolvy,pending,snoozed,2024-08-11 11:56:08
148000,111570,5598,1,Histórico Evolvy,pending,snoozed,2024-08-11 11:56:10
148001,111571,5598,1,Histórico Evolvy,pending,snoozed,2024-08-11 11:56:20
148011,111587,5598,1,Histórico Evolvy,pending,snoozed,2024-08-11 12:40:05
148016,111593,5598,1,Histórico Evolvy,pending,snoozed,2024-08-11 12:46:08
148017,111595,5598,1,Histórico Evolvy,pending,snoozed,2024-08-11 12:48:09
148020,111601,5598,1,Histórico Evolvy,pending,snoozed,2024-08-11 12:59:09
148024,111607,5598,1,Histórico Evolvy,pending,snoozed,2024-08-11 13:11:14
148025,111612,5598,1,Histórico Evolvy,pending,snoozed,2024-08-11 13:19:10
148026,111613,5598,1,Histórico Evolvy,pending,snoozed,2024-08-11 13:20:11
148027,111614,5598,1,Histórico Evolvy,pending,snoozed,2024-08-11 13:25:08
148029,111621,5598,1,Histórico Evolvy,pending,snoozed,2024-08-11 13:33:08
148030,111624,5598,1,Histórico Evolvy,pending,snoozed,2024-08-11 13:39:08
148032,111631,5598,1,Histórico Evolvy,pending,snoozed,2024-08-11 13:53:09
148034,111635,5598,1,Histórico Evolvy,pending,snoozed,2024-08-11 14:01:07
148035,111639,5598,1,Histórico Evolvy,pending,snoozed,2024-08-11 14:12:12
148037,111642,5598,1,Histórico Evolvy,pending,snoozed,2024-08-11 14:28:05
148038,111645,5598,1,Histórico Evolvy,pending,snoozed,2024-08-11 14:32:08
148040,111648,5598,1,Histórico Evolvy,pending,snoozed,2024-08-11 14:41:12
148041,111650,5598,1,Histórico Evolvy,pending,snoozed,2024-08-11 14:54:08
148043,111655,5598,1,Histórico Evolvy,pending,snoozed,2024-08-11 14:58:06
148046,111660,5598,1,Histórico Evolvy,pending,snoozed,2024-08-11 15:06:06
148047,111662,5598,1,Histórico Evolvy,pending,snoozed,2024-08-11 15:11:09
148053,111671,5598,1,Histórico Evolvy,pending,snoozed,2024-08-11 15:41:12
148054,111672,5598,1,Histórico Evolvy,pending,snoozed,2024-08-11 15:45:05
148056,111675,5598,1,Histórico Evolvy,pending,snoozed,2024-08-11 15:48:08
148059,111679,5598,1,Histórico Evolvy,pending,snoozed,2024-08-11 15:55:14
148060,111682,5598,1,Histórico Evolvy,pending,snoozed,2024-08-11 15:58:05
148061,111683,5598,1,Histórico Evolvy,pending,snoozed,2024-08-11 15:59:07
148064,111687,5598,1,Histórico Evolvy,pending,snoozed,2024-08-11 16:09:09
148067,111695,5598,1,Histórico Evolvy,pending,snoozed,2024-08-11 16:45:09
148068,111696,5598,1,Histórico Evolvy,pending,snoozed,2024-08-11 16:50:07
148070,111704,5598,1,Histórico Evolvy,pending,snoozed,2024-08-11 17:21:07
148072,111709,5598,1,Histórico Evolvy,pending,snoozed,2024-08-11 18:30:07
148076,111716,5598,1,Histórico Evolvy,pending,snoozed,2024-08-11 18:47:07
148077,111718,5598,1,Histórico Evolvy,pending,snoozed,2024-08-11 18:52:10
148078,111723,5598,1,Histórico Evolvy,pending,snoozed,2024-08-11 19:27:08
148079,111724,5598,1,Histórico Evolvy,pending,snoozed,2024-08-11 19:31:09
148080,111725,5598,1,Histórico Evolvy,pending,snoozed,2024-08-11 19:36:11
148081,111729,5598,1,Histórico Evolvy,pending,snoozed,2024-08-11 20:01:07
148083,111731,5598,1,Histórico Evolvy,pending,snoozed,2024-08-11 20:08:05
148085,111736,5598,1,Histórico Evolvy,pending,snoozed,2024-08-11 20:25:13
148091,111755,5598,1,Histórico Evolvy,pending,snoozed,2024-08-11 21:22:09
148093,111766,5598,1,Histórico Evolvy,pending,snoozed,2024-08-11 22:15:08
148095,111776,5598,1,Histórico Evolvy,pending,snoozed,2024-08-11 22:53:07
148096,111784,5598,1,Histórico Evolvy,pending,snoozed,2024-08-11 23:46:07
148097,111785,5598,1,Histórico Evolvy,pending,snoozed,2024-08-11 23:49:08
148099,111787,5598,1,Histórico Evolvy,pending,snoozed,2024-08-12 00:13:06
148101,111791,5598,1,Histórico Evolvy,pending,snoozed,2024-08-12 00:21:04
148108,111840,5598,1,Histórico Evolvy,pending,snoozed,2024-08-12 04:10:07
148110,111842,5598,1,Histórico Evolvy,pending,snoozed,2024-08-12 06:54:07
148112,111845,5598,1,Histórico Evolvy,pending,snoozed,2024-08-12 07:13:06
148115,111857,5598,1,Histórico Evolvy,pending,snoozed,2024-08-12 09:43:06
148116,111867,5598,1,Histórico Evolvy,pending,snoozed,2024-08-12 10:05:06
148119,111873,5598,1,Histórico Evolvy,pending,snoozed,2024-08-12 10:38:07
148120,111874,5598,1,Histórico Evolvy,pending,snoozed,2024-08-12 10:43:08
148121,111876,5598,1,Histórico Evolvy,pending,snoozed,2024-08-12 10:54:09
148129,111909,5598,1,Histórico Evolvy,pending,snoozed,2024-08-12 11:52:11
148130,111912,5598,1,Histórico Evolvy,pending,snoozed,2024-08-12 12:04:07
148131,111914,5598,1,Histórico Evolvy,pending,snoozed,2024-08-12 12:07:09
148132,111916,5598,1,Histórico Evolvy,pending,snoozed,2024-08-12 12:08:09
148136,111925,5598,1,Histórico Evolvy,pending,snoozed,2024-08-12 12:42:10
148139,111931,5598,1,Histórico Evolvy,pending,snoozed,2024-08-12 12:50:08
148141,111940,5598,1,Histórico Evolvy,pending,snoozed,2024-08-12 13:23:06
148143,111944,5598,1,Histórico Evolvy,pending,snoozed,2024-08-12 13:31:05
148148,111954,5598,1,Histórico Evolvy,pending,snoozed,2024-08-12 13:59:09
148150,111956,5598,1,Histórico Evolvy,pending,snoozed,2024-08-12 14:05:06
148151,111960,5598,1,Histórico Evolvy,pending,snoozed,2024-08-12 14:11:07
148153,111966,5598,1,Histórico Evolvy,pending,snoozed,2024-08-12 14:26:07
148157,111970,5598,1,Histórico Evolvy,pending,snoozed,2024-08-12 14:34:06
148163,112003,5598,1,Histórico Evolvy,pending,snoozed,2024-08-12 16:00:13
148165,112010,5598,1,Histórico Evolvy,pending,snoozed,2024-08-12 16:19:06
148166,112011,5598,1,Histórico Evolvy,pending,snoozed,2024-08-12 16:31:07
148167,112014,5598,1,Histórico Evolvy,pending,snoozed,2024-08-12 16:35:07
148175,112039,5598,1,Histórico Evolvy,pending,snoozed,2024-08-12 17:41:08
148194,112069,5598,1,Histórico Evolvy,pending,snoozed,2024-08-12 18:36:06
148196,112072,5598,1,Histórico Evolvy,pending,snoozed,2024-08-12 18:40:06
148222,112122,5598,1,Histórico Evolvy,pending,snoozed,2024-08-12 20:26:07
148223,112124,5598,1,Histórico Evolvy,pending,snoozed,2024-08-12 20:29:06
148225,112130,5598,1,Histórico Evolvy,pending,snoozed,2024-08-12 20:50:08
148227,112137,5598,1,Histórico Evolvy,pending,snoozed,2024-08-12 21:02:06
148228,112141,5598,1,Histórico Evolvy,pending,snoozed,2024-08-12 21:24:07
148231,112169,5598,1,Histórico Evolvy,pending,snoozed,2024-08-12 22:54:07
149234,112185,5598,1,Histórico Evolvy,pending,snoozed,2024-08-13 00:22:09
149236,112189,5598,1,Histórico Evolvy,pending,snoozed,2024-08-13 00:45:09
149237,112190,5598,1,Histórico Evolvy,pending,snoozed,2024-08-13 00:45:16
149239,112192,5598,1,Histórico Evolvy,pending,snoozed,2024-08-13 00:51:07
149240,112195,5598,1,Histórico Evolvy,pending,snoozed,2024-08-13 01:02:07
149241,112198,5598,1,Histórico Evolvy,pending,snoozed,2024-08-13 01:10:08
149242,112199,5598,1,Histórico Evolvy,pending,snoozed,2024-08-13 01:21:08
149243,112202,5598,1,Histórico Evolvy,pending,snoozed,2024-08-13 01:31:07
149244,112203,5598,1,Histórico Evolvy,pending,snoozed,2024-08-13 01:32:07
149247,112217,5598,1,Histórico Evolvy,pending,snoozed,2024-08-13 02:13:08
149248,112218,5598,1,Histórico Evolvy,pending,snoozed,2024-08-13 02:18:07
149249,112227,5598,1,Histórico Evolvy,pending,snoozed,2024-08-13 04:29:07
149251,112245,5598,1,Histórico Evolvy,pending,snoozed,2024-08-13 09:26:06
149253,112247,5598,1,Histórico Evolvy,pending,snoozed,2024-08-13 09:28:07
149254,112248,5598,1,Histórico Evolvy,pending,snoozed,2024-08-13 09:32:04
149255,112250,5598,1,Histórico Evolvy,pending,snoozed,2024-08-13 09:41:06
149258,112254,5598,1,Histórico Evolvy,pending,snoozed,2024-08-13 09:48:09
149259,112257,5598,1,Histórico Evolvy,pending,snoozed,2024-08-13 10:00:19
149260,112259,5598,1,Histórico Evolvy,pending,snoozed,2024-08-13 10:05:07
149262,112261,5598,1,Histórico Evolvy,pending,snoozed,2024-08-13 10:08:06
149265,112267,5598,1,Histórico Evolvy,pending,snoozed,2024-08-13 10:31:06
149266,112268,5598,1,Histórico Evolvy,pending,snoozed,2024-08-13 10:33:08
149268,112271,5598,1,Histórico Evolvy,pending,snoozed,2024-08-13 10:58:07
149269,112273,5598,1,Histórico Evolvy,pending,snoozed,2024-08-13 11:00:06
149271,112277,5598,1,Histórico Evolvy,pending,snoozed,2024-08-13 11:09:08
149273,112283,5598,1,Histórico Evolvy,pending,snoozed,2024-08-13 11:40:08
149274,112285,5598,1,Histórico Evolvy,pending,snoozed,2024-08-13 11:48:05
149278,112297,5598,1,Histórico Evolvy,pending,snoozed,2024-08-13 12:36:08
149279,112302,5598,1,Histórico Evolvy,pending,snoozed,2024-08-13 12:45:09
149282,112308,5598,1,Histórico Evolvy,pending,snoozed,2024-08-13 12:55:09
149283,112311,5598,1,Histórico Evolvy,pending,snoozed,2024-08-13 12:56:07
149284,112315,5598,1,Histórico Evolvy,pending,snoozed,2024-08-13 13:05:11
149286,112318,5598,1,Histórico Evolvy,pending,snoozed,2024-08-13 13:15:08
149287,112319,5598,1,Histórico Evolvy,pending,snoozed,2024-08-13 13:17:08
149290,112327,5598,1,Histórico Evolvy,pending,snoozed,2024-08-13 13:27:08
149292,112330,5598,1,Histórico Evolvy,pending,snoozed,2024-08-13 13:33:12
149293,112331,5598,1,Histórico Evolvy,pending,snoozed,2024-08-13 13:34:08
149295,112334,5598,1,Histórico Evolvy,pending,snoozed,2024-08-13 13:46:08
149297,112337,5598,1,Histórico Evolvy,pending,snoozed,2024-08-13 13:53:15
149304,112376,5598,1,Histórico Evolvy,pending,snoozed,2024-08-13 15:22:06
149318,112404,5598,1,Histórico Evolvy,pending,snoozed,2024-08-13 16:01:05
149319,112405,5598,1,Histórico Evolvy,pending,snoozed,2024-08-13 16:03:11
149321,112408,5598,1,Histórico Evolvy,pending,snoozed,2024-08-13 16:12:05
149324,112413,5598,1,Histórico Evolvy,pending,snoozed,2024-08-13 16:26:06
149325,112415,5598,1,Histórico Evolvy,pending,snoozed,2024-08-13 16:30:12
149329,112422,5598,1,Histórico Evolvy,pending,snoozed,2024-08-13 17:15:07
149331,112427,5598,1,Histórico Evolvy,pending,snoozed,2024-08-13 17:30:07
149336,112436,5598,1,Histórico Evolvy,pending,snoozed,2024-08-13 17:57:11
149340,112440,5598,1,Histórico Evolvy,pending,snoozed,2024-08-13 18:04:12
149343,112443,5598,1,Histórico Evolvy,pending,snoozed,2024-08-13 18:09:08
149349,112451,5598,1,Histórico Evolvy,pending,snoozed,2024-08-13 18:20:06
149350,112452,5598,1,Histórico Evolvy,pending,snoozed,2024-08-13 18:24:05
149354,112456,5598,1,Histórico Evolvy,pending,snoozed,2024-08-13 18:30:10
149361,112478,5598,1,Histórico Evolvy,pending,snoozed,2024-08-13 20:09:06
149362,112479,5598,1,Histórico Evolvy,pending,snoozed,2024-08-13 20:10:08
149363,112480,5598,1,Histórico Evolvy,pending,snoozed,2024-08-13 20:11:11
149366,112483,5598,1,Histórico Evolvy,pending,snoozed,2024-08-13 20:14:07
149370,112491,5598,1,Histórico Evolvy,pending,snoozed,2024-08-13 20:37:07
149372,112493,5598,1,Histórico Evolvy,pending,snoozed,2024-08-13 20:50:10
149375,112496,5598,1,Histórico Evolvy,pending,snoozed,2024-08-13 21:07:06
149380,112507,5598,1,Histórico Evolvy,pending,snoozed,2024-08-13 21:45:07
149385,112521,5598,1,Histórico Evolvy,pending,snoozed,2024-08-13 22:44:12
149407,112560,5598,1,Histórico Evolvy,pending,snoozed,2024-08-14 00:29:06
149411,112573,5598,1,Histórico Evolvy,pending,snoozed,2024-08-14 01:07:05
149412,112575,5598,1,Histórico Evolvy,pending,snoozed,2024-08-14 01:12:09
149413,112583,5598,1,Histórico Evolvy,pending,snoozed,2024-08-14 01:32:07
149421,112602,5598,1,Histórico Evolvy,pending,snoozed,2024-08-14 03:07:05
149422,112604,5598,1,Histórico Evolvy,pending,snoozed,2024-08-14 03:18:06
149423,112606,5598,1,Histórico Evolvy,pending,snoozed,2024-08-14 03:51:08
149424,112609,5598,1,Histórico Evolvy,pending,snoozed,2024-08-14 04:39:11
149426,112616,5598,1,Histórico Evolvy,pending,snoozed,2024-08-14 06:36:09
149427,112620,5598,1,Histórico Evolvy,pending,snoozed,2024-08-14 08:28:08
149431,112631,5598,1,Histórico Evolvy,pending,snoozed,2024-08-14 09:34:14
149432,112632,5598,1,Histórico Evolvy,pending,snoozed,2024-08-14 09:40:06
149435,112643,5598,1,Histórico Evolvy,pending,snoozed,2024-08-14 10:24:09
149438,112651,5598,1,Histórico Evolvy,pending,snoozed,2024-08-14 10:57:07
149439,112654,5598,1,Histórico Evolvy,pending,snoozed,2024-08-14 11:07:06
149442,112658,5598,1,Histórico Evolvy,pending,snoozed,2024-08-14 11:24:08
149443,112659,5598,1,Histórico Evolvy,pending,snoozed,2024-08-14 11:24:15
149444,112660,5598,1,Histórico Evolvy,pending,snoozed,2024-08-14 11:30:07
149445,112661,5598,1,Histórico Evolvy,pending,snoozed,2024-08-14 11:33:05
149448,112664,5598,1,Histórico Evolvy,pending,snoozed,2024-08-14 11:36:05
149449,112665,5598,1,Histórico Evolvy,pending,snoozed,2024-08-14 11:39:08
149450,112667,5598,1,Histórico Evolvy,pending,snoozed,2024-08-14 11:44:08
149453,112675,5598,1,Histórico Evolvy,pending,snoozed,2024-08-14 12:17:08
149454,112677,5598,1,Histórico Evolvy,pending,snoozed,2024-08-14 12:23:09
149456,112679,5598,1,Histórico Evolvy,pending,snoozed,2024-08-14 12:24:17
149457,112680,5598,1,Histórico Evolvy,pending,snoozed,2024-08-14 12:24:24
149474,112704,5598,1,Histórico Evolvy,pending,snoozed,2024-08-14 13:17:10
149476,112706,5598,1,Histórico Evolvy,pending,snoozed,2024-08-14 13:21:05
207671,112708,5599,1,Histórico Evolvy,pending,snoozed,2024-08-14 13:26:05
149477,112709,5598,1,Histórico Evolvy,pending,snoozed,2024-08-14 13:26:11
149478,112710,5598,1,Histórico Evolvy,pending,snoozed,2024-08-14 13:30:10
149480,112715,5598,1,Histórico Evolvy,pending,snoozed,2024-08-14 13:40:12
149490,112750,5598,1,Histórico Evolvy,pending,snoozed,2024-08-14 15:46:13
149491,112752,5598,1,Histórico Evolvy,pending,snoozed,2024-08-14 15:48:09
149494,112767,5598,1,Histórico Evolvy,pending,snoozed,2024-08-14 16:05:08
149497,112770,5598,1,Histórico Evolvy,pending,snoozed,2024-08-14 16:10:07
149505,112787,5598,1,Histórico Evolvy,pending,snoozed,2024-08-14 16:46:06
149506,112789,5598,1,Histórico Evolvy,pending,snoozed,2024-08-14 16:48:05
149507,112792,5598,1,Histórico Evolvy,pending,snoozed,2024-08-14 16:59:08
149509,112797,5598,1,Histórico Evolvy,pending,snoozed,2024-08-14 17:18:07
149510,112799,5598,1,Histórico Evolvy,pending,snoozed,2024-08-14 17:39:05
149512,112803,5598,1,Histórico Evolvy,pending,snoozed,2024-08-14 17:42:10
149513,112807,5598,1,Histórico Evolvy,pending,snoozed,2024-08-14 17:56:06
149525,112837,5598,1,Histórico Evolvy,pending,snoozed,2024-08-14 19:37:06
149528,112845,5598,1,Histórico Evolvy,pending,snoozed,2024-08-14 20:00:07
149529,112848,5598,1,Histórico Evolvy,pending,snoozed,2024-08-14 20:17:05
149531,112853,5598,1,Histórico Evolvy,pending,snoozed,2024-08-14 20:34:09
149535,112869,5598,1,Histórico Evolvy,pending,snoozed,2024-08-14 21:40:09
149539,112888,5598,1,Histórico Evolvy,pending,snoozed,2024-08-14 22:50:08
149544,112899,5598,1,Histórico Evolvy,pending,snoozed,2024-08-14 23:42:05
149545,112902,5598,1,Histórico Evolvy,pending,snoozed,2024-08-15 00:28:07
149549,112908,5598,1,Histórico Evolvy,pending,snoozed,2024-08-15 00:51:05
149550,112910,5598,1,Histórico Evolvy,pending,snoozed,2024-08-15 00:57:07
149559,112932,5598,1,Histórico Evolvy,pending,snoozed,2024-08-15 02:05:06
149563,112952,5598,1,Histórico Evolvy,pending,snoozed,2024-08-15 04:00:06
149564,112960,5598,1,Histórico Evolvy,pending,snoozed,2024-08-15 07:10:07
149565,112965,5598,1,Histórico Evolvy,pending,snoozed,2024-08-15 08:11:05
149567,112968,5598,1,Histórico Evolvy,pending,snoozed,2024-08-15 08:37:06
149569,112971,5598,1,Histórico Evolvy,pending,snoozed,2024-08-15 09:02:09
149570,112972,5598,1,Histórico Evolvy,pending,snoozed,2024-08-15 09:08:06
149572,112980,5598,1,Histórico Evolvy,pending,snoozed,2024-08-15 09:48:08
149575,112989,5598,1,Histórico Evolvy,pending,snoozed,2024-08-15 10:00:16
149576,112990,5598,1,Histórico Evolvy,pending,snoozed,2024-08-15 10:12:07
149579,112999,5598,1,Histórico Evolvy,pending,snoozed,2024-08-15 10:42:06
149585,113007,5598,1,Histórico Evolvy,pending,snoozed,2024-08-15 11:10:06
149586,113008,5598,1,Histórico Evolvy,pending,snoozed,2024-08-15 11:13:08
149587,113010,5598,1,Histórico Evolvy,pending,snoozed,2024-08-15 11:16:07
149588,113014,5598,1,Histórico Evolvy,pending,snoozed,2024-08-15 11:21:07
149590,113020,5598,1,Histórico Evolvy,pending,snoozed,2024-08-15 11:27:06
149591,113021,5598,1,Histórico Evolvy,pending,snoozed,2024-08-15 11:34:08
149592,113022,5598,1,Histórico Evolvy,pending,snoozed,2024-08-15 11:49:07
149594,113025,5598,1,Histórico Evolvy,pending,snoozed,2024-08-15 11:55:09
149595,113027,5598,1,Histórico Evolvy,pending,snoozed,2024-08-15 12:03:06
149601,113040,5598,1,Histórico Evolvy,pending,snoozed,2024-08-15 12:49:12
149603,113043,5598,1,Histórico Evolvy,pending,snoozed,2024-08-15 13:03:09
149609,113054,5598,1,Histórico Evolvy,pending,snoozed,2024-08-15 13:35:20
149615,113071,5598,1,Histórico Evolvy,pending,snoozed,2024-08-15 14:12:09
149619,113077,5598,1,Histórico Evolvy,pending,snoozed,2024-08-15 14:22:06
149624,113100,5598,1,Histórico Evolvy,pending,snoozed,2024-08-15 15:06:28
149628,113110,5598,1,Histórico Evolvy,pending,snoozed,2024-08-15 15:21:08
149632,113123,5598,1,Histórico Evolvy,pending,snoozed,2024-08-15 16:09:11
149633,113125,5598,1,Histórico Evolvy,pending,snoozed,2024-08-15 16:18:10
149638,113144,5598,1,Histórico Evolvy,pending,snoozed,2024-08-15 17:07:06
149639,113147,5598,1,Histórico Evolvy,pending,snoozed,2024-08-15 17:23:26
149642,113150,5598,1,Histórico Evolvy,pending,snoozed,2024-08-15 17:31:06
207697,113159,5599,1,Histórico Evolvy,pending,snoozed,2024-08-15 17:50:07
149648,113160,5598,1,Histórico Evolvy,pending,snoozed,2024-08-15 17:56:08
149655,113170,5598,1,Histórico Evolvy,pending,snoozed,2024-08-15 18:19:06
149662,113196,5598,1,Histórico Evolvy,pending,snoozed,2024-08-15 20:23:11
149663,113198,5598,1,Histórico Evolvy,pending,snoozed,2024-08-15 20:34:09
149670,113221,5598,1,Histórico Evolvy,pending,snoozed,2024-08-15 22:06:10
149674,113228,5598,1,Histórico Evolvy,pending,snoozed,2024-08-15 22:34:05
149681,113250,5598,1,Histórico Evolvy,pending,snoozed,2024-08-16 00:01:07
207704,113261,5599,1,Histórico Evolvy,pending,snoozed,2024-08-16 00:58:06
149687,113272,5598,1,Histórico Evolvy,pending,snoozed,2024-08-16 01:37:08
149688,113274,5598,1,Histórico Evolvy,pending,snoozed,2024-08-16 01:45:07
149690,113278,5598,1,Histórico Evolvy,pending,snoozed,2024-08-16 02:08:06
149692,113282,5598,1,Histórico Evolvy,pending,snoozed,2024-08-16 02:49:05
149696,113297,5598,1,Histórico Evolvy,pending,snoozed,2024-08-16 04:53:07
149698,113304,5598,1,Histórico Evolvy,pending,snoozed,2024-08-16 07:07:05
149700,113310,5598,1,Histórico Evolvy,pending,snoozed,2024-08-16 08:55:05
149702,113315,5598,1,Histórico Evolvy,pending,snoozed,2024-08-16 09:46:07
149707,113324,5598,1,Histórico Evolvy,pending,snoozed,2024-08-16 10:27:05
149708,113325,5598,1,Histórico Evolvy,pending,snoozed,2024-08-16 10:29:05
149711,113329,5598,1,Histórico Evolvy,pending,snoozed,2024-08-16 10:36:07
149712,113330,5598,1,Histórico Evolvy,pending,snoozed,2024-08-16 10:37:07
149714,113333,5598,1,Histórico Evolvy,pending,snoozed,2024-08-16 10:48:08
149715,113334,5598,1,Histórico Evolvy,pending,snoozed,2024-08-16 10:48:16
149716,113338,5598,1,Histórico Evolvy,pending,snoozed,2024-08-16 11:08:08
149717,113341,5598,1,Histórico Evolvy,pending,snoozed,2024-08-16 11:16:11
149718,113342,5598,1,Histórico Evolvy,pending,snoozed,2024-08-16 11:24:10
149721,113348,5598,1,Histórico Evolvy,pending,snoozed,2024-08-16 11:52:10
149722,113351,5598,1,Histórico Evolvy,pending,snoozed,2024-08-16 12:03:07
149727,113359,5598,1,Histórico Evolvy,pending,snoozed,2024-08-16 12:27:07
149728,113360,5598,1,Histórico Evolvy,pending,snoozed,2024-08-16 12:32:11
151736,113382,5598,1,Histórico Evolvy,pending,snoozed,2024-08-16 13:23:08
151739,113387,5598,1,Histórico Evolvy,pending,snoozed,2024-08-16 13:35:08
151742,113392,5598,1,Histórico Evolvy,pending,snoozed,2024-08-16 13:48:04
207715,113396,5599,1,Histórico Evolvy,pending,snoozed,2024-08-16 13:56:10
151745,113397,5598,1,Histórico Evolvy,pending,snoozed,2024-08-16 14:01:11
151748,113422,5598,1,Histórico Evolvy,pending,snoozed,2024-08-16 14:56:07
151751,113433,5598,1,Histórico Evolvy,pending,snoozed,2024-08-16 15:16:07
151752,113435,5598,1,Histórico Evolvy,pending,snoozed,2024-08-16 15:28:05
151758,113461,5598,1,Histórico Evolvy,pending,snoozed,2024-08-16 16:55:09
151771,113497,5598,1,Histórico Evolvy,pending,snoozed,2024-08-16 18:25:08
151776,113518,5598,1,Histórico Evolvy,pending,snoozed,2024-08-16 19:52:06
151777,113525,5598,1,Histórico Evolvy,pending,snoozed,2024-08-16 20:06:08
151780,113540,5598,1,Histórico Evolvy,pending,snoozed,2024-08-16 20:43:06
151781,113543,5598,1,Histórico Evolvy,pending,snoozed,2024-08-16 20:47:06
151782,113554,5598,1,Histórico Evolvy,pending,snoozed,2024-08-16 21:42:06
151783,113559,5598,1,Histórico Evolvy,pending,snoozed,2024-08-16 21:50:05
151787,113595,5598,1,Histórico Evolvy,pending,snoozed,2024-08-17 00:50:07
151789,113610,5598,1,Histórico Evolvy,pending,snoozed,2024-08-17 04:11:07
151791,113621,5598,1,Histórico Evolvy,pending,snoozed,2024-08-17 07:35:06
151796,113637,5598,1,Histórico Evolvy,pending,snoozed,2024-08-17 10:01:06
151799,113658,5598,1,Histórico Evolvy,pending,snoozed,2024-08-17 11:54:06
151802,113691,5598,1,Histórico Evolvy,pending,snoozed,2024-08-17 13:35:06
151803,113696,5598,1,Histórico Evolvy,pending,snoozed,2024-08-17 13:52:06
151806,113720,5598,1,Histórico Evolvy,pending,snoozed,2024-08-17 15:52:04
151809,113741,5598,1,Histórico Evolvy,pending,snoozed,2024-08-17 18:39:09
151814,113774,5598,1,Histórico Evolvy,pending,snoozed,2024-08-17 23:40:05
151815,113776,5598,1,Histórico Evolvy,pending,snoozed,2024-08-17 23:54:06
151817,113801,5598,1,Histórico Evolvy,pending,snoozed,2024-08-18 04:38:06
151819,113831,5598,1,Histórico Evolvy,pending,snoozed,2024-08-18 13:11:09
151820,113844,5598,1,Histórico Evolvy,pending,snoozed,2024-08-18 14:45:06
151824,113869,5598,1,Histórico Evolvy,pending,snoozed,2024-08-18 17:40:08
151829,113911,5598,1,Histórico Evolvy,pending,snoozed,2024-08-18 23:28:07
151832,113986,5598,1,Histórico Evolvy,pending,snoozed,2024-08-19 11:27:07
151833,113988,5598,1,Histórico Evolvy,pending,snoozed,2024-08-19 11:36:05
151834,113990,5598,1,Histórico Evolvy,pending,snoozed,2024-08-19 11:50:06
151836,114008,5598,1,Histórico Evolvy,pending,snoozed,2024-08-19 12:42:09
151841,114046,5598,1,Histórico Evolvy,pending,snoozed,2024-08-19 15:30:08
151888,114133,5598,1,Histórico Evolvy,pending,snoozed,2024-08-19 17:04:06
151902,114164,5598,1,Histórico Evolvy,pending,snoozed,2024-08-19 18:26:06
151903,114165,5598,1,Histórico Evolvy,pending,snoozed,2024-08-19 18:55:06
151905,114171,5598,1,Histórico Evolvy,pending,snoozed,2024-08-19 19:31:05
151906,114176,5598,1,Histórico Evolvy,pending,snoozed,2024-08-19 19:41:05
151913,114225,5598,1,Histórico Evolvy,pending,snoozed,2024-08-19 22:41:06
151914,114240,5598,1,Histórico Evolvy,pending,snoozed,2024-08-20 00:33:07
151915,114258,5598,1,Histórico Evolvy,pending,snoozed,2024-08-20 01:42:08
151916,114261,5598,1,Histórico Evolvy,pending,snoozed,2024-08-20 01:46:06
151918,114266,5598,1,Histórico Evolvy,pending,snoozed,2024-08-20 02:31:06
151920,114271,5598,1,Histórico Evolvy,pending,snoozed,2024-08-20 02:58:07
151922,114287,5598,1,Histórico Evolvy,pending,snoozed,2024-08-20 06:38:05
151925,114297,5598,1,Histórico Evolvy,pending,snoozed,2024-08-20 08:28:09
151926,114308,5598,1,Histórico Evolvy,pending,snoozed,2024-08-20 09:50:07
151927,114315,5598,1,Histórico Evolvy,pending,snoozed,2024-08-20 10:39:05
151934,114352,5598,1,Histórico Evolvy,pending,snoozed,2024-08-20 13:40:07
151949,114411,5598,1,Histórico Evolvy,pending,snoozed,2024-08-20 16:00:07
151963,114437,5598,1,Histórico Evolvy,pending,snoozed,2024-08-20 16:37:07
151966,114445,5598,1,Histórico Evolvy,pending,snoozed,2024-08-20 17:28:06
151967,114446,5598,1,Histórico Evolvy,pending,snoozed,2024-08-20 17:37:05
151980,114493,5598,1,Histórico Evolvy,pending,snoozed,2024-08-20 21:07:07
151981,114501,5598,1,Histórico Evolvy,pending,snoozed,2024-08-20 21:26:07
151984,114509,5598,1,Histórico Evolvy,pending,snoozed,2024-08-20 21:53:14
151986,114511,5598,1,Histórico Evolvy,pending,snoozed,2024-08-20 22:18:07
151989,114517,5598,1,Histórico Evolvy,pending,snoozed,2024-08-20 22:36:19
151990,114519,5598,1,Histórico Evolvy,pending,snoozed,2024-08-20 22:51:07
151992,114527,5598,1,Histórico Evolvy,pending,snoozed,2024-08-20 23:23:07
151993,114536,5598,1,Histórico Evolvy,pending,snoozed,2024-08-21 00:07:06
151998,114551,5598,1,Histórico Evolvy,pending,snoozed,2024-08-21 01:09:06
152000,114556,5598,1,Histórico Evolvy,pending,snoozed,2024-08-21 01:54:07
152003,114568,5598,1,Histórico Evolvy,pending,snoozed,2024-08-21 02:49:07
152006,114586,5598,1,Histórico Evolvy,pending,snoozed,2024-08-21 08:05:07
152013,114609,5598,1,Histórico Evolvy,pending,snoozed,2024-08-21 10:19:06
152014,114610,5598,1,Histórico Evolvy,pending,snoozed,2024-08-21 10:19:10
152016,114616,5598,1,Histórico Evolvy,pending,snoozed,2024-08-21 10:46:08
152017,114617,5598,1,Histórico Evolvy,pending,snoozed,2024-08-21 11:08:08
152021,114627,5598,1,Histórico Evolvy,pending,snoozed,2024-08-21 12:02:06
152030,114645,5598,1,Histórico Evolvy,pending,snoozed,2024-08-21 13:08:07
152031,114646,5598,1,Histórico Evolvy,pending,snoozed,2024-08-21 13:13:05
152035,114653,5598,1,Histórico Evolvy,pending,snoozed,2024-08-21 13:26:08
152036,114655,5598,1,Histórico Evolvy,pending,snoozed,2024-08-21 13:34:07
152038,114657,5598,1,Histórico Evolvy,pending,snoozed,2024-08-21 13:35:11
152041,114662,5598,1,Histórico Evolvy,pending,snoozed,2024-08-21 13:53:07
152042,114665,5598,1,Histórico Evolvy,pending,snoozed,2024-08-21 14:00:16
152043,114669,5598,1,Histórico Evolvy,pending,snoozed,2024-08-21 14:14:10
152045,114683,5598,1,Histórico Evolvy,pending,snoozed,2024-08-21 14:27:06
152048,114691,5598,1,Histórico Evolvy,pending,snoozed,2024-08-21 15:05:07
152054,114710,5598,1,Histórico Evolvy,pending,snoozed,2024-08-21 16:06:08
152065,114752,5598,1,Histórico Evolvy,pending,snoozed,2024-08-21 19:10:06
152083,114789,5598,1,Histórico Evolvy,pending,snoozed,2024-08-21 20:51:06
152085,114791,5598,1,Histórico Evolvy,pending,snoozed,2024-08-21 20:58:38
152089,114800,5598,1,Histórico Evolvy,pending,snoozed,2024-08-21 21:20:36
152090,114803,5598,1,Histórico Evolvy,pending,snoozed,2024-08-21 21:27:27
152094,114807,5598,1,Histórico Evolvy,pending,snoozed,2024-08-21 21:28:29
152096,114809,5598,1,Histórico Evolvy,pending,snoozed,2024-08-21 21:29:17
152098,114811,5598,1,Histórico Evolvy,pending,snoozed,2024-08-21 21:29:22
152100,114813,5598,1,Histórico Evolvy,pending,snoozed,2024-08-21 21:30:14
152101,114814,5598,1,Histórico Evolvy,pending,snoozed,2024-08-21 21:30:16
152104,114817,5598,1,Histórico Evolvy,pending,snoozed,2024-08-21 21:30:40
152108,114823,5598,1,Histórico Evolvy,pending,snoozed,2024-08-21 21:31:30
152110,114825,5598,1,Histórico Evolvy,pending,snoozed,2024-08-21 21:34:36
152112,114827,5598,1,Histórico Evolvy,pending,snoozed,2024-08-21 21:36:47
152113,114828,5598,1,Histórico Evolvy,pending,snoozed,2024-08-21 21:36:54
152114,114829,5598,1,Histórico Evolvy,pending,snoozed,2024-08-21 21:37:05
152116,114832,5598,1,Histórico Evolvy,pending,snoozed,2024-08-21 21:37:28
152120,114836,5598,1,Histórico Evolvy,pending,snoozed,2024-08-21 21:38:12
152125,114841,5598,1,Histórico Evolvy,pending,snoozed,2024-08-21 21:39:07
152128,114844,5598,1,Histórico Evolvy,pending,snoozed,2024-08-21 21:40:07
152131,114847,5598,1,Histórico Evolvy,pending,snoozed,2024-08-21 21:40:19
152132,114848,5598,1,Histórico Evolvy,pending,snoozed,2024-08-21 21:40:36
152135,114851,5598,1,Histórico Evolvy,pending,snoozed,2024-08-21 21:41:32
152138,114854,5598,1,Histórico Evolvy,pending,snoozed,2024-08-21 21:42:25
152139,114855,5598,1,Histórico Evolvy,pending,snoozed,2024-08-21 21:42:27
152140,114856,5598,1,Histórico Evolvy,pending,snoozed,2024-08-21 21:43:15
152141,114857,5598,1,Histórico Evolvy,pending,snoozed,2024-08-21 21:43:18
152145,114861,5598,1,Histórico Evolvy,pending,snoozed,2024-08-21 21:44:15
152149,114868,5598,1,Histórico Evolvy,pending,snoozed,2024-08-21 22:04:09
152151,114871,5598,1,Histórico Evolvy,pending,snoozed,2024-08-21 22:04:31
152157,114878,5598,1,Histórico Evolvy,pending,snoozed,2024-08-21 22:06:18
152158,114879,5598,1,Histórico Evolvy,pending,snoozed,2024-08-21 22:06:20
152159,114880,5598,1,Histórico Evolvy,pending,snoozed,2024-08-21 22:06:23
152160,114881,5598,1,Histórico Evolvy,pending,snoozed,2024-08-21 22:06:25
152161,114882,5598,1,Histórico Evolvy,pending,snoozed,2024-08-21 22:06:28
152163,114884,5598,1,Histórico Evolvy,pending,snoozed,2024-08-21 22:07:24
152165,114886,5598,1,Histórico Evolvy,pending,snoozed,2024-08-21 22:07:41
152166,114887,5598,1,Histórico Evolvy,pending,snoozed,2024-08-21 22:07:43
152167,114888,5598,1,Histórico Evolvy,pending,snoozed,2024-08-21 22:09:31
152168,114889,5598,1,Histórico Evolvy,pending,snoozed,2024-08-21 22:09:38
152169,114891,5598,1,Histórico Evolvy,pending,snoozed,2024-08-21 22:10:13
152170,114892,5598,1,Histórico Evolvy,pending,snoozed,2024-08-21 22:10:24
152172,114894,5598,1,Histórico Evolvy,pending,snoozed,2024-08-21 22:10:28
152173,114895,5598,1,Histórico Evolvy,pending,snoozed,2024-08-21 22:10:34
152175,114897,5598,1,Histórico Evolvy,pending,snoozed,2024-08-21 22:11:27
152176,114898,5598,1,Histórico Evolvy,pending,snoozed,2024-08-21 22:11:30
152182,114904,5598,1,Histórico Evolvy,pending,snoozed,2024-08-21 22:13:13
152186,114908,5598,1,Histórico Evolvy,pending,snoozed,2024-08-21 22:14:23
152188,114910,5598,1,Histórico Evolvy,pending,snoozed,2024-08-21 22:14:45
152192,114914,5598,1,Histórico Evolvy,pending,snoozed,2024-08-21 22:15:33
152193,114915,5598,1,Histórico Evolvy,pending,snoozed,2024-08-21 22:15:35
152194,114916,5598,1,Histórico Evolvy,pending,snoozed,2024-08-21 22:15:38
152199,114921,5598,1,Histórico Evolvy,pending,snoozed,2024-08-21 22:17:17
152200,114922,5598,1,Histórico Evolvy,pending,snoozed,2024-08-21 22:17:25
152201,114923,5598,1,Histórico Evolvy,pending,snoozed,2024-08-21 22:17:28
152202,114924,5598,1,Histórico Evolvy,pending,snoozed,2024-08-21 22:18:09
152203,114925,5598,1,Histórico Evolvy,pending,snoozed,2024-08-21 22:18:12
152204,114926,5598,1,Histórico Evolvy,pending,snoozed,2024-08-21 22:18:24
152206,114928,5598,1,Histórico Evolvy,pending,snoozed,2024-08-21 22:18:39
152207,114929,5598,1,Histórico Evolvy,pending,snoozed,2024-08-21 22:19:11
152208,114930,5598,1,Histórico Evolvy,pending,snoozed,2024-08-21 22:19:23
152210,114932,5598,1,Histórico Evolvy,pending,snoozed,2024-08-21 22:20:21
152211,114933,5598,1,Histórico Evolvy,pending,snoozed,2024-08-21 22:20:28
152214,114937,5598,1,Histórico Evolvy,pending,snoozed,2024-08-21 22:21:23
152216,114939,5598,1,Histórico Evolvy,pending,snoozed,2024-08-21 22:22:16
152218,114941,5598,1,Histórico Evolvy,pending,snoozed,2024-08-21 22:23:07
152219,114942,5598,1,Histórico Evolvy,pending,snoozed,2024-08-21 22:23:10
152223,114946,5598,1,Histórico Evolvy,pending,snoozed,2024-08-21 22:23:39
152226,114949,5598,1,Histórico Evolvy,pending,snoozed,2024-08-21 22:24:27
152227,114950,5598,1,Histórico Evolvy,pending,snoozed,2024-08-21 22:24:29
152230,114953,5598,1,Histórico Evolvy,pending,snoozed,2024-08-21 22:25:21
152231,114954,5598,1,Histórico Evolvy,pending,snoozed,2024-08-21 22:25:32
153736,114955,5598,1,Histórico Evolvy,pending,snoozed,2024-08-21 22:25:35
153737,114956,5598,1,Histórico Evolvy,pending,snoozed,2024-08-21 22:25:37
207844,114960,5599,1,Histórico Evolvy,pending,snoozed,2024-08-21 22:27:11
153741,114961,5598,1,Histórico Evolvy,pending,snoozed,2024-08-21 22:27:32
153742,114962,5598,1,Histórico Evolvy,pending,snoozed,2024-08-21 22:27:35
153744,114964,5598,1,Histórico Evolvy,pending,snoozed,2024-08-21 22:32:07
153746,114966,5598,1,Histórico Evolvy,pending,snoozed,2024-08-21 22:32:26
153747,114967,5598,1,Histórico Evolvy,pending,snoozed,2024-08-21 22:32:39
153748,114968,5598,1,Histórico Evolvy,pending,snoozed,2024-08-21 22:32:42
153750,114971,5598,1,Histórico Evolvy,pending,snoozed,2024-08-21 22:33:18
153752,114973,5598,1,Histórico Evolvy,pending,snoozed,2024-08-21 22:33:23
153753,114974,5598,1,Histórico Evolvy,pending,snoozed,2024-08-21 22:33:26
153754,114976,5598,1,Histórico Evolvy,pending,snoozed,2024-08-21 22:34:17
153755,114977,5598,1,Histórico Evolvy,pending,snoozed,2024-08-21 22:34:19
153758,114980,5598,1,Histórico Evolvy,pending,snoozed,2024-08-21 22:34:27
153761,114983,5598,1,Histórico Evolvy,pending,snoozed,2024-08-21 22:35:33
153763,114985,5598,1,Histórico Evolvy,pending,snoozed,2024-08-21 22:36:10
153764,114986,5598,1,Histórico Evolvy,pending,snoozed,2024-08-21 22:36:13
153765,114987,5598,1,Histórico Evolvy,pending,snoozed,2024-08-21 22:37:17
153766,114988,5598,1,Histórico Evolvy,pending,snoozed,2024-08-21 22:37:33
153768,114990,5598,1,Histórico Evolvy,pending,snoozed,2024-08-21 22:37:38
153769,114991,5598,1,Histórico Evolvy,pending,snoozed,2024-08-21 22:37:41
153770,114992,5598,1,Histórico Evolvy,pending,snoozed,2024-08-21 22:38:09
153773,114995,5598,1,Histórico Evolvy,pending,snoozed,2024-08-21 22:38:24
153774,114996,5598,1,Histórico Evolvy,pending,snoozed,2024-08-21 22:38:27
153775,114997,5598,1,Histórico Evolvy,pending,snoozed,2024-08-21 22:38:29
153778,115000,5598,1,Histórico Evolvy,pending,snoozed,2024-08-21 22:39:25
153779,115001,5598,1,Histórico Evolvy,pending,snoozed,2024-08-21 22:39:33
153780,115002,5598,1,Histórico Evolvy,pending,snoozed,2024-08-21 22:39:37
153785,115007,5598,1,Histórico Evolvy,pending,snoozed,2024-08-21 22:41:14
153786,115008,5598,1,Histórico Evolvy,pending,snoozed,2024-08-21 22:41:19
153788,115011,5598,1,Histórico Evolvy,pending,snoozed,2024-08-21 22:41:47
153789,115012,5598,1,Histórico Evolvy,pending,snoozed,2024-08-21 22:41:49
153791,115014,5598,1,Histórico Evolvy,pending,snoozed,2024-08-21 22:42:18
153792,115015,5598,1,Histórico Evolvy,pending,snoozed,2024-08-21 22:42:21
153793,115016,5598,1,Histórico Evolvy,pending,snoozed,2024-08-21 22:42:41
153794,115017,5598,1,Histórico Evolvy,pending,snoozed,2024-08-21 22:42:44
153797,115020,5598,1,Histórico Evolvy,pending,snoozed,2024-08-21 22:43:19
153798,115021,5598,1,Histórico Evolvy,pending,snoozed,2024-08-21 22:43:40
153801,115024,5598,1,Histórico Evolvy,pending,snoozed,2024-08-21 22:44:08
153803,115026,5598,1,Histórico Evolvy,pending,snoozed,2024-08-21 22:44:40
153804,115027,5598,1,Histórico Evolvy,pending,snoozed,2024-08-21 22:44:42
153805,115028,5598,1,Histórico Evolvy,pending,snoozed,2024-08-21 22:45:21
153807,115030,5598,1,Histórico Evolvy,pending,snoozed,2024-08-21 22:45:38
153808,115031,5598,1,Histórico Evolvy,pending,snoozed,2024-08-21 22:46:08
153809,115033,5598,1,Histórico Evolvy,pending,snoozed,2024-08-21 22:46:20
153811,115035,5598,1,Histórico Evolvy,pending,snoozed,2024-08-21 22:46:36
153812,115036,5598,1,Histórico Evolvy,pending,snoozed,2024-08-21 22:47:10
153814,115038,5598,1,Histórico Evolvy,pending,snoozed,2024-08-21 22:47:15
153815,115039,5598,1,Histórico Evolvy,pending,snoozed,2024-08-21 22:47:28
153818,115042,5598,1,Histórico Evolvy,pending,snoozed,2024-08-21 22:47:36
153820,115044,5598,1,Histórico Evolvy,pending,snoozed,2024-08-21 22:48:31
153821,115045,5598,1,Histórico Evolvy,pending,snoozed,2024-08-21 22:48:34
153822,115048,5598,1,Histórico Evolvy,pending,snoozed,2024-08-21 22:49:24
153823,115049,5598,1,Histórico Evolvy,pending,snoozed,2024-08-21 22:49:32
153824,115050,5598,1,Histórico Evolvy,pending,snoozed,2024-08-21 22:49:35
153829,115056,5598,1,Histórico Evolvy,pending,snoozed,2024-08-21 22:51:22
153830,115057,5598,1,Histórico Evolvy,pending,snoozed,2024-08-21 22:51:42
153831,115058,5598,1,Histórico Evolvy,pending,snoozed,2024-08-21 22:51:44
153832,115059,5598,1,Histórico Evolvy,pending,snoozed,2024-08-21 22:52:23
153833,115060,5598,1,Histórico Evolvy,pending,snoozed,2024-08-21 22:52:25
153834,115061,5598,1,Histórico Evolvy,pending,snoozed,2024-08-21 22:53:06
153835,115062,5598,1,Histórico Evolvy,pending,snoozed,2024-08-21 22:53:09
153836,115063,5598,1,Histórico Evolvy,pending,snoozed,2024-08-21 22:53:30
153839,115066,5598,1,Histórico Evolvy,pending,snoozed,2024-08-21 22:54:17
153840,115067,5598,1,Histórico Evolvy,pending,snoozed,2024-08-21 22:54:25
153844,115072,5598,1,Histórico Evolvy,pending,snoozed,2024-08-21 22:55:20
153846,115075,5598,1,Histórico Evolvy,pending,snoozed,2024-08-21 22:56:06
153850,115079,5598,1,Histórico Evolvy,pending,snoozed,2024-08-21 22:56:35
153851,115080,5598,1,Histórico Evolvy,pending,snoozed,2024-08-21 22:57:17
153852,115081,5598,1,Histórico Evolvy,pending,snoozed,2024-08-21 22:58:09
153853,115082,5598,1,Histórico Evolvy,pending,snoozed,2024-08-21 22:58:12
153856,115085,5598,1,Histórico Evolvy,pending,snoozed,2024-08-21 22:58:21
153857,115086,5598,1,Histórico Evolvy,pending,snoozed,2024-08-21 22:58:24
153859,115088,5598,1,Histórico Evolvy,pending,snoozed,2024-08-21 22:59:27
153861,115091,5598,1,Histórico Evolvy,pending,snoozed,2024-08-21 23:00:14
153864,115094,5598,1,Histórico Evolvy,pending,snoozed,2024-08-21 23:00:27
153866,115096,5598,1,Histórico Evolvy,pending,snoozed,2024-08-21 23:00:34
153867,115097,5598,1,Histórico Evolvy,pending,snoozed,2024-08-21 23:00:39
153871,115101,5598,1,Histórico Evolvy,pending,snoozed,2024-08-21 23:02:09
153872,115102,5598,1,Histórico Evolvy,pending,snoozed,2024-08-21 23:02:12
153873,115103,5598,1,Histórico Evolvy,pending,snoozed,2024-08-21 23:02:30
153874,115104,5598,1,Histórico Evolvy,pending,snoozed,2024-08-21 23:02:38
153876,115106,5598,1,Histórico Evolvy,pending,snoozed,2024-08-21 23:02:43
153878,115108,5598,1,Histórico Evolvy,pending,snoozed,2024-08-21 23:07:27
153880,115111,5598,1,Histórico Evolvy,pending,snoozed,2024-08-21 23:08:27
153881,115112,5598,1,Histórico Evolvy,pending,snoozed,2024-08-21 23:08:35
153882,115113,5598,1,Histórico Evolvy,pending,snoozed,2024-08-21 23:08:38
153883,115114,5598,1,Histórico Evolvy,pending,snoozed,2024-08-21 23:08:41
153885,115116,5598,1,Histórico Evolvy,pending,snoozed,2024-08-21 23:09:33
153886,115117,5598,1,Histórico Evolvy,pending,snoozed,2024-08-21 23:09:36
153888,115119,5598,1,Histórico Evolvy,pending,snoozed,2024-08-21 23:10:37
153889,115120,5598,1,Histórico Evolvy,pending,snoozed,2024-08-21 23:10:39
153891,115122,5598,1,Histórico Evolvy,pending,snoozed,2024-08-21 23:12:37
153892,115123,5598,1,Histórico Evolvy,pending,snoozed,2024-08-21 23:12:40
153893,115124,5598,1,Histórico Evolvy,pending,snoozed,2024-08-21 23:13:34
153900,115132,5598,1,Histórico Evolvy,pending,snoozed,2024-08-21 23:15:37
153902,115134,5598,1,Histórico Evolvy,pending,snoozed,2024-08-21 23:16:30
153903,115135,5598,1,Histórico Evolvy,pending,snoozed,2024-08-21 23:16:32
153905,115137,5598,1,Histórico Evolvy,pending,snoozed,2024-08-21 23:18:22
153906,115138,5598,1,Histórico Evolvy,pending,snoozed,2024-08-21 23:18:35
153907,115139,5598,1,Histórico Evolvy,pending,snoozed,2024-08-21 23:18:38
153909,115141,5598,1,Histórico Evolvy,pending,snoozed,2024-08-21 23:18:43
153913,115146,5598,1,Histórico Evolvy,pending,snoozed,2024-08-21 23:20:21
153915,115148,5598,1,Histórico Evolvy,pending,snoozed,2024-08-21 23:20:38
153916,115149,5598,1,Histórico Evolvy,pending,snoozed,2024-08-21 23:21:16
153918,115151,5598,1,Histórico Evolvy,pending,snoozed,2024-08-21 23:21:27
153919,115152,5598,1,Histórico Evolvy,pending,snoozed,2024-08-21 23:21:30
153922,115155,5598,1,Histórico Evolvy,pending,snoozed,2024-08-21 23:23:12
153924,115157,5598,1,Histórico Evolvy,pending,snoozed,2024-08-21 23:23:28
153925,115158,5598,1,Histórico Evolvy,pending,snoozed,2024-08-21 23:23:31
153927,115160,5598,1,Histórico Evolvy,pending,snoozed,2024-08-21 23:23:36
153929,115162,5598,1,Histórico Evolvy,pending,snoozed,2024-08-21 23:24:29
153930,115163,5598,1,Histórico Evolvy,pending,snoozed,2024-08-21 23:24:32
153931,115164,5598,1,Histórico Evolvy,pending,snoozed,2024-08-21 23:24:34
153932,115165,5598,1,Histórico Evolvy,pending,snoozed,2024-08-21 23:25:16
153933,115166,5598,1,Histórico Evolvy,pending,snoozed,2024-08-21 23:25:18
153935,115169,5598,1,Histórico Evolvy,pending,snoozed,2024-08-21 23:25:34
153936,115170,5598,1,Histórico Evolvy,pending,snoozed,2024-08-21 23:26:10
153938,115172,5598,1,Histórico Evolvy,pending,snoozed,2024-08-21 23:26:15
153941,115175,5598,1,Histórico Evolvy,pending,snoozed,2024-08-21 23:27:25
153944,115178,5598,1,Histórico Evolvy,pending,snoozed,2024-08-21 23:28:21
153947,115182,5598,1,Histórico Evolvy,pending,snoozed,2024-08-21 23:29:16
153949,115184,5598,1,Histórico Evolvy,pending,snoozed,2024-08-21 23:29:21
153950,115185,5598,1,Histórico Evolvy,pending,snoozed,2024-08-21 23:30:16
153951,115186,5598,1,Histórico Evolvy,pending,snoozed,2024-08-21 23:30:22
153953,115188,5598,1,Histórico Evolvy,pending,snoozed,2024-08-21 23:30:29
153954,115189,5598,1,Histórico Evolvy,pending,snoozed,2024-08-21 23:31:15
153956,115191,5598,1,Histórico Evolvy,pending,snoozed,2024-08-21 23:31:20
153958,115193,5598,1,Histórico Evolvy,pending,snoozed,2024-08-21 23:32:14
153960,115195,5598,1,Histórico Evolvy,pending,snoozed,2024-08-21 23:36:06
153967,115230,5598,1,Histórico Evolvy,pending,snoozed,2024-08-22 01:22:07
153969,115244,5598,1,Histórico Evolvy,pending,snoozed,2024-08-22 02:33:06
153971,115262,5598,1,Histórico Evolvy,pending,snoozed,2024-08-22 06:53:06
153973,115265,5598,1,Histórico Evolvy,pending,snoozed,2024-08-22 07:07:07
153976,115288,5598,1,Histórico Evolvy,pending,snoozed,2024-08-22 09:58:05
153980,115297,5598,1,Histórico Evolvy,pending,snoozed,2024-08-22 10:26:08
153982,115299,5598,1,Histórico Evolvy,pending,snoozed,2024-08-22 10:50:06
153986,115305,5598,1,Histórico Evolvy,pending,snoozed,2024-08-22 11:03:06
153988,115309,5598,1,Histórico Evolvy,pending,snoozed,2024-08-22 11:11:06
207854,115316,5599,1,Histórico Evolvy,pending,snoozed,2024-08-22 11:36:07
153990,115321,5598,1,Histórico Evolvy,pending,snoozed,2024-08-22 11:49:09
153991,115325,5598,1,Histórico Evolvy,pending,snoozed,2024-08-22 11:53:10
153999,115349,5598,1,Histórico Evolvy,pending,snoozed,2024-08-22 12:50:05
207858,115360,5599,1,Histórico Evolvy,pending,snoozed,2024-08-22 13:21:06
154005,115368,5598,1,Histórico Evolvy,pending,snoozed,2024-08-22 14:01:08
154007,115376,5598,1,Histórico Evolvy,pending,snoozed,2024-08-22 14:17:06
154009,115379,5598,1,Histórico Evolvy,pending,snoozed,2024-08-22 14:20:10
154011,115386,5598,1,Histórico Evolvy,pending,snoozed,2024-08-22 14:36:08
154012,115391,5598,1,Histórico Evolvy,pending,snoozed,2024-08-22 14:43:06
154014,115405,5598,1,Histórico Evolvy,pending,snoozed,2024-08-22 15:36:07
154025,115445,5598,1,Histórico Evolvy,pending,snoozed,2024-08-22 17:50:13
154028,115465,5598,1,Histórico Evolvy,pending,snoozed,2024-08-22 19:19:08
154030,115470,5598,1,Histórico Evolvy,pending,snoozed,2024-08-22 19:28:10
154035,115481,5598,1,Histórico Evolvy,pending,snoozed,2024-08-22 19:53:08
154036,115486,5598,1,Histórico Evolvy,pending,snoozed,2024-08-22 20:05:16
154048,115517,5598,1,Histórico Evolvy,pending,snoozed,2024-08-22 20:59:26
154060,115543,5598,1,Histórico Evolvy,pending,snoozed,2024-08-22 21:38:08
154062,115556,5598,1,Histórico Evolvy,pending,snoozed,2024-08-22 22:34:23
154064,115565,5598,1,Histórico Evolvy,pending,snoozed,2024-08-22 22:57:06
154066,115568,5598,1,Histórico Evolvy,pending,snoozed,2024-08-22 23:01:07
154068,115573,5598,1,Histórico Evolvy,pending,snoozed,2024-08-22 23:15:06
154078,115606,5598,1,Histórico Evolvy,pending,snoozed,2024-08-23 00:37:08
154079,115612,5598,1,Histórico Evolvy,pending,snoozed,2024-08-23 00:45:06
154081,115617,5598,1,Histórico Evolvy,pending,snoozed,2024-08-23 01:03:30
154084,115622,5598,1,Histórico Evolvy,pending,snoozed,2024-08-23 01:17:18
154086,115641,5598,1,Histórico Evolvy,pending,snoozed,2024-08-23 02:15:09
154088,115643,5598,1,Histórico Evolvy,pending,snoozed,2024-08-23 02:21:13
154089,115645,5598,1,Histórico Evolvy,pending,snoozed,2024-08-23 02:31:11
154090,115648,5598,1,Histórico Evolvy,pending,snoozed,2024-08-23 02:46:07
154093,115655,5598,1,Histórico Evolvy,pending,snoozed,2024-08-23 03:53:08
154096,115667,5598,1,Histórico Evolvy,pending,snoozed,2024-08-23 07:53:07
154098,115674,5598,1,Histórico Evolvy,pending,snoozed,2024-08-23 08:22:06
154103,115690,5598,1,Histórico Evolvy,pending,snoozed,2024-08-23 10:02:06
154104,115691,5598,1,Histórico Evolvy,pending,snoozed,2024-08-23 10:02:11
154105,115699,5598,1,Histórico Evolvy,pending,snoozed,2024-08-23 10:32:07
154106,115701,5598,1,Histórico Evolvy,pending,snoozed,2024-08-23 10:34:06
154107,115709,5598,1,Histórico Evolvy,pending,snoozed,2024-08-23 11:00:06
154111,115718,5598,1,Histórico Evolvy,pending,snoozed,2024-08-23 11:29:08
154113,115728,5598,1,Histórico Evolvy,pending,snoozed,2024-08-23 11:47:06
154114,115730,5598,1,Histórico Evolvy,pending,snoozed,2024-08-23 11:49:09
154117,115738,5598,1,Histórico Evolvy,pending,snoozed,2024-08-23 12:08:08
154118,115740,5598,1,Histórico Evolvy,pending,snoozed,2024-08-23 12:15:10
154123,115764,5598,1,Histórico Evolvy,pending,snoozed,2024-08-23 13:20:12
154125,115768,5598,1,Histórico Evolvy,pending,snoozed,2024-08-23 13:30:06
207895,115774,5599,1,Histórico Evolvy,pending,snoozed,2024-08-23 13:44:06
154128,115776,5598,1,Histórico Evolvy,pending,snoozed,2024-08-23 13:59:06
154129,115779,5598,1,Histórico Evolvy,pending,snoozed,2024-08-23 14:09:08
154133,115801,5598,1,Histórico Evolvy,pending,snoozed,2024-08-23 14:45:07
154138,115811,5598,1,Histórico Evolvy,pending,snoozed,2024-08-23 15:14:09
154144,115828,5598,1,Histórico Evolvy,pending,snoozed,2024-08-23 15:58:11
154146,115834,5598,1,Histórico Evolvy,pending,snoozed,2024-08-23 16:28:11
207897,115839,5599,1,Histórico Evolvy,pending,snoozed,2024-08-23 16:38:07
154158,115856,5598,1,Histórico Evolvy,pending,snoozed,2024-08-23 17:11:06
154159,115860,5598,1,Histórico Evolvy,pending,snoozed,2024-08-23 17:31:06
154161,115868,5598,1,Histórico Evolvy,pending,snoozed,2024-08-23 17:55:07
154164,115879,5598,1,Histórico Evolvy,pending,snoozed,2024-08-23 18:26:06
154168,115895,5598,1,Histórico Evolvy,pending,snoozed,2024-08-23 19:29:09
154172,115901,5598,1,Histórico Evolvy,pending,snoozed,2024-08-23 20:13:06
154173,115903,5598,1,Histórico Evolvy,pending,snoozed,2024-08-23 20:19:06
154175,115906,5598,1,Histórico Evolvy,pending,snoozed,2024-08-23 20:27:04
154176,115914,5598,1,Histórico Evolvy,pending,snoozed,2024-08-23 20:58:29
154178,115920,5598,1,Histórico Evolvy,pending,snoozed,2024-08-23 21:27:17
154183,115931,5598,1,Histórico Evolvy,pending,snoozed,2024-08-23 22:11:21
154186,115939,5598,1,Histórico Evolvy,pending,snoozed,2024-08-23 22:33:12
154192,115945,5598,1,Histórico Evolvy,pending,snoozed,2024-08-23 22:45:05
154193,115946,5598,1,Histórico Evolvy,pending,snoozed,2024-08-23 22:45:23
154194,115956,5598,1,Histórico Evolvy,pending,snoozed,2024-08-23 23:38:05
154195,115957,5598,1,Histórico Evolvy,pending,snoozed,2024-08-23 23:47:06
154196,115958,5598,1,Histórico Evolvy,pending,snoozed,2024-08-23 23:54:06
154197,115962,5598,1,Histórico Evolvy,pending,snoozed,2024-08-24 00:08:05
154199,115976,5598,1,Histórico Evolvy,pending,snoozed,2024-08-24 01:45:07
154200,115979,5598,1,Histórico Evolvy,pending,snoozed,2024-08-24 02:19:05
154209,116011,5598,1,Histórico Evolvy,pending,snoozed,2024-08-24 09:11:06
154210,116015,5598,1,Histórico Evolvy,pending,snoozed,2024-08-24 09:30:06
154213,116023,5598,1,Histórico Evolvy,pending,snoozed,2024-08-24 10:09:07
154215,116026,5598,1,Histórico Evolvy,pending,snoozed,2024-08-24 10:14:08
154217,116028,5598,1,Histórico Evolvy,pending,snoozed,2024-08-24 10:21:08
154222,116042,5598,1,Histórico Evolvy,pending,snoozed,2024-08-24 11:16:05
154223,116047,5598,1,Histórico Evolvy,pending,snoozed,2024-08-24 11:23:06
154225,116051,5598,1,Histórico Evolvy,pending,snoozed,2024-08-24 11:30:13
154226,116052,5598,1,Histórico Evolvy,pending,snoozed,2024-08-24 11:32:06
154227,116055,5598,1,Histórico Evolvy,pending,snoozed,2024-08-24 11:36:07
154230,116058,5598,1,Histórico Evolvy,pending,snoozed,2024-08-24 11:51:08
154231,116059,5598,1,Histórico Evolvy,pending,snoozed,2024-08-24 11:53:09
154234,116066,5598,1,Histórico Evolvy,pending,snoozed,2024-08-24 12:04:07
156236,116071,5598,1,Histórico Evolvy,pending,snoozed,2024-08-24 12:13:08
156239,116075,5598,1,Histórico Evolvy,pending,snoozed,2024-08-24 12:20:07
156240,116077,5598,1,Histórico Evolvy,pending,snoozed,2024-08-24 12:25:09
156251,116091,5598,1,Histórico Evolvy,pending,snoozed,2024-08-24 12:54:06
156252,116092,5598,1,Histórico Evolvy,pending,snoozed,2024-08-24 13:00:14
156253,116093,5598,1,Histórico Evolvy,pending,snoozed,2024-08-24 13:01:09
156255,116097,5598,1,Histórico Evolvy,pending,snoozed,2024-08-24 13:04:12
156256,116098,5598,1,Histórico Evolvy,pending,snoozed,2024-08-24 13:05:12
156267,116127,5598,1,Histórico Evolvy,pending,snoozed,2024-08-24 14:18:04
156268,116130,5598,1,Histórico Evolvy,pending,snoozed,2024-08-24 14:28:05
156269,116135,5598,1,Histórico Evolvy,pending,snoozed,2024-08-24 14:50:07
156270,116137,5598,1,Histórico Evolvy,pending,snoozed,2024-08-24 14:56:06
156271,116139,5598,1,Histórico Evolvy,pending,snoozed,2024-08-24 15:02:06
156274,116143,5598,1,Histórico Evolvy,pending,snoozed,2024-08-24 15:07:14
156275,116148,5598,1,Histórico Evolvy,pending,snoozed,2024-08-24 15:14:09
156278,116170,5598,1,Histórico Evolvy,pending,snoozed,2024-08-24 17:06:06
156279,116179,5598,1,Histórico Evolvy,pending,snoozed,2024-08-24 17:36:07
156280,116194,5598,1,Histórico Evolvy,pending,snoozed,2024-08-24 18:14:07
156281,116197,5598,1,Histórico Evolvy,pending,snoozed,2024-08-24 18:29:06
156283,116201,5598,1,Histórico Evolvy,pending,snoozed,2024-08-24 19:00:08
156285,116204,5598,1,Histórico Evolvy,pending,snoozed,2024-08-24 19:14:08
156288,116209,5598,1,Histórico Evolvy,pending,snoozed,2024-08-24 19:32:07
156293,116229,5598,1,Histórico Evolvy,pending,snoozed,2024-08-24 20:38:06
156295,116235,5598,1,Histórico Evolvy,pending,snoozed,2024-08-24 20:46:06
156297,116242,5598,1,Histórico Evolvy,pending,snoozed,2024-08-24 21:15:08
156304,116260,5598,1,Histórico Evolvy,pending,snoozed,2024-08-24 22:32:07
156308,116270,5598,1,Histórico Evolvy,pending,snoozed,2024-08-24 23:19:07
156312,116279,5598,1,Histórico Evolvy,pending,snoozed,2024-08-24 23:48:06
156313,116281,5598,1,Histórico Evolvy,pending,snoozed,2024-08-24 23:58:08
156314,116290,5598,1,Histórico Evolvy,pending,snoozed,2024-08-25 01:19:05
156316,116294,5598,1,Histórico Evolvy,pending,snoozed,2024-08-25 01:30:07
156318,116297,5598,1,Histórico Evolvy,pending,snoozed,2024-08-25 02:15:09
156319,116307,5598,1,Histórico Evolvy,pending,snoozed,2024-08-25 03:50:07
156320,116311,5598,1,Histórico Evolvy,pending,snoozed,2024-08-25 05:25:05
156322,116317,5598,1,Histórico Evolvy,pending,snoozed,2024-08-25 08:12:07
156324,116319,5598,1,Histórico Evolvy,pending,snoozed,2024-08-25 08:18:11
156326,116324,5598,1,Histórico Evolvy,pending,snoozed,2024-08-25 09:21:52
156327,116331,5598,1,Histórico Evolvy,pending,snoozed,2024-08-25 09:51:06
156328,116332,5598,1,Histórico Evolvy,pending,snoozed,2024-08-25 09:53:08
156329,116335,5598,1,Histórico Evolvy,pending,snoozed,2024-08-25 10:16:06
156330,116337,5598,1,Histórico Evolvy,pending,snoozed,2024-08-25 10:31:07
156334,116356,5598,1,Histórico Evolvy,pending,snoozed,2024-08-25 11:13:07
156336,116364,5598,1,Histórico Evolvy,pending,snoozed,2024-08-25 11:42:06
156337,116365,5598,1,Histórico Evolvy,pending,snoozed,2024-08-25 11:44:08
156338,116367,5598,1,Histórico Evolvy,pending,snoozed,2024-08-25 11:55:08
156341,116370,5598,1,Histórico Evolvy,pending,snoozed,2024-08-25 11:56:14
156344,116377,5598,1,Histórico Evolvy,pending,snoozed,2024-08-25 12:14:09
156348,116381,5598,1,Histórico Evolvy,pending,snoozed,2024-08-25 12:28:07
156353,116390,5598,1,Histórico Evolvy,pending,snoozed,2024-08-25 12:54:12
156355,116397,5598,1,Histórico Evolvy,pending,snoozed,2024-08-25 13:11:09
156356,116398,5598,1,Histórico Evolvy,pending,snoozed,2024-08-25 13:13:06
156359,116402,5598,1,Histórico Evolvy,pending,snoozed,2024-08-25 13:32:08
156360,116403,5598,1,Histórico Evolvy,pending,snoozed,2024-08-25 13:34:07
156362,116407,5598,1,Histórico Evolvy,pending,snoozed,2024-08-25 13:45:06
156368,116425,5598,1,Histórico Evolvy,pending,snoozed,2024-08-25 14:50:09
156372,116430,5598,1,Histórico Evolvy,pending,snoozed,2024-08-25 14:53:11
156378,116452,5598,1,Histórico Evolvy,pending,snoozed,2024-08-25 15:40:07
156379,116454,5598,1,Histórico Evolvy,pending,snoozed,2024-08-25 15:41:10
156381,116457,5598,1,Histórico Evolvy,pending,snoozed,2024-08-25 15:49:07
156383,116459,5598,1,Histórico Evolvy,pending,snoozed,2024-08-25 15:51:16
156386,116465,5598,1,Histórico Evolvy,pending,snoozed,2024-08-25 16:16:09
156387,116466,5598,1,Histórico Evolvy,pending,snoozed,2024-08-25 16:20:10
156388,116469,5598,1,Histórico Evolvy,pending,snoozed,2024-08-25 16:31:08
156391,116477,5598,1,Histórico Evolvy,pending,snoozed,2024-08-25 17:12:05
156392,116479,5598,1,Histórico Evolvy,pending,snoozed,2024-08-25 17:17:08
156397,116502,5598,1,Histórico Evolvy,pending,snoozed,2024-08-25 18:40:14
156400,116515,5598,1,Histórico Evolvy,pending,snoozed,2024-08-25 19:44:06
156403,116520,5598,1,Histórico Evolvy,pending,snoozed,2024-08-25 19:59:06
156407,116532,5598,1,Histórico Evolvy,pending,snoozed,2024-08-25 20:48:07
156409,116543,5598,1,Histórico Evolvy,pending,snoozed,2024-08-25 21:36:07
156412,116555,5598,1,Histórico Evolvy,pending,snoozed,2024-08-25 22:12:23
156419,116583,5598,1,Histórico Evolvy,pending,snoozed,2024-08-26 00:42:07
156420,116586,5598,1,Histórico Evolvy,pending,snoozed,2024-08-26 01:15:06
156422,116589,5598,1,Histórico Evolvy,pending,snoozed,2024-08-26 01:27:06
156424,116595,5598,1,Histórico Evolvy,pending,snoozed,2024-08-26 02:00:07
156427,116599,5598,1,Histórico Evolvy,pending,snoozed,2024-08-26 02:47:08
156428,116602,5598,1,Histórico Evolvy,pending,snoozed,2024-08-26 02:55:07
156430,116606,5598,1,Histórico Evolvy,pending,snoozed,2024-08-26 03:13:07
156431,116609,5598,1,Histórico Evolvy,pending,snoozed,2024-08-26 03:41:07
156432,116615,5598,1,Histórico Evolvy,pending,snoozed,2024-08-26 06:41:07
156433,116616,5598,1,Histórico Evolvy,pending,snoozed,2024-08-26 07:12:06
156434,116626,5598,1,Histórico Evolvy,pending,snoozed,2024-08-26 07:49:10
156435,116630,5598,1,Histórico Evolvy,pending,snoozed,2024-08-26 08:56:08
156442,116669,5598,1,Histórico Evolvy,pending,snoozed,2024-08-26 11:22:06
156446,116673,5598,1,Histórico Evolvy,pending,snoozed,2024-08-26 11:30:18
156448,116678,5598,1,Histórico Evolvy,pending,snoozed,2024-08-26 11:43:12
156449,116681,5598,1,Histórico Evolvy,pending,snoozed,2024-08-26 11:50:06
156451,116686,5598,1,Histórico Evolvy,pending,snoozed,2024-08-26 12:06:08
156454,116698,5598,1,Histórico Evolvy,pending,snoozed,2024-08-26 12:28:08
156455,116702,5598,1,Histórico Evolvy,pending,snoozed,2024-08-26 12:48:09
156456,116703,5598,1,Histórico Evolvy,pending,snoozed,2024-08-26 12:49:06
156461,116721,5598,1,Histórico Evolvy,pending,snoozed,2024-08-26 13:29:07
156462,116725,5598,1,Histórico Evolvy,pending,snoozed,2024-08-26 13:36:07
156465,116735,5598,1,Histórico Evolvy,pending,snoozed,2024-08-26 13:51:07
156470,116750,5598,1,Histórico Evolvy,pending,snoozed,2024-08-26 14:23:06
156471,116755,5598,1,Histórico Evolvy,pending,snoozed,2024-08-26 14:43:08
156472,116757,5598,1,Histórico Evolvy,pending,snoozed,2024-08-26 14:50:34
156477,116780,5598,1,Histórico Evolvy,pending,snoozed,2024-08-26 15:55:11
156479,116782,5598,1,Histórico Evolvy,pending,snoozed,2024-08-26 16:14:08
156483,116787,5598,1,Histórico Evolvy,pending,snoozed,2024-08-26 16:22:05
156497,116828,5598,1,Histórico Evolvy,pending,snoozed,2024-08-26 18:44:10
156498,116834,5598,1,Histórico Evolvy,pending,snoozed,2024-08-26 18:56:09
156502,116848,5598,1,Histórico Evolvy,pending,snoozed,2024-08-26 19:28:07
156508,116864,5598,1,Histórico Evolvy,pending,snoozed,2024-08-26 20:48:06
156511,116873,5598,1,Histórico Evolvy,pending,snoozed,2024-08-26 21:29:28
156515,116931,5598,1,Histórico Evolvy,pending,snoozed,2024-08-27 03:26:06
156519,116959,5598,1,Histórico Evolvy,pending,snoozed,2024-08-27 10:30:06
156520,116964,5598,1,Histórico Evolvy,pending,snoozed,2024-08-27 11:18:05
156522,116975,5598,1,Histórico Evolvy,pending,snoozed,2024-08-27 12:13:07
156524,116980,5598,1,Histórico Evolvy,pending,snoozed,2024-08-27 12:42:10
156565,117160,5598,1,Histórico Evolvy,pending,snoozed,2024-08-27 21:27:29
156566,117161,5598,1,Histórico Evolvy,pending,snoozed,2024-08-27 21:29:14
156567,117162,5598,1,Histórico Evolvy,pending,snoozed,2024-08-27 21:29:29
156569,117169,5598,1,Histórico Evolvy,pending,snoozed,2024-08-27 21:55:06
156570,117172,5598,1,Histórico Evolvy,pending,snoozed,2024-08-27 22:03:17
156571,117174,5598,1,Histórico Evolvy,pending,snoozed,2024-08-27 22:10:09
156572,117175,5598,1,Histórico Evolvy,pending,snoozed,2024-08-27 22:10:16
156574,117185,5598,1,Histórico Evolvy,pending,snoozed,2024-08-27 22:39:07
156575,117187,5598,1,Histórico Evolvy,pending,snoozed,2024-08-27 22:43:17
156577,117189,5598,1,Histórico Evolvy,pending,snoozed,2024-08-27 22:57:06
156578,117201,5598,1,Histórico Evolvy,pending,snoozed,2024-08-28 00:47:05
156586,117283,5598,1,Histórico Evolvy,pending,snoozed,2024-08-28 13:49:07
156588,117291,5598,1,Histórico Evolvy,pending,snoozed,2024-08-28 14:17:06
156598,117373,5598,1,Histórico Evolvy,pending,snoozed,2024-08-28 19:01:07
156599,117374,5598,1,Histórico Evolvy,pending,snoozed,2024-08-28 19:07:07
156604,117384,5598,1,Histórico Evolvy,pending,snoozed,2024-08-28 20:01:09
156606,117386,5598,1,Histórico Evolvy,pending,snoozed,2024-08-28 20:04:14
156607,117387,5598,1,Histórico Evolvy,pending,snoozed,2024-08-28 20:06:07
156610,117398,5598,1,Histórico Evolvy,pending,snoozed,2024-08-28 20:32:06
156614,117409,5598,1,Histórico Evolvy,pending,snoozed,2024-08-28 21:26:05
156615,117411,5598,1,Histórico Evolvy,pending,snoozed,2024-08-28 21:29:25
156618,117418,5598,1,Histórico Evolvy,pending,snoozed,2024-08-28 21:52:05
156620,117421,5598,1,Histórico Evolvy,pending,snoozed,2024-08-28 21:55:09
208052,117423,5599,1,Histórico Evolvy,pending,snoozed,2024-08-28 22:05:10
156622,117430,5598,1,Histórico Evolvy,pending,snoozed,2024-08-28 22:40:08
156623,117432,5598,1,Histórico Evolvy,pending,snoozed,2024-08-28 22:44:14
156625,117435,5598,1,Histórico Evolvy,pending,snoozed,2024-08-28 22:50:08
156626,117436,5598,1,Histórico Evolvy,pending,snoozed,2024-08-28 22:51:07
156627,117438,5598,1,Histórico Evolvy,pending,snoozed,2024-08-28 23:01:09
156628,117439,5598,1,Histórico Evolvy,pending,snoozed,2024-08-28 23:10:08
156630,117445,5598,1,Histórico Evolvy,pending,snoozed,2024-08-28 23:54:07
156631,117446,5598,1,Histórico Evolvy,pending,snoozed,2024-08-28 23:54:13
156632,117447,5598,1,Histórico Evolvy,pending,snoozed,2024-08-28 23:59:11
156634,117449,5598,1,Histórico Evolvy,pending,snoozed,2024-08-29 00:09:07
156637,117459,5598,1,Histórico Evolvy,pending,snoozed,2024-08-29 00:52:07
156647,117483,5598,1,Histórico Evolvy,pending,snoozed,2024-08-29 02:18:05
156648,117485,5598,1,Histórico Evolvy,pending,snoozed,2024-08-29 02:20:09
156650,117490,5598,1,Histórico Evolvy,pending,snoozed,2024-08-29 02:55:08
156651,117494,5598,1,Histórico Evolvy,pending,snoozed,2024-08-29 03:11:07
156652,117500,5598,1,Histórico Evolvy,pending,snoozed,2024-08-29 06:00:33
156654,117504,5598,1,Histórico Evolvy,pending,snoozed,2024-08-29 09:31:09
156655,117505,5598,1,Histórico Evolvy,pending,snoozed,2024-08-29 09:32:05
156657,117512,5598,1,Histórico Evolvy,pending,snoozed,2024-08-29 10:10:06
156658,117514,5598,1,Histórico Evolvy,pending,snoozed,2024-08-29 10:11:05
156659,117516,5598,1,Histórico Evolvy,pending,snoozed,2024-08-29 10:16:07
156674,117539,5598,1,Histórico Evolvy,pending,snoozed,2024-08-29 11:42:08
156675,117542,5598,1,Histórico Evolvy,pending,snoozed,2024-08-29 11:46:08
156678,117549,5598,1,Histórico Evolvy,pending,snoozed,2024-08-29 12:16:19
156683,117557,5598,1,Histórico Evolvy,pending,snoozed,2024-08-29 12:35:07
156697,117585,5598,1,Histórico Evolvy,pending,snoozed,2024-08-29 13:27:05
156719,117628,5598,1,Histórico Evolvy,pending,snoozed,2024-08-29 14:39:06
156721,117631,5598,1,Histórico Evolvy,pending,snoozed,2024-08-29 14:43:08
156722,117632,5598,1,Histórico Evolvy,pending,snoozed,2024-08-29 14:44:06
156727,117638,5598,1,Histórico Evolvy,pending,snoozed,2024-08-29 14:52:08
156728,117639,5598,1,Histórico Evolvy,pending,snoozed,2024-08-29 14:54:09
156729,117640,5598,1,Histórico Evolvy,pending,snoozed,2024-08-29 14:59:06
156731,117642,5598,1,Histórico Evolvy,pending,snoozed,2024-08-29 15:02:08
156733,117644,5598,1,Histórico Evolvy,pending,snoozed,2024-08-29 15:06:09
156734,117645,5598,1,Histórico Evolvy,pending,snoozed,2024-08-29 15:09:06
157737,117647,5598,1,Histórico Evolvy,pending,snoozed,2024-08-29 15:13:07
157738,117648,5598,1,Histórico Evolvy,pending,snoozed,2024-08-29 15:17:07
157739,117649,5598,1,Histórico Evolvy,pending,snoozed,2024-08-29 15:19:06
157740,117650,5598,1,Histórico Evolvy,pending,snoozed,2024-08-29 15:20:07
157744,117656,5598,1,Histórico Evolvy,pending,snoozed,2024-08-29 15:26:06
157746,117661,5598,1,Histórico Evolvy,pending,snoozed,2024-08-29 15:32:07
157750,117666,5598,1,Histórico Evolvy,pending,snoozed,2024-08-29 15:38:07
157752,117672,5598,1,Histórico Evolvy,pending,snoozed,2024-08-29 15:48:10
157753,117673,5598,1,Histórico Evolvy,pending,snoozed,2024-08-29 15:52:10
157754,117676,5598,1,Histórico Evolvy,pending,snoozed,2024-08-29 15:58:07
157755,117677,5598,1,Histórico Evolvy,pending,snoozed,2024-08-29 16:00:08
157756,117690,5598,1,Histórico Evolvy,pending,snoozed,2024-08-29 16:34:06
157757,117693,5598,1,Histórico Evolvy,pending,snoozed,2024-08-29 16:37:06
157760,117696,5598,1,Histórico Evolvy,pending,snoozed,2024-08-29 16:46:05
157763,117699,5598,1,Histórico Evolvy,pending,snoozed,2024-08-29 17:00:06
157766,117707,5598,1,Histórico Evolvy,pending,snoozed,2024-08-29 17:22:06
157769,117711,5598,1,Histórico Evolvy,pending,snoozed,2024-08-29 17:38:09
157772,117716,5598,1,Histórico Evolvy,pending,snoozed,2024-08-29 17:43:09
157773,117717,5598,1,Histórico Evolvy,pending,snoozed,2024-08-29 17:46:07
157774,117719,5598,1,Histórico Evolvy,pending,snoozed,2024-08-29 17:48:08
157779,117729,5598,1,Histórico Evolvy,pending,snoozed,2024-08-29 17:58:08
157780,117731,5598,1,Histórico Evolvy,pending,snoozed,2024-08-29 18:03:06
157785,117738,5598,1,Histórico Evolvy,pending,snoozed,2024-08-29 18:16:06
157786,117739,5598,1,Histórico Evolvy,pending,snoozed,2024-08-29 18:20:09
157787,117741,5598,1,Histórico Evolvy,pending,snoozed,2024-08-29 18:29:08
157791,117745,5598,1,Histórico Evolvy,pending,snoozed,2024-08-29 18:34:07
157792,117747,5598,1,Histórico Evolvy,pending,snoozed,2024-08-29 18:37:07
157793,117748,5598,1,Histórico Evolvy,pending,snoozed,2024-08-29 18:38:08
157796,117753,5598,1,Histórico Evolvy,pending,snoozed,2024-08-29 18:50:07
157797,117754,5598,1,Histórico Evolvy,pending,snoozed,2024-08-29 18:53:06
157799,117756,5598,1,Histórico Evolvy,pending,snoozed,2024-08-29 18:55:06
157800,117757,5598,1,Histórico Evolvy,pending,snoozed,2024-08-29 18:56:09
157801,117759,5598,1,Histórico Evolvy,pending,snoozed,2024-08-29 18:59:08
157802,117760,5598,1,Histórico Evolvy,pending,snoozed,2024-08-29 19:01:06
157804,117763,5598,1,Histórico Evolvy,pending,snoozed,2024-08-29 19:03:06
157806,117765,5598,1,Histórico Evolvy,pending,snoozed,2024-08-29 19:08:07
157807,117768,5598,1,Histórico Evolvy,pending,snoozed,2024-08-29 19:16:07
157809,117771,5598,1,Histórico Evolvy,pending,snoozed,2024-08-29 19:21:08
157810,117772,5598,1,Histórico Evolvy,pending,snoozed,2024-08-29 19:27:06
157811,117774,5598,1,Histórico Evolvy,pending,snoozed,2024-08-29 19:28:08
157812,117775,5598,1,Histórico Evolvy,pending,snoozed,2024-08-29 19:29:09
157813,117780,5598,1,Histórico Evolvy,pending,snoozed,2024-08-29 19:37:09
157815,117783,5598,1,Histórico Evolvy,pending,snoozed,2024-08-29 19:46:07
157816,117784,5598,1,Histórico Evolvy,pending,snoozed,2024-08-29 19:48:08
157818,117788,5598,1,Histórico Evolvy,pending,snoozed,2024-08-29 20:05:07
157819,117789,5598,1,Histórico Evolvy,pending,snoozed,2024-08-29 20:08:07
157820,117791,5598,1,Histórico Evolvy,pending,snoozed,2024-08-29 20:25:06
157823,117794,5598,1,Histórico Evolvy,pending,snoozed,2024-08-29 20:29:06
157825,117797,5598,1,Histórico Evolvy,pending,snoozed,2024-08-29 20:38:10
157826,117798,5598,1,Histórico Evolvy,pending,snoozed,2024-08-29 20:39:06
157827,117800,5598,1,Histórico Evolvy,pending,snoozed,2024-08-29 20:44:10
157828,117801,5598,1,Histórico Evolvy,pending,snoozed,2024-08-29 20:49:06
157829,117803,5598,1,Histórico Evolvy,pending,snoozed,2024-08-29 20:57:06
157831,117805,5598,1,Histórico Evolvy,pending,snoozed,2024-08-29 20:59:08
157832,117806,5598,1,Histórico Evolvy,pending,snoozed,2024-08-29 21:05:06
157835,117817,5598,1,Histórico Evolvy,pending,snoozed,2024-08-29 21:42:11
157836,117818,5598,1,Histórico Evolvy,pending,snoozed,2024-08-29 21:43:06
157837,117821,5598,1,Histórico Evolvy,pending,snoozed,2024-08-29 21:45:10
157838,117822,5598,1,Histórico Evolvy,pending,snoozed,2024-08-29 21:47:07
157839,117824,5598,1,Histórico Evolvy,pending,snoozed,2024-08-29 21:48:07
157844,117831,5598,1,Histórico Evolvy,pending,snoozed,2024-08-29 21:56:04
157846,117838,5598,1,Histórico Evolvy,pending,snoozed,2024-08-29 22:21:07
157848,117840,5598,1,Histórico Evolvy,pending,snoozed,2024-08-29 22:21:16
157854,117856,5598,1,Histórico Evolvy,pending,snoozed,2024-08-29 22:53:07
157855,117860,5598,1,Histórico Evolvy,pending,snoozed,2024-08-29 23:00:08
157857,117864,5598,1,Histórico Evolvy,pending,snoozed,2024-08-29 23:10:08
157858,117865,5598,1,Histórico Evolvy,pending,snoozed,2024-08-29 23:14:06
157859,117869,5598,1,Histórico Evolvy,pending,snoozed,2024-08-29 23:24:06
157860,117870,5598,1,Histórico Evolvy,pending,snoozed,2024-08-29 23:30:07
157861,117872,5598,1,Histórico Evolvy,pending,snoozed,2024-08-29 23:32:06
157862,117873,5598,1,Histórico Evolvy,pending,snoozed,2024-08-29 23:33:07
157863,117874,5598,1,Histórico Evolvy,pending,snoozed,2024-08-29 23:36:06
157864,117875,5598,1,Histórico Evolvy,pending,snoozed,2024-08-29 23:39:06
157865,117877,5598,1,Histórico Evolvy,pending,snoozed,2024-08-29 23:56:08
157866,117881,5598,1,Histórico Evolvy,pending,snoozed,2024-08-30 00:00:07
157868,117885,5598,1,Histórico Evolvy,pending,snoozed,2024-08-30 00:08:06
157869,117886,5598,1,Histórico Evolvy,pending,snoozed,2024-08-30 00:16:08
157870,117888,5598,1,Histórico Evolvy,pending,snoozed,2024-08-30 00:20:07
157872,117892,5598,1,Histórico Evolvy,pending,snoozed,2024-08-30 00:28:07
157874,117901,5598,1,Histórico Evolvy,pending,snoozed,2024-08-30 00:58:08
157875,117903,5598,1,Histórico Evolvy,pending,snoozed,2024-08-30 01:06:09
157878,117907,5598,1,Histórico Evolvy,pending,snoozed,2024-08-30 01:14:07
157879,117908,5598,1,Histórico Evolvy,pending,snoozed,2024-08-30 01:17:07
157880,117910,5598,1,Histórico Evolvy,pending,snoozed,2024-08-30 01:26:07
157881,117912,5598,1,Histórico Evolvy,pending,snoozed,2024-08-30 01:31:09
157882,117914,5598,1,Histórico Evolvy,pending,snoozed,2024-08-30 01:33:06
157883,117916,5598,1,Histórico Evolvy,pending,snoozed,2024-08-30 01:35:06
157885,117921,5598,1,Histórico Evolvy,pending,snoozed,2024-08-30 01:45:09
157886,117922,5598,1,Histórico Evolvy,pending,snoozed,2024-08-30 01:49:06
157888,117926,5598,1,Histórico Evolvy,pending,snoozed,2024-08-30 02:05:09
157889,117928,5598,1,Histórico Evolvy,pending,snoozed,2024-08-30 02:12:06
157890,117929,5598,1,Histórico Evolvy,pending,snoozed,2024-08-30 02:16:06
157891,117930,5598,1,Histórico Evolvy,pending,snoozed,2024-08-30 02:18:06
157892,117931,5598,1,Histórico Evolvy,pending,snoozed,2024-08-30 02:18:10
157893,117933,5598,1,Histórico Evolvy,pending,snoozed,2024-08-30 02:19:08
157894,117934,5598,1,Histórico Evolvy,pending,snoozed,2024-08-30 02:23:07
157895,117935,5598,1,Histórico Evolvy,pending,snoozed,2024-08-30 02:31:08
157897,117939,5598,1,Histórico Evolvy,pending,snoozed,2024-08-30 02:46:08
157898,117940,5598,1,Histórico Evolvy,pending,snoozed,2024-08-30 02:52:06
157899,117941,5598,1,Histórico Evolvy,pending,snoozed,2024-08-30 02:57:04
157901,117944,5598,1,Histórico Evolvy,pending,snoozed,2024-08-30 03:18:08
157903,117950,5598,1,Histórico Evolvy,pending,snoozed,2024-08-30 03:37:09
157904,117952,5598,1,Histórico Evolvy,pending,snoozed,2024-08-30 03:45:06
157905,117953,5598,1,Histórico Evolvy,pending,snoozed,2024-08-30 03:58:06
157906,117954,5598,1,Histórico Evolvy,pending,snoozed,2024-08-30 04:15:06
157908,117963,5598,1,Histórico Evolvy,pending,snoozed,2024-08-30 05:48:05
157911,117972,5598,1,Histórico Evolvy,pending,snoozed,2024-08-30 07:15:07
157914,117980,5598,1,Histórico Evolvy,pending,snoozed,2024-08-30 08:51:06
157916,117985,5598,1,Histórico Evolvy,pending,snoozed,2024-08-30 09:22:06
157918,117989,5598,1,Histórico Evolvy,pending,snoozed,2024-08-30 09:35:06
157920,117991,5598,1,Histórico Evolvy,pending,snoozed,2024-08-30 09:41:06
157922,117997,5598,1,Histórico Evolvy,pending,snoozed,2024-08-30 09:53:07
157923,117999,5598,1,Histórico Evolvy,pending,snoozed,2024-08-30 09:59:08
157925,118001,5598,1,Histórico Evolvy,pending,snoozed,2024-08-30 10:00:12
157930,118009,5598,1,Histórico Evolvy,pending,snoozed,2024-08-30 10:21:08
157931,118010,5598,1,Histórico Evolvy,pending,snoozed,2024-08-30 10:21:10
157932,118012,5598,1,Histórico Evolvy,pending,snoozed,2024-08-30 10:24:07
157933,118015,5598,1,Histórico Evolvy,pending,snoozed,2024-08-30 10:27:06
157934,118016,5598,1,Histórico Evolvy,pending,snoozed,2024-08-30 10:27:08
157938,118023,5598,1,Histórico Evolvy,pending,snoozed,2024-08-30 10:36:07
157940,118025,5598,1,Histórico Evolvy,pending,snoozed,2024-08-30 10:41:05
157941,118027,5598,1,Histórico Evolvy,pending,snoozed,2024-08-30 10:46:07
157942,118029,5598,1,Histórico Evolvy,pending,snoozed,2024-08-30 10:47:09
157944,118031,5598,1,Histórico Evolvy,pending,snoozed,2024-08-30 10:49:06
157947,118034,5598,1,Histórico Evolvy,pending,snoozed,2024-08-30 10:54:08
157948,118037,5598,1,Histórico Evolvy,pending,snoozed,2024-08-30 10:57:06
157949,118041,5598,1,Histórico Evolvy,pending,snoozed,2024-08-30 11:05:11
157950,118042,5598,1,Histórico Evolvy,pending,snoozed,2024-08-30 11:06:07
157953,118048,5598,1,Histórico Evolvy,pending,snoozed,2024-08-30 11:15:06
157954,118049,5598,1,Histórico Evolvy,pending,snoozed,2024-08-30 11:16:09
157955,118050,5598,1,Histórico Evolvy,pending,snoozed,2024-08-30 11:19:07
157956,118052,5598,1,Histórico Evolvy,pending,snoozed,2024-08-30 11:27:08
157958,118054,5598,1,Histórico Evolvy,pending,snoozed,2024-08-30 11:32:09
157960,118058,5598,1,Histórico Evolvy,pending,snoozed,2024-08-30 11:37:10
157961,118060,5598,1,Histórico Evolvy,pending,snoozed,2024-08-30 11:45:08
157963,118063,5598,1,Histórico Evolvy,pending,snoozed,2024-08-30 11:50:08
157964,118065,5598,1,Histórico Evolvy,pending,snoozed,2024-08-30 11:52:08
157965,118066,5598,1,Histórico Evolvy,pending,snoozed,2024-08-30 11:57:06
157967,118068,5598,1,Histórico Evolvy,pending,snoozed,2024-08-30 12:03:11
157968,118069,5598,1,Histórico Evolvy,pending,snoozed,2024-08-30 12:03:14
157969,118070,5598,1,Histórico Evolvy,pending,snoozed,2024-08-30 12:06:07
157970,118073,5598,1,Histórico Evolvy,pending,snoozed,2024-08-30 12:09:07
157972,118075,5598,1,Histórico Evolvy,pending,snoozed,2024-08-30 12:10:09
157975,118086,5598,1,Histórico Evolvy,pending,snoozed,2024-08-30 12:23:08
157978,118089,5598,1,Histórico Evolvy,pending,snoozed,2024-08-30 12:25:15
157980,118091,5598,1,Histórico Evolvy,pending,snoozed,2024-08-30 12:30:12
157984,118097,5598,1,Histórico Evolvy,pending,snoozed,2024-08-30 12:39:14
157987,118101,5598,1,Histórico Evolvy,pending,snoozed,2024-08-30 12:45:06
157988,118104,5598,1,Histórico Evolvy,pending,snoozed,2024-08-30 12:54:07
157990,118107,5598,1,Histórico Evolvy,pending,snoozed,2024-08-30 13:02:06
157991,118110,5598,1,Histórico Evolvy,pending,snoozed,2024-08-30 13:05:07
157992,118112,5598,1,Histórico Evolvy,pending,snoozed,2024-08-30 13:11:07
157996,118121,5598,1,Histórico Evolvy,pending,snoozed,2024-08-30 13:30:10
157997,118123,5598,1,Histórico Evolvy,pending,snoozed,2024-08-30 13:35:10
157998,118129,5598,1,Histórico Evolvy,pending,snoozed,2024-08-30 13:40:06
157999,118131,5598,1,Histórico Evolvy,pending,snoozed,2024-08-30 13:42:05
158000,118132,5598,1,Histórico Evolvy,pending,snoozed,2024-08-30 13:45:09
158001,118136,5598,1,Histórico Evolvy,pending,snoozed,2024-08-30 13:50:12
158003,118138,5598,1,Histórico Evolvy,pending,snoozed,2024-08-30 13:52:08
158004,118141,5598,1,Histórico Evolvy,pending,snoozed,2024-08-30 13:53:06
158005,118142,5598,1,Histórico Evolvy,pending,snoozed,2024-08-30 13:55:09
158006,118143,5598,1,Histórico Evolvy,pending,snoozed,2024-08-30 13:59:09
158008,118145,5598,1,Histórico Evolvy,pending,snoozed,2024-08-30 14:01:06
158010,118147,5598,1,Histórico Evolvy,pending,snoozed,2024-08-30 14:06:08
158011,118148,5598,1,Histórico Evolvy,pending,snoozed,2024-08-30 14:11:06
158015,118156,5598,1,Histórico Evolvy,pending,snoozed,2024-08-30 14:31:07
158016,118157,5598,1,Histórico Evolvy,pending,snoozed,2024-08-30 14:33:07
158017,118165,5598,1,Histórico Evolvy,pending,snoozed,2024-08-30 14:37:06
158018,118166,5598,1,Histórico Evolvy,pending,snoozed,2024-08-30 14:39:06
158019,118168,5598,1,Histórico Evolvy,pending,snoozed,2024-08-30 14:42:07
158024,118182,5598,1,Histórico Evolvy,pending,snoozed,2024-08-30 15:03:06
158025,118183,5598,1,Histórico Evolvy,pending,snoozed,2024-08-30 15:04:05
158027,118185,5598,1,Histórico Evolvy,pending,snoozed,2024-08-30 15:16:07
158031,118211,5598,1,Histórico Evolvy,pending,snoozed,2024-08-30 15:47:07
158035,118219,5598,1,Histórico Evolvy,pending,snoozed,2024-08-30 16:38:08
158039,118231,5598,1,Histórico Evolvy,pending,snoozed,2024-08-30 17:13:09
158040,118232,5598,1,Histórico Evolvy,pending,snoozed,2024-08-30 17:14:05
158041,118238,5598,1,Histórico Evolvy,pending,snoozed,2024-08-30 17:30:07
158042,118243,5598,1,Histórico Evolvy,pending,snoozed,2024-08-30 17:56:13
158045,118247,5598,1,Histórico Evolvy,pending,snoozed,2024-08-30 18:05:06
158048,118256,5598,1,Histórico Evolvy,pending,snoozed,2024-08-30 18:27:10
158050,118258,5598,1,Histórico Evolvy,pending,snoozed,2024-08-30 18:34:08
158052,118265,5598,1,Histórico Evolvy,pending,snoozed,2024-08-30 18:45:06
158054,118270,5598,1,Histórico Evolvy,pending,snoozed,2024-08-30 18:53:08
158057,118275,5598,1,Histórico Evolvy,pending,snoozed,2024-08-30 19:07:36
158063,118291,5598,1,Histórico Evolvy,pending,snoozed,2024-08-30 20:07:10
208609,118294,5599,1,Histórico Evolvy,pending,snoozed,2024-08-30 20:16:06
158068,118301,5598,1,Histórico Evolvy,pending,snoozed,2024-08-30 20:45:06
158069,118303,5598,1,Histórico Evolvy,pending,snoozed,2024-08-30 20:54:07
158084,118336,5598,1,Histórico Evolvy,pending,snoozed,2024-08-30 21:41:09
158086,118338,5598,1,Histórico Evolvy,pending,snoozed,2024-08-30 21:47:05
158092,118350,5598,1,Histórico Evolvy,pending,snoozed,2024-08-30 22:31:05
158095,118355,5598,1,Histórico Evolvy,pending,snoozed,2024-08-30 22:51:14
158097,118358,5598,1,Histórico Evolvy,pending,snoozed,2024-08-30 22:53:05
158100,118366,5598,1,Histórico Evolvy,pending,snoozed,2024-08-30 23:24:06
158101,118370,5598,1,Histórico Evolvy,pending,snoozed,2024-08-30 23:44:05
158102,118371,5598,1,Histórico Evolvy,pending,snoozed,2024-08-30 23:45:07
158103,118372,5598,1,Histórico Evolvy,pending,snoozed,2024-08-30 23:52:09
158105,118376,5598,1,Histórico Evolvy,pending,snoozed,2024-08-30 23:57:06
158106,118378,5598,1,Histórico Evolvy,pending,snoozed,2024-08-31 00:07:06
158107,118380,5598,1,Histórico Evolvy,pending,snoozed,2024-08-31 00:09:06
158108,118381,5598,1,Histórico Evolvy,pending,snoozed,2024-08-31 00:10:06
158109,118382,5598,1,Histórico Evolvy,pending,snoozed,2024-08-31 00:15:08
158113,118395,5598,1,Histórico Evolvy,pending,snoozed,2024-08-31 01:00:15
158115,118399,5598,1,Histórico Evolvy,pending,snoozed,2024-08-31 01:25:06
158118,118402,5598,1,Histórico Evolvy,pending,snoozed,2024-08-31 01:35:08
158119,118404,5598,1,Histórico Evolvy,pending,snoozed,2024-08-31 01:47:06
158122,118408,5598,1,Histórico Evolvy,pending,snoozed,2024-08-31 02:05:08
158124,118410,5598,1,Histórico Evolvy,pending,snoozed,2024-08-31 02:12:08
158125,118412,5598,1,Histórico Evolvy,pending,snoozed,2024-08-31 02:16:06
158126,118416,5598,1,Histórico Evolvy,pending,snoozed,2024-08-31 02:50:07
158127,118417,5598,1,Histórico Evolvy,pending,snoozed,2024-08-31 02:58:06
158129,118421,5598,1,Histórico Evolvy,pending,snoozed,2024-08-31 03:17:06
158130,118426,5598,1,Histórico Evolvy,pending,snoozed,2024-08-31 04:37:06
158131,118430,5598,1,Histórico Evolvy,pending,snoozed,2024-08-31 05:24:07
158132,118432,5598,1,Histórico Evolvy,pending,snoozed,2024-08-31 06:21:05
158133,118435,5598,1,Histórico Evolvy,pending,snoozed,2024-08-31 06:44:06
158134,118436,5598,1,Histórico Evolvy,pending,snoozed,2024-08-31 07:22:05
158135,118438,5598,1,Histórico Evolvy,pending,snoozed,2024-08-31 07:52:08
158138,118441,5598,1,Histórico Evolvy,pending,snoozed,2024-08-31 08:26:06
158142,118449,5598,1,Histórico Evolvy,pending,snoozed,2024-08-31 09:39:05
158144,118451,5598,1,Histórico Evolvy,pending,snoozed,2024-08-31 09:44:05
158145,118457,5598,1,Histórico Evolvy,pending,snoozed,2024-08-31 09:55:07
158146,118459,5598,1,Histórico Evolvy,pending,snoozed,2024-08-31 10:01:06
158148,118462,5598,1,Histórico Evolvy,pending,snoozed,2024-08-31 10:07:08
158149,118463,5598,1,Histórico Evolvy,pending,snoozed,2024-08-31 10:10:10
158150,118464,5598,1,Histórico Evolvy,pending,snoozed,2024-08-31 10:14:08
158151,118467,5598,1,Histórico Evolvy,pending,snoozed,2024-08-31 10:16:10
158152,118469,5598,1,Histórico Evolvy,pending,snoozed,2024-08-31 10:19:07
158154,118472,5598,1,Histórico Evolvy,pending,snoozed,2024-08-31 10:23:06
158155,118473,5598,1,Histórico Evolvy,pending,snoozed,2024-08-31 10:30:08
158156,118475,5598,1,Histórico Evolvy,pending,snoozed,2024-08-31 10:37:09
158157,118476,5598,1,Histórico Evolvy,pending,snoozed,2024-08-31 10:39:07
158158,118477,5598,1,Histórico Evolvy,pending,snoozed,2024-08-31 10:43:07
158159,118478,5598,1,Histórico Evolvy,pending,snoozed,2024-08-31 10:44:07
158161,118480,5598,1,Histórico Evolvy,pending,snoozed,2024-08-31 10:58:08
158162,118481,5598,1,Histórico Evolvy,pending,snoozed,2024-08-31 10:58:10
158163,118482,5598,1,Histórico Evolvy,pending,snoozed,2024-08-31 11:04:05
158164,118483,5598,1,Histórico Evolvy,pending,snoozed,2024-08-31 11:06:08
158166,118487,5598,1,Histórico Evolvy,pending,snoozed,2024-08-31 11:24:09
158167,118488,5598,1,Histórico Evolvy,pending,snoozed,2024-08-31 11:27:08
158168,118489,5598,1,Histórico Evolvy,pending,snoozed,2024-08-31 11:29:08
158169,118490,5598,1,Histórico Evolvy,pending,snoozed,2024-08-31 11:30:09
158171,118494,5598,1,Histórico Evolvy,pending,snoozed,2024-08-31 11:34:06
158172,118495,5598,1,Histórico Evolvy,pending,snoozed,2024-08-31 11:35:09
158173,118497,5598,1,Histórico Evolvy,pending,snoozed,2024-08-31 11:36:08
158175,118499,5598,1,Histórico Evolvy,pending,snoozed,2024-08-31 11:42:08
158176,118500,5598,1,Histórico Evolvy,pending,snoozed,2024-08-31 11:46:06
158181,118506,5598,1,Histórico Evolvy,pending,snoozed,2024-08-31 11:53:07
158182,118507,5598,1,Histórico Evolvy,pending,snoozed,2024-08-31 11:53:11
158186,118511,5598,1,Histórico Evolvy,pending,snoozed,2024-08-31 11:55:09
158188,118513,5598,1,Histórico Evolvy,pending,snoozed,2024-08-31 11:57:07
158193,118520,5598,1,Histórico Evolvy,pending,snoozed,2024-08-31 12:06:10
158194,118521,5598,1,Histórico Evolvy,pending,snoozed,2024-08-31 12:08:09
158197,118525,5598,1,Histórico Evolvy,pending,snoozed,2024-08-31 12:19:07
158199,118527,5598,1,Histórico Evolvy,pending,snoozed,2024-08-31 12:20:11
158200,118529,5598,1,Histórico Evolvy,pending,snoozed,2024-08-31 12:20:15
158201,118530,5598,1,Histórico Evolvy,pending,snoozed,2024-08-31 12:21:06
158202,118531,5598,1,Histórico Evolvy,pending,snoozed,2024-08-31 12:23:07
158203,118532,5598,1,Histórico Evolvy,pending,snoozed,2024-08-31 12:23:13
158205,118534,5598,1,Histórico Evolvy,pending,snoozed,2024-08-31 12:24:05
158207,118539,5598,1,Histórico Evolvy,pending,snoozed,2024-08-31 12:33:09
158208,118540,5598,1,Histórico Evolvy,pending,snoozed,2024-08-31 12:34:08
158209,118541,5598,1,Histórico Evolvy,pending,snoozed,2024-08-31 12:35:10
158211,118546,5598,1,Histórico Evolvy,pending,snoozed,2024-08-31 12:41:08
158212,118547,5598,1,Histórico Evolvy,pending,snoozed,2024-08-31 12:41:15
158213,118548,5598,1,Histórico Evolvy,pending,snoozed,2024-08-31 12:43:07
158214,118549,5598,1,Histórico Evolvy,pending,snoozed,2024-08-31 12:43:14
158215,118550,5598,1,Histórico Evolvy,pending,snoozed,2024-08-31 12:44:09
158218,118554,5598,1,Histórico Evolvy,pending,snoozed,2024-08-31 12:49:08
158220,118556,5598,1,Histórico Evolvy,pending,snoozed,2024-08-31 12:50:16
158221,118557,5598,1,Histórico Evolvy,pending,snoozed,2024-08-31 12:51:07
158223,118559,5598,1,Histórico Evolvy,pending,snoozed,2024-08-31 12:51:20
158226,118564,5598,1,Histórico Evolvy,pending,snoozed,2024-08-31 13:01:08
158227,118565,5598,1,Histórico Evolvy,pending,snoozed,2024-08-31 13:06:10
158229,118570,5598,1,Histórico Evolvy,pending,snoozed,2024-08-31 13:12:08
158230,118571,5598,1,Histórico Evolvy,pending,snoozed,2024-08-31 13:14:07
158232,118573,5598,1,Histórico Evolvy,pending,snoozed,2024-08-31 13:25:13
158233,118574,5598,1,Histórico Evolvy,pending,snoozed,2024-08-31 13:27:07
158235,118576,5598,1,Histórico Evolvy,pending,snoozed,2024-08-31 13:27:19
160238,118578,5598,1,Histórico Evolvy,pending,snoozed,2024-08-31 13:30:06
160239,118586,5598,1,Histórico Evolvy,pending,snoozed,2024-08-31 13:47:06
160240,118587,5598,1,Histórico Evolvy,pending,snoozed,2024-08-31 13:55:07
160242,118594,5598,1,Histórico Evolvy,pending,snoozed,2024-08-31 14:01:09
208627,118596,5599,1,Histórico Evolvy,pending,snoozed,2024-08-31 14:02:07
160244,118597,5598,1,Histórico Evolvy,pending,snoozed,2024-08-31 14:08:09
160248,118621,5598,1,Histórico Evolvy,pending,snoozed,2024-08-31 14:32:07
160249,118623,5598,1,Histórico Evolvy,pending,snoozed,2024-08-31 14:36:09
160250,118624,5598,1,Histórico Evolvy,pending,snoozed,2024-08-31 14:43:08
160255,118641,5598,1,Histórico Evolvy,pending,snoozed,2024-08-31 15:05:09
160256,118643,5598,1,Histórico Evolvy,pending,snoozed,2024-08-31 15:11:08
160261,118649,5598,1,Histórico Evolvy,pending,snoozed,2024-08-31 15:25:10
160269,118663,5598,1,Histórico Evolvy,pending,snoozed,2024-08-31 16:21:09
160272,118668,5598,1,Histórico Evolvy,pending,snoozed,2024-08-31 16:53:07
160273,118669,5598,1,Histórico Evolvy,pending,snoozed,2024-08-31 16:53:14
160274,118670,5598,1,Histórico Evolvy,pending,snoozed,2024-08-31 16:59:07
160275,118671,5598,1,Histórico Evolvy,pending,snoozed,2024-08-31 17:01:05
160276,118673,5598,1,Histórico Evolvy,pending,snoozed,2024-08-31 17:03:07
160280,118682,5598,1,Histórico Evolvy,pending,snoozed,2024-08-31 17:34:06
160281,118685,5598,1,Histórico Evolvy,pending,snoozed,2024-08-31 17:40:11
160283,118694,5598,1,Histórico Evolvy,pending,snoozed,2024-08-31 18:13:07
160288,118706,5598,1,Histórico Evolvy,pending,snoozed,2024-08-31 18:36:08
160295,118719,5598,1,Histórico Evolvy,pending,snoozed,2024-08-31 19:27:09
160302,118731,5598,1,Histórico Evolvy,pending,snoozed,2024-08-31 20:05:08
160303,118745,5598,1,Histórico Evolvy,pending,snoozed,2024-08-31 20:45:08
160304,118749,5598,1,Histórico Evolvy,pending,snoozed,2024-08-31 21:20:12
160305,118750,5598,1,Histórico Evolvy,pending,snoozed,2024-08-31 21:24:05
160306,118753,5598,1,Histórico Evolvy,pending,snoozed,2024-08-31 21:37:06
160308,118757,5598,1,Histórico Evolvy,pending,snoozed,2024-08-31 21:44:07
160311,118761,5598,1,Histórico Evolvy,pending,snoozed,2024-08-31 21:50:08
160312,118766,5598,1,Histórico Evolvy,pending,snoozed,2024-08-31 22:20:12
160318,118778,5598,1,Histórico Evolvy,pending,snoozed,2024-08-31 23:18:06
160320,118782,5598,1,Histórico Evolvy,pending,snoozed,2024-08-31 23:36:07
160324,118789,5598,1,Histórico Evolvy,pending,snoozed,2024-09-01 00:13:07
160327,118794,5598,1,Histórico Evolvy,pending,snoozed,2024-09-01 00:32:08
160329,118802,5598,1,Histórico Evolvy,pending,snoozed,2024-09-01 00:56:06
160336,118815,5598,1,Histórico Evolvy,pending,snoozed,2024-09-01 01:45:08
160337,118818,5598,1,Histórico Evolvy,pending,snoozed,2024-09-01 02:01:07
160338,118819,5598,1,Histórico Evolvy,pending,snoozed,2024-09-01 02:07:10
160339,118820,5598,1,Histórico Evolvy,pending,snoozed,2024-09-01 02:12:10
160346,118840,5598,1,Histórico Evolvy,pending,snoozed,2024-09-01 04:32:06
160347,118843,5598,1,Histórico Evolvy,pending,snoozed,2024-09-01 05:19:06
160352,118850,5598,1,Histórico Evolvy,pending,snoozed,2024-09-01 08:02:16
160354,118854,5598,1,Histórico Evolvy,pending,snoozed,2024-09-01 08:33:06
160355,118856,5598,1,Histórico Evolvy,pending,snoozed,2024-09-01 08:42:06
160358,118863,5598,1,Histórico Evolvy,pending,snoozed,2024-09-01 09:51:07
160360,118867,5598,1,Histórico Evolvy,pending,snoozed,2024-09-01 10:04:05
160363,118872,5598,1,Histórico Evolvy,pending,snoozed,2024-09-01 10:29:08
160364,118873,5598,1,Histórico Evolvy,pending,snoozed,2024-09-01 10:32:06
160365,118874,5598,1,Histórico Evolvy,pending,snoozed,2024-09-01 10:32:12
160367,118879,5598,1,Histórico Evolvy,pending,snoozed,2024-09-01 10:42:06
160369,118885,5598,1,Histórico Evolvy,pending,snoozed,2024-09-01 11:00:11
160371,118890,5598,1,Histórico Evolvy,pending,snoozed,2024-09-01 11:16:11
160373,118893,5598,1,Histórico Evolvy,pending,snoozed,2024-09-01 11:20:10
160376,118900,5598,1,Histórico Evolvy,pending,snoozed,2024-09-01 11:42:13
160377,118901,5598,1,Histórico Evolvy,pending,snoozed,2024-09-01 11:46:06
160378,118903,5598,1,Histórico Evolvy,pending,snoozed,2024-09-01 11:49:07
160379,118905,5598,1,Histórico Evolvy,pending,snoozed,2024-09-01 11:54:11
160380,118906,5598,1,Histórico Evolvy,pending,snoozed,2024-09-01 11:54:17
160381,118907,5598,1,Histórico Evolvy,pending,snoozed,2024-09-01 11:55:12
160382,118908,5598,1,Histórico Evolvy,pending,snoozed,2024-09-01 11:59:10
160384,118911,5598,1,Histórico Evolvy,pending,snoozed,2024-09-01 12:05:06
160386,118913,5598,1,Histórico Evolvy,pending,snoozed,2024-09-01 12:10:09
160387,118920,5598,1,Histórico Evolvy,pending,snoozed,2024-09-01 12:18:09
160394,118928,5598,1,Histórico Evolvy,pending,snoozed,2024-09-01 12:44:11
160396,118931,5598,1,Histórico Evolvy,pending,snoozed,2024-09-01 12:47:08
160397,118932,5598,1,Histórico Evolvy,pending,snoozed,2024-09-01 12:48:10
160398,118933,5598,1,Histórico Evolvy,pending,snoozed,2024-09-01 12:54:13
160399,118934,5598,1,Histórico Evolvy,pending,snoozed,2024-09-01 12:58:08
160401,118936,5598,1,Histórico Evolvy,pending,snoozed,2024-09-01 13:04:07
160402,118937,5598,1,Histórico Evolvy,pending,snoozed,2024-09-01 13:09:09
160406,118942,5598,1,Histórico Evolvy,pending,snoozed,2024-09-01 13:16:08
160407,118943,5598,1,Histórico Evolvy,pending,snoozed,2024-09-01 13:16:14
160411,118950,5598,1,Histórico Evolvy,pending,snoozed,2024-09-01 13:37:08
160412,118951,5598,1,Histórico Evolvy,pending,snoozed,2024-09-01 13:38:08
160413,118954,5598,1,Histórico Evolvy,pending,snoozed,2024-09-01 13:47:08
160418,118965,5598,1,Histórico Evolvy,pending,snoozed,2024-09-01 14:13:06
160420,118968,5598,1,Histórico Evolvy,pending,snoozed,2024-09-01 14:16:11
160427,118982,5598,1,Histórico Evolvy,pending,snoozed,2024-09-01 14:34:07
160429,118986,5598,1,Histórico Evolvy,pending,snoozed,2024-09-01 14:45:07
160432,118990,5598,1,Histórico Evolvy,pending,snoozed,2024-09-01 14:49:07
160435,118997,5598,1,Histórico Evolvy,pending,snoozed,2024-09-01 15:07:05
160437,119002,5598,1,Histórico Evolvy,pending,snoozed,2024-09-01 15:28:07
160440,119015,5598,1,Histórico Evolvy,pending,snoozed,2024-09-01 16:10:09
160442,119017,5598,1,Histórico Evolvy,pending,snoozed,2024-09-01 16:13:07
160443,119019,5598,1,Histórico Evolvy,pending,snoozed,2024-09-01 16:24:09
160444,119020,5598,1,Histórico Evolvy,pending,snoozed,2024-09-01 16:26:05
160447,119027,5598,1,Histórico Evolvy,pending,snoozed,2024-09-01 16:40:12
160448,119028,5598,1,Histórico Evolvy,pending,snoozed,2024-09-01 16:43:08
160451,119032,5598,1,Histórico Evolvy,pending,snoozed,2024-09-01 17:05:08
160462,119061,5598,1,Histórico Evolvy,pending,snoozed,2024-09-01 19:26:10
160464,119065,5598,1,Histórico Evolvy,pending,snoozed,2024-09-01 19:47:09
160465,119066,5598,1,Histórico Evolvy,pending,snoozed,2024-09-01 19:51:06
160468,119074,5598,1,Histórico Evolvy,pending,snoozed,2024-09-01 20:08:08
160469,119076,5598,1,Histórico Evolvy,pending,snoozed,2024-09-01 20:11:07
160471,119078,5598,1,Histórico Evolvy,pending,snoozed,2024-09-01 20:15:09
160472,119080,5598,1,Histórico Evolvy,pending,snoozed,2024-09-01 20:24:06
160474,119084,5598,1,Histórico Evolvy,pending,snoozed,2024-09-01 20:36:09
160475,119091,5598,1,Histórico Evolvy,pending,snoozed,2024-09-01 20:56:06
160476,119094,5598,1,Histórico Evolvy,pending,snoozed,2024-09-01 20:59:08
160480,119104,5598,1,Histórico Evolvy,pending,snoozed,2024-09-01 21:45:08
160483,119112,5598,1,Histórico Evolvy,pending,snoozed,2024-09-01 22:21:12
160486,119120,5598,1,Histórico Evolvy,pending,snoozed,2024-09-01 22:51:09
160487,119122,5598,1,Histórico Evolvy,pending,snoozed,2024-09-01 23:07:06
160490,119126,5598,1,Histórico Evolvy,pending,snoozed,2024-09-01 23:23:08
160492,119139,5598,1,Histórico Evolvy,pending,snoozed,2024-09-02 00:21:07
160493,119140,5598,1,Histórico Evolvy,pending,snoozed,2024-09-02 00:25:07
160496,119149,5598,1,Histórico Evolvy,pending,snoozed,2024-09-02 00:53:08
160499,119161,5598,1,Histórico Evolvy,pending,snoozed,2024-09-02 01:32:05
160500,119163,5598,1,Histórico Evolvy,pending,snoozed,2024-09-02 01:45:08
160501,119164,5598,1,Histórico Evolvy,pending,snoozed,2024-09-02 01:45:14
160502,119166,5598,1,Histórico Evolvy,pending,snoozed,2024-09-02 01:53:07
160503,119169,5598,1,Histórico Evolvy,pending,snoozed,2024-09-02 02:05:09
160505,119175,5598,1,Histórico Evolvy,pending,snoozed,2024-09-02 02:35:07
160507,119183,5598,1,Histórico Evolvy,pending,snoozed,2024-09-02 03:07:07
160508,119185,5598,1,Histórico Evolvy,pending,snoozed,2024-09-02 03:09:06
160509,119186,5598,1,Histórico Evolvy,pending,snoozed,2024-09-02 03:17:08
160510,119190,5598,1,Histórico Evolvy,pending,snoozed,2024-09-02 03:58:07
160511,119191,5598,1,Histórico Evolvy,pending,snoozed,2024-09-02 04:02:07
160512,119194,5598,1,Histórico Evolvy,pending,snoozed,2024-09-02 04:21:07
160513,119196,5598,1,Histórico Evolvy,pending,snoozed,2024-09-02 04:56:07
160514,119198,5598,1,Histórico Evolvy,pending,snoozed,2024-09-02 06:15:06
160517,119209,5598,1,Histórico Evolvy,pending,snoozed,2024-09-02 08:45:07
160520,119221,5598,1,Histórico Evolvy,pending,snoozed,2024-09-02 09:59:09
160521,119222,5598,1,Histórico Evolvy,pending,snoozed,2024-09-02 10:03:06
160522,119223,5598,1,Histórico Evolvy,pending,snoozed,2024-09-02 10:09:07
160523,119224,5598,1,Histórico Evolvy,pending,snoozed,2024-09-02 10:18:09
160529,119236,5598,1,Histórico Evolvy,pending,snoozed,2024-09-02 10:50:06
160530,119239,5598,1,Histórico Evolvy,pending,snoozed,2024-09-02 11:04:07
160533,119244,5598,1,Histórico Evolvy,pending,snoozed,2024-09-02 11:21:07
160537,119251,5598,1,Histórico Evolvy,pending,snoozed,2024-09-02 11:38:10
160539,119261,5598,1,Histórico Evolvy,pending,snoozed,2024-09-02 11:54:14
160541,119263,5598,1,Histórico Evolvy,pending,snoozed,2024-09-02 11:57:07
160549,119299,5598,1,Histórico Evolvy,pending,snoozed,2024-09-02 13:07:07
160550,119301,5598,1,Histórico Evolvy,pending,snoozed,2024-09-02 13:22:08
160551,119311,5598,1,Histórico Evolvy,pending,snoozed,2024-09-02 13:37:06
160553,119318,5598,1,Histórico Evolvy,pending,snoozed,2024-09-02 14:01:08
160554,119320,5598,1,Histórico Evolvy,pending,snoozed,2024-09-02 14:03:07
160559,119329,5598,1,Histórico Evolvy,pending,snoozed,2024-09-02 14:58:10
160560,119330,5598,1,Histórico Evolvy,pending,snoozed,2024-09-02 14:59:09
160561,119332,5598,1,Histórico Evolvy,pending,snoozed,2024-09-02 15:11:10
160566,119355,5598,1,Histórico Evolvy,pending,snoozed,2024-09-02 16:35:15
160568,119361,5598,1,Histórico Evolvy,pending,snoozed,2024-09-02 16:45:06
160572,119373,5598,1,Histórico Evolvy,pending,snoozed,2024-09-02 17:18:14
160573,119377,5598,1,Histórico Evolvy,pending,snoozed,2024-09-02 17:29:06
160574,119378,5598,1,Histórico Evolvy,pending,snoozed,2024-09-02 17:31:05
160576,119386,5598,1,Histórico Evolvy,pending,snoozed,2024-09-02 17:39:07
160577,119387,5598,1,Histórico Evolvy,pending,snoozed,2024-09-02 17:42:11
160579,119411,5598,1,Histórico Evolvy,pending,snoozed,2024-09-02 18:52:08
160580,119414,5598,1,Histórico Evolvy,pending,snoozed,2024-09-02 18:57:09
160583,119421,5598,1,Histórico Evolvy,pending,snoozed,2024-09-02 19:25:05
160588,119449,5598,1,Histórico Evolvy,pending,snoozed,2024-09-02 20:46:09
160589,119453,5598,1,Histórico Evolvy,pending,snoozed,2024-09-02 21:11:07
160592,119461,5598,1,Histórico Evolvy,pending,snoozed,2024-09-02 21:42:08
160594,119467,5598,1,Histórico Evolvy,pending,snoozed,2024-09-02 22:24:08
160598,119478,5598,1,Histórico Evolvy,pending,snoozed,2024-09-02 22:44:05
160600,119490,5598,1,Histórico Evolvy,pending,snoozed,2024-09-02 23:14:09
160602,119501,5598,1,Histórico Evolvy,pending,snoozed,2024-09-02 23:38:08
160605,119510,5598,1,Histórico Evolvy,pending,snoozed,2024-09-02 23:59:10
160606,119527,5598,1,Histórico Evolvy,pending,snoozed,2024-09-03 01:12:06
160608,119533,5598,1,Histórico Evolvy,pending,snoozed,2024-09-03 01:33:06
160609,119541,5598,1,Histórico Evolvy,pending,snoozed,2024-09-03 01:59:07
160610,119544,5598,1,Histórico Evolvy,pending,snoozed,2024-09-03 02:06:06
160612,119549,5598,1,Histórico Evolvy,pending,snoozed,2024-09-03 02:14:08
160613,119551,5598,1,Histórico Evolvy,pending,snoozed,2024-09-03 02:17:09
160614,119552,5598,1,Histórico Evolvy,pending,snoozed,2024-09-03 02:18:10
160616,119564,5598,1,Histórico Evolvy,pending,snoozed,2024-09-03 03:11:09
160617,119566,5598,1,Histórico Evolvy,pending,snoozed,2024-09-03 03:24:07
160618,119567,5598,1,Histórico Evolvy,pending,snoozed,2024-09-03 03:25:07
208695,119569,5599,1,Histórico Evolvy,pending,snoozed,2024-09-03 03:35:07
160619,119570,5598,1,Histórico Evolvy,pending,snoozed,2024-09-03 03:44:07
160628,119594,5598,1,Histórico Evolvy,pending,snoozed,2024-09-03 09:09:05
160630,119599,5598,1,Histórico Evolvy,pending,snoozed,2024-09-03 09:45:08
160631,119602,5598,1,Histórico Evolvy,pending,snoozed,2024-09-03 09:51:09
160633,119604,5598,1,Histórico Evolvy,pending,snoozed,2024-09-03 10:02:09
160635,119607,5598,1,Histórico Evolvy,pending,snoozed,2024-09-03 10:05:06
160639,119612,5598,1,Histórico Evolvy,pending,snoozed,2024-09-03 10:28:07
160640,119613,5598,1,Histórico Evolvy,pending,snoozed,2024-09-03 10:29:07
160642,119615,5598,1,Histórico Evolvy,pending,snoozed,2024-09-03 10:41:05
160649,119633,5598,1,Histórico Evolvy,pending,snoozed,2024-09-03 11:47:18
160650,119634,5598,1,Histórico Evolvy,pending,snoozed,2024-09-03 11:50:09
160651,119639,5598,1,Histórico Evolvy,pending,snoozed,2024-09-03 12:09:07
160652,119642,5598,1,Histórico Evolvy,pending,snoozed,2024-09-03 12:22:06
160656,119651,5598,1,Histórico Evolvy,pending,snoozed,2024-09-03 12:40:12
160659,119659,5598,1,Histórico Evolvy,pending,snoozed,2024-09-03 13:00:19
160671,119686,5598,1,Histórico Evolvy,pending,snoozed,2024-09-03 13:58:41
160677,119706,5598,1,Histórico Evolvy,pending,snoozed,2024-09-03 15:04:10
160678,119707,5598,1,Histórico Evolvy,pending,snoozed,2024-09-03 15:07:10
160683,119716,5598,1,Histórico Evolvy,pending,snoozed,2024-09-03 15:34:06
160684,119718,5598,1,Histórico Evolvy,pending,snoozed,2024-09-03 15:42:07
160686,119725,5598,1,Histórico Evolvy,pending,snoozed,2024-09-03 16:07:10
160688,119734,5598,1,Histórico Evolvy,pending,snoozed,2024-09-03 16:10:09
160691,119739,5598,1,Histórico Evolvy,pending,snoozed,2024-09-03 16:26:09
160698,119755,5598,1,Histórico Evolvy,pending,snoozed,2024-09-03 17:02:05
160701,119761,5598,1,Histórico Evolvy,pending,snoozed,2024-09-03 17:26:19
160702,119764,5598,1,Histórico Evolvy,pending,snoozed,2024-09-03 17:33:07
160708,119798,5598,1,Histórico Evolvy,pending,snoozed,2024-09-03 18:07:05
160710,119803,5598,1,Histórico Evolvy,pending,snoozed,2024-09-03 18:10:08
160717,119852,5598,1,Histórico Evolvy,pending,snoozed,2024-09-03 18:51:06
160719,119861,5598,1,Histórico Evolvy,pending,snoozed,2024-09-03 19:12:08
160724,119874,5598,1,Histórico Evolvy,pending,snoozed,2024-09-03 19:58:06
160726,119877,5598,1,Histórico Evolvy,pending,snoozed,2024-09-03 20:06:07
160727,119878,5598,1,Histórico Evolvy,pending,snoozed,2024-09-03 20:06:11
160730,119886,5598,1,Histórico Evolvy,pending,snoozed,2024-09-03 20:24:07
160731,119887,5598,1,Histórico Evolvy,pending,snoozed,2024-09-03 20:32:09
160732,119888,5598,1,Histórico Evolvy,pending,snoozed,2024-09-03 20:36:09
160733,119890,5598,1,Histórico Evolvy,pending,snoozed,2024-09-03 20:40:06
160735,119894,5598,1,Histórico Evolvy,pending,snoozed,2024-09-03 21:01:06
162480,119904,5598,1,Histórico Evolvy,pending,snoozed,2024-09-03 21:17:06
162483,119914,5598,1,Histórico Evolvy,pending,snoozed,2024-09-03 21:41:08
162490,119930,5598,1,Histórico Evolvy,pending,snoozed,2024-09-03 22:27:07
162491,119932,5598,1,Histórico Evolvy,pending,snoozed,2024-09-03 22:39:07
162492,119933,5598,1,Histórico Evolvy,pending,snoozed,2024-09-03 22:40:16
162494,119942,5598,1,Histórico Evolvy,pending,snoozed,2024-09-03 22:51:06
162497,119948,5598,1,Histórico Evolvy,pending,snoozed,2024-09-03 23:00:18
162500,119955,5598,1,Histórico Evolvy,pending,snoozed,2024-09-03 23:27:04
162501,119959,5598,1,Histórico Evolvy,pending,snoozed,2024-09-03 23:40:12
162502,119960,5598,1,Histórico Evolvy,pending,snoozed,2024-09-03 23:41:06
162503,119961,5598,1,Histórico Evolvy,pending,snoozed,2024-09-03 23:43:06
162505,119963,5598,1,Histórico Evolvy,pending,snoozed,2024-09-03 23:53:12
162511,119973,5598,1,Histórico Evolvy,pending,snoozed,2024-09-04 00:45:08
162513,119978,5598,1,Histórico Evolvy,pending,snoozed,2024-09-04 01:09:05
162515,119993,5598,1,Histórico Evolvy,pending,snoozed,2024-09-04 01:56:11
162517,119997,5598,1,Histórico Evolvy,pending,snoozed,2024-09-04 02:17:06
162518,119998,5598,1,Histórico Evolvy,pending,snoozed,2024-09-04 02:18:12
162519,120000,5598,1,Histórico Evolvy,pending,snoozed,2024-09-04 02:34:07
162520,120004,5598,1,Histórico Evolvy,pending,snoozed,2024-09-04 02:44:07
162521,120005,5598,1,Histórico Evolvy,pending,snoozed,2024-09-04 02:47:06
162526,120023,5598,1,Histórico Evolvy,pending,snoozed,2024-09-04 06:51:05
162527,120029,5598,1,Histórico Evolvy,pending,snoozed,2024-09-04 08:00:12
162532,120044,5598,1,Histórico Evolvy,pending,snoozed,2024-09-04 09:33:06
162533,120046,5598,1,Histórico Evolvy,pending,snoozed,2024-09-04 09:35:08
162535,120049,5598,1,Histórico Evolvy,pending,snoozed,2024-09-04 09:41:13
162538,120058,5598,1,Histórico Evolvy,pending,snoozed,2024-09-04 09:58:09
162543,120073,5598,1,Histórico Evolvy,pending,snoozed,2024-09-04 11:09:05
162544,120074,5598,1,Histórico Evolvy,pending,snoozed,2024-09-04 11:10:06
162546,120077,5598,1,Histórico Evolvy,pending,snoozed,2024-09-04 11:18:08
162547,120083,5598,1,Histórico Evolvy,pending,snoozed,2024-09-04 11:38:08
162549,120085,5598,1,Histórico Evolvy,pending,snoozed,2024-09-04 11:45:08
162552,120090,5598,1,Histórico Evolvy,pending,snoozed,2024-09-04 12:03:06
162553,120099,5598,1,Histórico Evolvy,pending,snoozed,2024-09-04 12:12:06
162558,120107,5598,1,Histórico Evolvy,pending,snoozed,2024-09-04 12:36:15
162560,120109,5598,1,Histórico Evolvy,pending,snoozed,2024-09-04 12:37:05
162568,120128,5598,1,Histórico Evolvy,pending,snoozed,2024-09-04 13:42:08
162569,120130,5598,1,Histórico Evolvy,pending,snoozed,2024-09-04 13:45:09
162571,120134,5598,1,Histórico Evolvy,pending,snoozed,2024-09-04 13:59:06
162572,120136,5598,1,Histórico Evolvy,pending,snoozed,2024-09-04 14:00:11
162573,120141,5598,1,Histórico Evolvy,pending,snoozed,2024-09-04 14:09:07
162574,120142,5598,1,Histórico Evolvy,pending,snoozed,2024-09-04 14:12:06
162576,120148,5598,1,Histórico Evolvy,pending,snoozed,2024-09-04 14:21:08
162584,120179,5598,1,Histórico Evolvy,pending,snoozed,2024-09-04 15:28:09
162586,120183,5598,1,Histórico Evolvy,pending,snoozed,2024-09-04 15:38:07
162589,120187,5598,1,Histórico Evolvy,pending,snoozed,2024-09-04 15:48:07
162592,120192,5598,1,Histórico Evolvy,pending,snoozed,2024-09-04 16:04:07
162594,120200,5598,1,Histórico Evolvy,pending,snoozed,2024-09-04 16:07:11
162595,120202,5598,1,Histórico Evolvy,pending,snoozed,2024-09-04 16:11:10
162612,120264,5598,1,Histórico Evolvy,pending,snoozed,2024-09-04 17:32:08
162615,120272,5598,1,Histórico Evolvy,pending,snoozed,2024-09-04 18:14:22
162617,120285,5598,1,Histórico Evolvy,pending,snoozed,2024-09-04 18:50:07
162618,120294,5598,1,Histórico Evolvy,pending,snoozed,2024-09-04 19:19:09
162622,120305,5598,1,Histórico Evolvy,pending,snoozed,2024-09-04 20:14:07
162626,120312,5598,1,Histórico Evolvy,pending,snoozed,2024-09-04 21:03:16
162629,120324,5598,1,Histórico Evolvy,pending,snoozed,2024-09-04 21:44:15
162631,120326,5598,1,Histórico Evolvy,pending,snoozed,2024-09-04 21:50:07
162635,120338,5598,1,Histórico Evolvy,pending,snoozed,2024-09-04 22:11:10
162636,120345,5598,1,Histórico Evolvy,pending,snoozed,2024-09-04 22:47:11
162640,120352,5598,1,Histórico Evolvy,pending,snoozed,2024-09-04 23:11:06
162643,120362,5598,1,Histórico Evolvy,pending,snoozed,2024-09-04 23:54:08
162644,120364,5598,1,Histórico Evolvy,pending,snoozed,2024-09-05 00:04:07
162645,120365,5598,1,Histórico Evolvy,pending,snoozed,2024-09-05 00:08:07
162648,120374,5598,1,Histórico Evolvy,pending,snoozed,2024-09-05 00:34:06
162650,120380,5598,1,Histórico Evolvy,pending,snoozed,2024-09-05 01:02:39
162651,120381,5598,1,Histórico Evolvy,pending,snoozed,2024-09-05 01:09:08
162654,120391,5598,1,Histórico Evolvy,pending,snoozed,2024-09-05 01:54:08
162656,120408,5598,1,Histórico Evolvy,pending,snoozed,2024-09-05 03:08:06
162657,120409,5598,1,Histórico Evolvy,pending,snoozed,2024-09-05 03:14:06
162658,120410,5598,1,Histórico Evolvy,pending,snoozed,2024-09-05 03:14:13
162661,120419,5598,1,Histórico Evolvy,pending,snoozed,2024-09-05 06:26:06
162662,120420,5598,1,Histórico Evolvy,pending,snoozed,2024-09-05 06:37:06
162663,120425,5598,1,Histórico Evolvy,pending,snoozed,2024-09-05 07:26:05
162665,120427,5598,1,Histórico Evolvy,pending,snoozed,2024-09-05 07:30:06
162670,120435,5598,1,Histórico Evolvy,pending,snoozed,2024-09-05 09:39:05
162671,120440,5598,1,Histórico Evolvy,pending,snoozed,2024-09-05 09:50:06
162673,120442,5598,1,Histórico Evolvy,pending,snoozed,2024-09-05 10:00:14
162675,120449,5598,1,Histórico Evolvy,pending,snoozed,2024-09-05 10:17:09
162676,120451,5598,1,Histórico Evolvy,pending,snoozed,2024-09-05 10:19:06
162677,120452,5598,1,Histórico Evolvy,pending,snoozed,2024-09-05 10:22:07
162678,120457,5598,1,Histórico Evolvy,pending,snoozed,2024-09-05 10:36:07
162681,120461,5598,1,Histórico Evolvy,pending,snoozed,2024-09-05 11:02:06
162682,120462,5598,1,Histórico Evolvy,pending,snoozed,2024-09-05 11:02:13
162683,120463,5598,1,Histórico Evolvy,pending,snoozed,2024-09-05 11:06:08
162691,120480,5598,1,Histórico Evolvy,pending,snoozed,2024-09-05 11:52:08
162694,120491,5598,1,Histórico Evolvy,pending,snoozed,2024-09-05 12:25:08
162695,120492,5598,1,Histórico Evolvy,pending,snoozed,2024-09-05 12:27:09
162696,120493,5598,1,Histórico Evolvy,pending,snoozed,2024-09-05 12:28:10
162697,120494,5598,1,Histórico Evolvy,pending,snoozed,2024-09-05 12:30:07
162700,120500,5598,1,Histórico Evolvy,pending,snoozed,2024-09-05 12:48:08
162702,120502,5598,1,Histórico Evolvy,pending,snoozed,2024-09-05 12:54:12
162703,120503,5598,1,Histórico Evolvy,pending,snoozed,2024-09-05 12:56:07
162705,120505,5598,1,Histórico Evolvy,pending,snoozed,2024-09-05 12:58:10
162707,120515,5598,1,Histórico Evolvy,pending,snoozed,2024-09-05 13:16:10
162708,120516,5598,1,Histórico Evolvy,pending,snoozed,2024-09-05 13:20:10
162709,120517,5598,1,Histórico Evolvy,pending,snoozed,2024-09-05 13:23:06
162710,120518,5598,1,Histórico Evolvy,pending,snoozed,2024-09-05 13:23:09
162711,120522,5598,1,Histórico Evolvy,pending,snoozed,2024-09-05 13:45:10
162715,120538,5598,1,Histórico Evolvy,pending,snoozed,2024-09-05 14:32:06
162717,120540,5598,1,Histórico Evolvy,pending,snoozed,2024-09-05 14:34:08
162721,120559,5598,1,Histórico Evolvy,pending,snoozed,2024-09-05 15:48:09
162723,120561,5598,1,Histórico Evolvy,pending,snoozed,2024-09-05 15:51:08
162724,120567,5598,1,Histórico Evolvy,pending,snoozed,2024-09-05 16:08:05
162725,120569,5598,1,Histórico Evolvy,pending,snoozed,2024-09-05 16:09:10
162728,120573,5598,1,Histórico Evolvy,pending,snoozed,2024-09-05 16:24:10
162731,120578,5598,1,Histórico Evolvy,pending,snoozed,2024-09-05 17:01:12
162734,120585,5598,1,Histórico Evolvy,pending,snoozed,2024-09-05 17:19:07
162736,120592,5598,1,Histórico Evolvy,pending,snoozed,2024-09-05 17:34:08
162739,120597,5598,1,Histórico Evolvy,pending,snoozed,2024-09-05 17:53:07
162740,120601,5598,1,Histórico Evolvy,pending,snoozed,2024-09-05 18:06:06
162741,120604,5598,1,Histórico Evolvy,pending,snoozed,2024-09-05 18:08:09
162742,120605,5598,1,Histórico Evolvy,pending,snoozed,2024-09-05 18:09:07
162744,120610,5598,1,Histórico Evolvy,pending,snoozed,2024-09-05 18:24:08
162745,120627,5598,1,Histórico Evolvy,pending,snoozed,2024-09-05 19:43:04
162746,120631,5598,1,Histórico Evolvy,pending,snoozed,2024-09-05 19:53:09
162749,120652,5598,1,Histórico Evolvy,pending,snoozed,2024-09-05 20:51:05
162752,120662,5598,1,Histórico Evolvy,pending,snoozed,2024-09-05 21:55:11
162753,120668,5598,1,Histórico Evolvy,pending,snoozed,2024-09-05 22:22:08
162754,120676,5598,1,Histórico Evolvy,pending,snoozed,2024-09-05 22:35:07
162755,120683,5598,1,Histórico Evolvy,pending,snoozed,2024-09-05 23:13:05
162756,120684,5598,1,Histórico Evolvy,pending,snoozed,2024-09-05 23:19:08
162760,120709,5598,1,Histórico Evolvy,pending,snoozed,2024-09-06 00:30:08
162762,120717,5598,1,Histórico Evolvy,pending,snoozed,2024-09-06 00:47:09
162765,120724,5598,1,Histórico Evolvy,pending,snoozed,2024-09-06 01:26:07
162766,120725,5598,1,Histórico Evolvy,pending,snoozed,2024-09-06 01:33:08
162770,120733,5598,1,Histórico Evolvy,pending,snoozed,2024-09-06 02:33:06
162773,120738,5598,1,Histórico Evolvy,pending,snoozed,2024-09-06 03:17:09
162775,120748,5598,1,Histórico Evolvy,pending,snoozed,2024-09-06 07:06:07
162776,120757,5598,1,Histórico Evolvy,pending,snoozed,2024-09-06 08:55:07
162780,120766,5598,1,Histórico Evolvy,pending,snoozed,2024-09-06 10:00:14
162782,120768,5598,1,Histórico Evolvy,pending,snoozed,2024-09-06 10:05:09
162783,120769,5598,1,Histórico Evolvy,pending,snoozed,2024-09-06 10:08:07
162784,120770,5598,1,Histórico Evolvy,pending,snoozed,2024-09-06 10:18:07
162790,120785,5598,1,Histórico Evolvy,pending,snoozed,2024-09-06 11:19:05
162793,120795,5598,1,Histórico Evolvy,pending,snoozed,2024-09-06 11:58:09
162796,120800,5598,1,Histórico Evolvy,pending,snoozed,2024-09-06 12:14:09
162799,120817,5598,1,Histórico Evolvy,pending,snoozed,2024-09-06 13:05:11
162800,120818,5598,1,Histórico Evolvy,pending,snoozed,2024-09-06 13:05:19
162801,120820,5598,1,Histórico Evolvy,pending,snoozed,2024-09-06 13:07:11
162803,120823,5598,1,Histórico Evolvy,pending,snoozed,2024-09-06 13:14:15
162805,120826,5598,1,Histórico Evolvy,pending,snoozed,2024-09-06 13:27:11
162814,120859,5598,1,Histórico Evolvy,pending,snoozed,2024-09-06 14:58:10
162817,120865,5598,1,Histórico Evolvy,pending,snoozed,2024-09-06 15:08:09
162818,120870,5598,1,Histórico Evolvy,pending,snoozed,2024-09-06 15:37:08
162821,120880,5598,1,Histórico Evolvy,pending,snoozed,2024-09-06 16:10:09
162823,120893,5598,1,Histórico Evolvy,pending,snoozed,2024-09-06 16:23:09
162826,120897,5598,1,Histórico Evolvy,pending,snoozed,2024-09-06 16:25:33
162827,120898,5598,1,Histórico Evolvy,pending,snoozed,2024-09-06 16:29:11
162832,120917,5598,1,Histórico Evolvy,pending,snoozed,2024-09-06 17:21:12
162848,120966,5598,1,Histórico Evolvy,pending,snoozed,2024-09-06 18:35:07
162851,120981,5598,1,Histórico Evolvy,pending,snoozed,2024-09-06 19:52:07
162853,120986,5598,1,Histórico Evolvy,pending,snoozed,2024-09-06 20:06:11
162854,120988,5598,1,Histórico Evolvy,pending,snoozed,2024-09-06 20:12:07
162858,121005,5598,1,Histórico Evolvy,pending,snoozed,2024-09-06 21:19:05
162859,121007,5598,1,Histórico Evolvy,pending,snoozed,2024-09-06 21:34:08
162861,121009,5598,1,Histórico Evolvy,pending,snoozed,2024-09-06 21:47:09
162865,121019,5598,1,Histórico Evolvy,pending,snoozed,2024-09-06 22:28:05
162866,121020,5598,1,Histórico Evolvy,pending,snoozed,2024-09-06 22:31:07
162868,121025,5598,1,Histórico Evolvy,pending,snoozed,2024-09-06 23:04:07
162869,121029,5598,1,Histórico Evolvy,pending,snoozed,2024-09-06 23:27:08
162870,121031,5598,1,Histórico Evolvy,pending,snoozed,2024-09-06 23:29:08
162871,121032,5598,1,Histórico Evolvy,pending,snoozed,2024-09-06 23:32:09
162872,121036,5598,1,Histórico Evolvy,pending,snoozed,2024-09-06 23:37:06
162875,121041,5598,1,Histórico Evolvy,pending,snoozed,2024-09-06 23:56:07
162877,121044,5598,1,Histórico Evolvy,pending,snoozed,2024-09-07 00:08:09
162878,121049,5598,1,Histórico Evolvy,pending,snoozed,2024-09-07 00:30:09
162879,121054,5598,1,Histórico Evolvy,pending,snoozed,2024-09-07 00:47:08
162882,121059,5598,1,Histórico Evolvy,pending,snoozed,2024-09-07 00:59:07
208820,121065,5599,1,Histórico Evolvy,pending,snoozed,2024-09-07 01:28:07
162884,121074,5598,1,Histórico Evolvy,pending,snoozed,2024-09-07 02:25:06
162885,121075,5598,1,Histórico Evolvy,pending,snoozed,2024-09-07 02:41:05
162889,121089,5598,1,Histórico Evolvy,pending,snoozed,2024-09-07 04:47:07
162894,121100,5598,1,Histórico Evolvy,pending,snoozed,2024-09-07 07:35:06
162897,121111,5598,1,Histórico Evolvy,pending,snoozed,2024-09-07 09:21:05
162898,121112,5598,1,Histórico Evolvy,pending,snoozed,2024-09-07 09:21:11
162899,121113,5598,1,Histórico Evolvy,pending,snoozed,2024-09-07 09:23:06
162901,121115,5598,1,Histórico Evolvy,pending,snoozed,2024-09-07 09:36:07
162904,121122,5598,1,Histórico Evolvy,pending,snoozed,2024-09-07 09:52:06
162909,121135,5598,1,Histórico Evolvy,pending,snoozed,2024-09-07 10:37:09
162910,121136,5598,1,Histórico Evolvy,pending,snoozed,2024-09-07 10:42:08
162911,121138,5598,1,Histórico Evolvy,pending,snoozed,2024-09-07 10:56:07
162913,121141,5598,1,Histórico Evolvy,pending,snoozed,2024-09-07 11:14:06
162915,121144,5598,1,Histórico Evolvy,pending,snoozed,2024-09-07 11:26:07
162916,121145,5598,1,Histórico Evolvy,pending,snoozed,2024-09-07 11:28:08
162918,121150,5598,1,Histórico Evolvy,pending,snoozed,2024-09-07 11:47:12
162920,121154,5598,1,Histórico Evolvy,pending,snoozed,2024-09-07 11:53:10
162921,121155,5598,1,Histórico Evolvy,pending,snoozed,2024-09-07 11:53:16
162922,121156,5598,1,Histórico Evolvy,pending,snoozed,2024-09-07 11:54:14
162923,121157,5598,1,Histórico Evolvy,pending,snoozed,2024-09-07 11:56:06
162924,121161,5598,1,Histórico Evolvy,pending,snoozed,2024-09-07 11:59:11
162927,121167,5598,1,Histórico Evolvy,pending,snoozed,2024-09-07 12:13:06
162929,121170,5598,1,Histórico Evolvy,pending,snoozed,2024-09-07 12:17:13
162937,121185,5598,1,Histórico Evolvy,pending,snoozed,2024-09-07 12:44:13
162944,121206,5598,1,Histórico Evolvy,pending,snoozed,2024-09-07 13:41:07
162946,121216,5598,1,Histórico Evolvy,pending,snoozed,2024-09-07 13:54:08
162947,121223,5598,1,Histórico Evolvy,pending,snoozed,2024-09-07 14:16:10
162949,121227,5598,1,Histórico Evolvy,pending,snoozed,2024-09-07 14:32:09
162952,121237,5598,1,Histórico Evolvy,pending,snoozed,2024-09-07 14:55:08
162954,121241,5598,1,Histórico Evolvy,pending,snoozed,2024-09-07 15:03:06
162957,121253,5598,1,Histórico Evolvy,pending,snoozed,2024-09-07 15:15:07
162958,121259,5598,1,Histórico Evolvy,pending,snoozed,2024-09-07 15:26:06
162962,121269,5598,1,Histórico Evolvy,pending,snoozed,2024-09-07 15:57:06
162963,121278,5598,1,Histórico Evolvy,pending,snoozed,2024-09-07 16:23:12
162964,121279,5598,1,Histórico Evolvy,pending,snoozed,2024-09-07 16:23:14
162965,121280,5598,1,Histórico Evolvy,pending,snoozed,2024-09-07 16:24:11
162966,121283,5598,1,Histórico Evolvy,pending,snoozed,2024-09-07 16:41:07
162967,121284,5598,1,Histórico Evolvy,pending,snoozed,2024-09-07 16:50:08
162969,121289,5598,1,Histórico Evolvy,pending,snoozed,2024-09-07 17:28:05
162972,121300,5598,1,Histórico Evolvy,pending,snoozed,2024-09-07 18:19:08
162974,121303,5598,1,Histórico Evolvy,pending,snoozed,2024-09-07 18:35:08
162977,121310,5598,1,Histórico Evolvy,pending,snoozed,2024-09-07 19:01:06
164476,121318,5598,1,Histórico Evolvy,pending,snoozed,2024-09-07 19:30:08
164477,121319,5598,1,Histórico Evolvy,pending,snoozed,2024-09-07 19:50:06
164478,121326,5598,1,Histórico Evolvy,pending,snoozed,2024-09-07 20:22:06
164483,121337,5598,1,Histórico Evolvy,pending,snoozed,2024-09-07 21:29:07
164488,121349,5598,1,Histórico Evolvy,pending,snoozed,2024-09-07 22:17:05
164490,121359,5598,1,Histórico Evolvy,pending,snoozed,2024-09-07 22:59:09
164492,121362,5598,1,Histórico Evolvy,pending,snoozed,2024-09-07 23:06:08
164494,121369,5598,1,Histórico Evolvy,pending,snoozed,2024-09-07 23:31:08
164499,121379,5598,1,Histórico Evolvy,pending,snoozed,2024-09-08 00:17:06
164500,121383,5598,1,Histórico Evolvy,pending,snoozed,2024-09-08 00:39:07
164502,121389,5598,1,Histórico Evolvy,pending,snoozed,2024-09-08 01:15:07
164503,121391,5598,1,Histórico Evolvy,pending,snoozed,2024-09-08 01:20:12
164504,121392,5598,1,Histórico Evolvy,pending,snoozed,2024-09-08 01:22:05
164506,121395,5598,1,Histórico Evolvy,pending,snoozed,2024-09-08 01:29:07
164509,121404,5598,1,Histórico Evolvy,pending,snoozed,2024-09-08 02:00:11
164510,121405,5598,1,Histórico Evolvy,pending,snoozed,2024-09-08 02:00:18
164511,121407,5598,1,Histórico Evolvy,pending,snoozed,2024-09-08 02:06:10
164512,121408,5598,1,Histórico Evolvy,pending,snoozed,2024-09-08 02:15:09
164513,121412,5598,1,Histórico Evolvy,pending,snoozed,2024-09-08 02:48:06
164515,121415,5598,1,Histórico Evolvy,pending,snoozed,2024-09-08 03:03:06
164517,121417,5598,1,Histórico Evolvy,pending,snoozed,2024-09-08 03:16:07
164518,121419,5598,1,Histórico Evolvy,pending,snoozed,2024-09-08 03:36:05
164522,121429,5598,1,Histórico Evolvy,pending,snoozed,2024-09-08 06:44:07
164524,121434,5598,1,Histórico Evolvy,pending,snoozed,2024-09-08 07:33:07
164525,121436,5598,1,Histórico Evolvy,pending,snoozed,2024-09-08 08:30:05
164526,121439,5598,1,Histórico Evolvy,pending,snoozed,2024-09-08 08:49:07
164527,121440,5598,1,Histórico Evolvy,pending,snoozed,2024-09-08 09:19:07
164529,121442,5598,1,Histórico Evolvy,pending,snoozed,2024-09-08 09:40:05
164532,121455,5598,1,Histórico Evolvy,pending,snoozed,2024-09-08 09:58:09
164543,121472,5598,1,Histórico Evolvy,pending,snoozed,2024-09-08 10:44:07
164544,121473,5598,1,Histórico Evolvy,pending,snoozed,2024-09-08 10:45:09
164546,121476,5598,1,Histórico Evolvy,pending,snoozed,2024-09-08 10:56:09
164547,121477,5598,1,Histórico Evolvy,pending,snoozed,2024-09-08 10:56:17
164549,121480,5598,1,Histórico Evolvy,pending,snoozed,2024-09-08 11:05:09
164554,121490,5598,1,Histórico Evolvy,pending,snoozed,2024-09-08 11:34:13
164559,121498,5598,1,Histórico Evolvy,pending,snoozed,2024-09-08 11:49:11
164562,121504,5598,1,Histórico Evolvy,pending,snoozed,2024-09-08 11:59:12
164564,121507,5598,1,Histórico Evolvy,pending,snoozed,2024-09-08 12:08:07
164565,121508,5598,1,Histórico Evolvy,pending,snoozed,2024-09-08 12:08:14
164566,121510,5598,1,Histórico Evolvy,pending,snoozed,2024-09-08 12:09:10
164568,121513,5598,1,Histórico Evolvy,pending,snoozed,2024-09-08 12:14:08
164573,121519,5598,1,Histórico Evolvy,pending,snoozed,2024-09-08 12:26:07
164577,121523,5598,1,Histórico Evolvy,pending,snoozed,2024-09-08 12:29:06
164578,121524,5598,1,Histórico Evolvy,pending,snoozed,2024-09-08 12:29:13
164580,121528,5598,1,Histórico Evolvy,pending,snoozed,2024-09-08 12:36:20
164581,121530,5598,1,Histórico Evolvy,pending,snoozed,2024-09-08 12:37:10
164582,121535,5598,1,Histórico Evolvy,pending,snoozed,2024-09-08 12:40:16
164586,121541,5598,1,Histórico Evolvy,pending,snoozed,2024-09-08 12:56:12
164587,121546,5598,1,Histórico Evolvy,pending,snoozed,2024-09-08 13:01:10
164588,121547,5598,1,Histórico Evolvy,pending,snoozed,2024-09-08 13:02:08
164589,121550,5598,1,Histórico Evolvy,pending,snoozed,2024-09-08 13:07:11
164590,121551,5598,1,Histórico Evolvy,pending,snoozed,2024-09-08 13:07:17
164592,121555,5598,1,Histórico Evolvy,pending,snoozed,2024-09-08 13:21:07
164593,121557,5598,1,Histórico Evolvy,pending,snoozed,2024-09-08 13:24:09
164594,121560,5598,1,Histórico Evolvy,pending,snoozed,2024-09-08 13:33:09
164595,121561,5598,1,Histórico Evolvy,pending,snoozed,2024-09-08 13:34:06
164596,121562,5598,1,Histórico Evolvy,pending,snoozed,2024-09-08 13:35:08
164599,121567,5598,1,Histórico Evolvy,pending,snoozed,2024-09-08 13:42:12
164602,121575,5598,1,Histórico Evolvy,pending,snoozed,2024-09-08 13:56:10
164605,121579,5598,1,Histórico Evolvy,pending,snoozed,2024-09-08 14:03:08
164607,121581,5598,1,Histórico Evolvy,pending,snoozed,2024-09-08 14:07:13
164612,121589,5598,1,Histórico Evolvy,pending,snoozed,2024-09-08 14:21:09
164613,121596,5598,1,Histórico Evolvy,pending,snoozed,2024-09-08 14:33:09
164615,121607,5598,1,Histórico Evolvy,pending,snoozed,2024-09-08 14:50:08
164617,121614,5598,1,Histórico Evolvy,pending,snoozed,2024-09-08 15:07:13
164619,121617,5598,1,Histórico Evolvy,pending,snoozed,2024-09-08 15:16:06
164620,121619,5598,1,Histórico Evolvy,pending,snoozed,2024-09-08 15:23:09
164621,121624,5598,1,Histórico Evolvy,pending,snoozed,2024-09-08 15:35:07
164622,121626,5598,1,Histórico Evolvy,pending,snoozed,2024-09-08 15:43:09
164623,121627,5598,1,Histórico Evolvy,pending,snoozed,2024-09-08 15:45:10
164626,121632,5598,1,Histórico Evolvy,pending,snoozed,2024-09-08 16:01:07
164628,121637,5598,1,Histórico Evolvy,pending,snoozed,2024-09-08 16:11:11
164629,121638,5598,1,Histórico Evolvy,pending,snoozed,2024-09-08 16:12:07
164633,121646,5598,1,Histórico Evolvy,pending,snoozed,2024-09-08 16:38:07
164636,121653,5598,1,Histórico Evolvy,pending,snoozed,2024-09-08 17:01:11
164644,121675,5598,1,Histórico Evolvy,pending,snoozed,2024-09-08 18:19:15
164645,121681,5598,1,Histórico Evolvy,pending,snoozed,2024-09-08 18:51:10
164647,121685,5598,1,Histórico Evolvy,pending,snoozed,2024-09-08 19:06:06
164649,121687,5598,1,Histórico Evolvy,pending,snoozed,2024-09-08 19:18:05
164650,121691,5598,1,Histórico Evolvy,pending,snoozed,2024-09-08 19:48:06
164654,121698,5598,1,Histórico Evolvy,pending,snoozed,2024-09-08 20:11:08
164655,121699,5598,1,Histórico Evolvy,pending,snoozed,2024-09-08 20:19:07
164656,121704,5598,1,Histórico Evolvy,pending,snoozed,2024-09-08 20:34:10
164657,121706,5598,1,Histórico Evolvy,pending,snoozed,2024-09-08 20:42:07
164664,121734,5598,1,Histórico Evolvy,pending,snoozed,2024-09-08 21:52:06
164665,121735,5598,1,Histórico Evolvy,pending,snoozed,2024-09-08 22:01:08
164667,121746,5598,1,Histórico Evolvy,pending,snoozed,2024-09-08 22:41:10
164672,121755,5598,1,Histórico Evolvy,pending,snoozed,2024-09-08 23:03:05
164678,121772,5598,1,Histórico Evolvy,pending,snoozed,2024-09-08 23:43:08
164679,121774,5598,1,Histórico Evolvy,pending,snoozed,2024-09-08 23:47:07
164683,121784,5598,1,Histórico Evolvy,pending,snoozed,2024-09-09 00:29:08
164684,121785,5598,1,Histórico Evolvy,pending,snoozed,2024-09-09 00:35:12
164687,121795,5598,1,Histórico Evolvy,pending,snoozed,2024-09-09 01:04:07
164691,121802,5598,1,Histórico Evolvy,pending,snoozed,2024-09-09 01:16:06
164692,121804,5598,1,Histórico Evolvy,pending,snoozed,2024-09-09 01:22:08
164695,121813,5598,1,Histórico Evolvy,pending,snoozed,2024-09-09 01:58:06
164698,121818,5598,1,Histórico Evolvy,pending,snoozed,2024-09-09 02:10:10
164700,121822,5598,1,Histórico Evolvy,pending,snoozed,2024-09-09 02:45:05
164701,121831,5598,1,Histórico Evolvy,pending,snoozed,2024-09-09 03:26:05
164702,121834,5598,1,Histórico Evolvy,pending,snoozed,2024-09-09 03:38:06
164703,121841,5598,1,Histórico Evolvy,pending,snoozed,2024-09-09 05:20:08
164707,121847,5598,1,Histórico Evolvy,pending,snoozed,2024-09-09 08:27:06
164709,121859,5598,1,Histórico Evolvy,pending,snoozed,2024-09-09 09:30:08
164710,121860,5598,1,Histórico Evolvy,pending,snoozed,2024-09-09 09:34:06
164711,121861,5598,1,Histórico Evolvy,pending,snoozed,2024-09-09 09:38:06
164712,121868,5598,1,Histórico Evolvy,pending,snoozed,2024-09-09 09:50:09
164713,121870,5598,1,Histórico Evolvy,pending,snoozed,2024-09-09 09:59:06
164714,121874,5598,1,Histórico Evolvy,pending,snoozed,2024-09-09 10:12:05
164715,121877,5598,1,Histórico Evolvy,pending,snoozed,2024-09-09 10:16:08
164716,121881,5598,1,Histórico Evolvy,pending,snoozed,2024-09-09 10:28:08
164718,121885,5598,1,Histórico Evolvy,pending,snoozed,2024-09-09 10:45:06
208849,121897,5599,1,Histórico Evolvy,pending,snoozed,2024-09-09 11:00:10
164721,121902,5598,1,Histórico Evolvy,pending,snoozed,2024-09-09 11:05:10
164723,121908,5598,1,Histórico Evolvy,pending,snoozed,2024-09-09 11:19:07
164724,121911,5598,1,Histórico Evolvy,pending,snoozed,2024-09-09 11:35:06
164725,121918,5598,1,Histórico Evolvy,pending,snoozed,2024-09-09 11:52:09
164729,121925,5598,1,Histórico Evolvy,pending,snoozed,2024-09-09 12:08:10
164730,121928,5598,1,Histórico Evolvy,pending,snoozed,2024-09-09 12:14:10
164732,121931,5598,1,Histórico Evolvy,pending,snoozed,2024-09-09 12:20:11
164735,121946,5598,1,Histórico Evolvy,pending,snoozed,2024-09-09 12:43:11
164736,121951,5598,1,Histórico Evolvy,pending,snoozed,2024-09-09 12:59:07
164737,121952,5598,1,Histórico Evolvy,pending,snoozed,2024-09-09 13:07:18
164742,121963,5598,1,Histórico Evolvy,pending,snoozed,2024-09-09 13:54:09
164743,121964,5598,1,Histórico Evolvy,pending,snoozed,2024-09-09 13:57:09
164746,121970,5598,1,Histórico Evolvy,pending,snoozed,2024-09-09 14:08:07
164751,121993,5598,1,Histórico Evolvy,pending,snoozed,2024-09-09 14:49:10
164753,122001,5598,1,Histórico Evolvy,pending,snoozed,2024-09-09 15:02:09
164755,122008,5598,1,Histórico Evolvy,pending,snoozed,2024-09-09 15:38:09
164759,122015,5598,1,Histórico Evolvy,pending,snoozed,2024-09-09 15:51:13
164761,122017,5598,1,Histórico Evolvy,pending,snoozed,2024-09-09 15:58:07
208854,122018,5599,1,Histórico Evolvy,pending,snoozed,2024-09-09 16:01:08
208856,122031,5599,1,Histórico Evolvy,pending,snoozed,2024-09-09 16:35:09
208885,122202,5599,1,Histórico Evolvy,pending,snoozed,2024-09-10 01:56:08
208890,122268,5599,1,Histórico Evolvy,pending,snoozed,2024-09-10 12:40:13
164778,122354,5598,1,Histórico Evolvy,pending,snoozed,2024-09-10 17:05:20
164780,122357,5598,1,Histórico Evolvy,pending,snoozed,2024-09-10 17:06:29
164782,122359,5598,1,Histórico Evolvy,pending,snoozed,2024-09-10 17:07:10
164783,122360,5598,1,Histórico Evolvy,pending,snoozed,2024-09-10 17:07:23
164786,122363,5598,1,Histórico Evolvy,pending,snoozed,2024-09-10 17:08:23
164787,122364,5598,1,Histórico Evolvy,pending,snoozed,2024-09-10 17:08:31
164789,122366,5598,1,Histórico Evolvy,pending,snoozed,2024-09-10 17:09:05
164790,122367,5598,1,Histórico Evolvy,pending,snoozed,2024-09-10 17:09:31
164791,122368,5598,1,Histórico Evolvy,pending,snoozed,2024-09-10 17:09:44
164792,122369,5598,1,Histórico Evolvy,pending,snoozed,2024-09-10 17:09:51
164793,122370,5598,1,Histórico Evolvy,pending,snoozed,2024-09-10 17:10:28
164796,122374,5598,1,Histórico Evolvy,pending,snoozed,2024-09-10 17:11:46
164799,122378,5598,1,Histórico Evolvy,pending,snoozed,2024-09-10 17:13:43
164801,122380,5598,1,Histórico Evolvy,pending,snoozed,2024-09-10 17:15:21
164802,122381,5598,1,Histórico Evolvy,pending,snoozed,2024-09-10 17:15:39
164803,122382,5598,1,Histórico Evolvy,pending,snoozed,2024-09-10 17:15:59
164805,122385,5598,1,Histórico Evolvy,pending,snoozed,2024-09-10 17:17:40
164808,122389,5598,1,Histórico Evolvy,pending,snoozed,2024-09-10 17:19:06
164810,122391,5598,1,Histórico Evolvy,pending,snoozed,2024-09-10 17:19:38
164811,122392,5598,1,Histórico Evolvy,pending,snoozed,2024-09-10 17:20:15
164815,122396,5598,1,Histórico Evolvy,pending,snoozed,2024-09-10 17:21:08
164817,122398,5598,1,Histórico Evolvy,pending,snoozed,2024-09-10 17:21:15
164818,122399,5598,1,Histórico Evolvy,pending,snoozed,2024-09-10 17:21:39
164820,122401,5598,1,Histórico Evolvy,pending,snoozed,2024-09-10 17:23:39
164822,122403,5598,1,Histórico Evolvy,pending,snoozed,2024-09-10 17:24:25
164823,122405,5598,1,Histórico Evolvy,pending,snoozed,2024-09-10 17:25:06
164825,122407,5598,1,Histórico Evolvy,pending,snoozed,2024-09-10 17:25:57
164826,122408,5598,1,Histórico Evolvy,pending,snoozed,2024-09-10 17:26:02
164828,122410,5598,1,Histórico Evolvy,pending,snoozed,2024-09-10 17:26:17
164829,122411,5598,1,Histórico Evolvy,pending,snoozed,2024-09-10 17:26:55
164831,122413,5598,1,Histórico Evolvy,pending,snoozed,2024-09-10 17:27:25
164835,122417,5598,1,Histórico Evolvy,pending,snoozed,2024-09-10 17:28:07
164836,122418,5598,1,Histórico Evolvy,pending,snoozed,2024-09-10 17:28:32
164837,122419,5598,1,Histórico Evolvy,pending,snoozed,2024-09-10 17:28:37
164838,122420,5598,1,Histórico Evolvy,pending,snoozed,2024-09-10 17:28:47
164840,122422,5598,1,Histórico Evolvy,pending,snoozed,2024-09-10 17:29:08
164841,122423,5598,1,Histórico Evolvy,pending,snoozed,2024-09-10 17:29:12
164844,122426,5598,1,Histórico Evolvy,pending,snoozed,2024-09-10 17:29:34
164845,122427,5598,1,Histórico Evolvy,pending,snoozed,2024-09-10 17:29:39
164847,122429,5598,1,Histórico Evolvy,pending,snoozed,2024-09-10 17:29:48
164849,122432,5598,1,Histórico Evolvy,pending,snoozed,2024-09-10 17:30:36
164851,122434,5598,1,Histórico Evolvy,pending,snoozed,2024-09-10 17:31:42
164854,122438,5598,1,Histórico Evolvy,pending,snoozed,2024-09-10 17:35:06
164855,122440,5598,1,Histórico Evolvy,pending,snoozed,2024-09-10 17:36:11
164856,122441,5598,1,Histórico Evolvy,pending,snoozed,2024-09-10 17:36:26
164859,122445,5598,1,Histórico Evolvy,pending,snoozed,2024-09-10 17:36:41
164861,122447,5598,1,Histórico Evolvy,pending,snoozed,2024-09-10 17:37:03
164862,122449,5598,1,Histórico Evolvy,pending,snoozed,2024-09-10 17:37:12
164864,122451,5598,1,Histórico Evolvy,pending,snoozed,2024-09-10 17:37:37
164866,122453,5598,1,Histórico Evolvy,pending,snoozed,2024-09-10 17:37:46
164867,122454,5598,1,Histórico Evolvy,pending,snoozed,2024-09-10 17:37:49
164868,122455,5598,1,Histórico Evolvy,pending,snoozed,2024-09-10 17:38:05
164871,122459,5598,1,Histórico Evolvy,pending,snoozed,2024-09-10 17:38:20
164872,122460,5598,1,Histórico Evolvy,pending,snoozed,2024-09-10 17:38:32
164874,122464,5598,1,Histórico Evolvy,pending,snoozed,2024-09-10 17:39:38
164875,122465,5598,1,Histórico Evolvy,pending,snoozed,2024-09-10 17:39:56
164877,122467,5598,1,Histórico Evolvy,pending,snoozed,2024-09-10 17:40:09
164878,122468,5598,1,Histórico Evolvy,pending,snoozed,2024-09-10 17:40:12
164880,122470,5598,1,Histórico Evolvy,pending,snoozed,2024-09-10 17:41:04
164881,122472,5598,1,Histórico Evolvy,pending,snoozed,2024-09-10 17:41:30
164883,122474,5598,1,Histórico Evolvy,pending,snoozed,2024-09-10 17:41:47
164886,122477,5598,1,Histórico Evolvy,pending,snoozed,2024-09-10 17:43:53
164888,122479,5598,1,Histórico Evolvy,pending,snoozed,2024-09-10 17:44:17
164891,122482,5598,1,Histórico Evolvy,pending,snoozed,2024-09-10 17:44:42
164892,122484,5598,1,Histórico Evolvy,pending,snoozed,2024-09-10 17:45:48
164894,122487,5598,1,Histórico Evolvy,pending,snoozed,2024-09-10 17:47:04
164895,122488,5598,1,Histórico Evolvy,pending,snoozed,2024-09-10 17:47:09
164901,122494,5598,1,Histórico Evolvy,pending,snoozed,2024-09-10 17:48:17
164902,122495,5598,1,Histórico Evolvy,pending,snoozed,2024-09-10 17:48:34
164903,122496,5598,1,Histórico Evolvy,pending,snoozed,2024-09-10 17:48:39
164908,122502,5598,1,Histórico Evolvy,pending,snoozed,2024-09-10 17:53:44
164909,122503,5598,1,Histórico Evolvy,pending,snoozed,2024-09-10 17:53:47
164911,122505,5598,1,Histórico Evolvy,pending,snoozed,2024-09-10 17:53:53
164912,122506,5598,1,Histórico Evolvy,pending,snoozed,2024-09-10 17:54:42
164914,122508,5598,1,Histórico Evolvy,pending,snoozed,2024-09-10 17:54:57
164917,122511,5598,1,Histórico Evolvy,pending,snoozed,2024-09-10 17:55:16
164918,122512,5598,1,Histórico Evolvy,pending,snoozed,2024-09-10 17:55:53
164920,122514,5598,1,Histórico Evolvy,pending,snoozed,2024-09-10 17:56:27
164921,122515,5598,1,Histórico Evolvy,pending,snoozed,2024-09-10 17:56:32
164926,122521,5598,1,Histórico Evolvy,pending,snoozed,2024-09-10 17:59:37
164928,122523,5598,1,Histórico Evolvy,pending,snoozed,2024-09-10 18:00:56
164929,122524,5598,1,Histórico Evolvy,pending,snoozed,2024-09-10 18:01:17
164932,122527,5598,1,Histórico Evolvy,pending,snoozed,2024-09-10 18:02:07
164935,122530,5598,1,Histórico Evolvy,pending,snoozed,2024-09-10 18:03:43
164939,122534,5598,1,Histórico Evolvy,pending,snoozed,2024-09-10 18:05:20
164941,122536,5598,1,Histórico Evolvy,pending,snoozed,2024-09-10 18:06:25
164944,122540,5598,1,Histórico Evolvy,pending,snoozed,2024-09-10 18:07:56
164945,122541,5598,1,Histórico Evolvy,pending,snoozed,2024-09-10 18:08:08
164946,122542,5598,1,Histórico Evolvy,pending,snoozed,2024-09-10 18:08:16
164947,122543,5598,1,Histórico Evolvy,pending,snoozed,2024-09-10 18:11:24
164948,122544,5598,1,Histórico Evolvy,pending,snoozed,2024-09-10 18:12:46
164949,122545,5598,1,Histórico Evolvy,pending,snoozed,2024-09-10 18:13:43
164950,122548,5598,1,Histórico Evolvy,pending,snoozed,2024-09-10 18:16:06
164951,122549,5598,1,Histórico Evolvy,pending,snoozed,2024-09-10 18:16:45
164956,122556,5598,1,Histórico Evolvy,pending,snoozed,2024-09-10 18:26:14
208902,122561,5599,1,Histórico Evolvy,pending,snoozed,2024-09-10 18:35:12
164959,122570,5598,1,Histórico Evolvy,pending,snoozed,2024-09-10 19:12:11
164960,122574,5598,1,Histórico Evolvy,pending,snoozed,2024-09-10 19:23:05
164961,122576,5598,1,Histórico Evolvy,pending,snoozed,2024-09-10 19:26:10
164964,122617,5598,1,Histórico Evolvy,pending,snoozed,2024-09-10 20:38:07
164967,122632,5598,1,Histórico Evolvy,pending,snoozed,2024-09-10 21:15:07
164968,122633,5598,1,Histórico Evolvy,pending,snoozed,2024-09-10 21:17:09
164969,122634,5598,1,Histórico Evolvy,pending,snoozed,2024-09-10 21:21:09
164970,122639,5598,1,Histórico Evolvy,pending,snoozed,2024-09-10 21:30:08
208904,122642,5599,1,Histórico Evolvy,pending,snoozed,2024-09-10 21:34:06
208905,122648,5599,1,Histórico Evolvy,pending,snoozed,2024-09-10 21:43:06
165978,122654,5598,1,Histórico Evolvy,pending,snoozed,2024-09-10 22:13:07
165982,122659,5598,1,Histórico Evolvy,pending,snoozed,2024-09-10 22:23:13
165983,122664,5598,1,Histórico Evolvy,pending,snoozed,2024-09-10 22:40:17
165984,122666,5598,1,Histórico Evolvy,pending,snoozed,2024-09-10 22:51:09
165985,122668,5598,1,Histórico Evolvy,pending,snoozed,2024-09-10 23:05:07
165987,122673,5598,1,Histórico Evolvy,pending,snoozed,2024-09-10 23:21:15
165988,122676,5598,1,Histórico Evolvy,pending,snoozed,2024-09-10 23:28:08
165989,122680,5598,1,Histórico Evolvy,pending,snoozed,2024-09-10 23:35:09
165992,122688,5598,1,Histórico Evolvy,pending,snoozed,2024-09-11 00:07:06
165993,122689,5598,1,Histórico Evolvy,pending,snoozed,2024-09-11 00:07:09
165995,122693,5598,1,Histórico Evolvy,pending,snoozed,2024-09-11 00:13:10
165996,122695,5598,1,Histórico Evolvy,pending,snoozed,2024-09-11 00:16:07
165997,122696,5598,1,Histórico Evolvy,pending,snoozed,2024-09-11 00:26:09
166001,122706,5598,1,Histórico Evolvy,pending,snoozed,2024-09-11 00:48:06
166002,122713,5598,1,Histórico Evolvy,pending,snoozed,2024-09-11 00:58:05
166004,122721,5598,1,Histórico Evolvy,pending,snoozed,2024-09-11 01:05:09
166005,122722,5598,1,Histórico Evolvy,pending,snoozed,2024-09-11 01:05:16
166006,122723,5598,1,Histórico Evolvy,pending,snoozed,2024-09-11 01:06:11
166008,122728,5598,1,Histórico Evolvy,pending,snoozed,2024-09-11 01:20:13
166009,122729,5598,1,Histórico Evolvy,pending,snoozed,2024-09-11 01:22:10
166010,122733,5598,1,Histórico Evolvy,pending,snoozed,2024-09-11 01:30:06
166013,122744,5598,1,Histórico Evolvy,pending,snoozed,2024-09-11 01:59:06
166014,122746,5598,1,Histórico Evolvy,pending,snoozed,2024-09-11 02:01:06
166017,122759,5598,1,Histórico Evolvy,pending,snoozed,2024-09-11 02:14:14
166022,122772,5598,1,Histórico Evolvy,pending,snoozed,2024-09-11 03:15:07
166027,122778,5598,1,Histórico Evolvy,pending,snoozed,2024-09-11 03:27:05
166030,122782,5598,1,Histórico Evolvy,pending,snoozed,2024-09-11 03:34:06
166032,122790,5598,1,Histórico Evolvy,pending,snoozed,2024-09-11 04:51:07
166033,122795,5598,1,Histórico Evolvy,pending,snoozed,2024-09-11 06:25:06
166037,122807,5598,1,Histórico Evolvy,pending,snoozed,2024-09-11 08:44:06
166038,122808,5598,1,Histórico Evolvy,pending,snoozed,2024-09-11 08:47:05
166039,122812,5598,1,Histórico Evolvy,pending,snoozed,2024-09-11 09:22:07
166040,122813,5598,1,Histórico Evolvy,pending,snoozed,2024-09-11 09:24:06
166041,122814,5598,1,Histórico Evolvy,pending,snoozed,2024-09-11 09:29:07
166042,122819,5598,1,Histórico Evolvy,pending,snoozed,2024-09-11 09:58:08
166045,122823,5598,1,Histórico Evolvy,pending,snoozed,2024-09-11 10:25:08
166046,122824,5598,1,Histórico Evolvy,pending,snoozed,2024-09-11 10:25:14
166049,122831,5598,1,Histórico Evolvy,pending,snoozed,2024-09-11 10:37:08
166050,122835,5598,1,Histórico Evolvy,pending,snoozed,2024-09-11 10:45:09
166058,122849,5598,1,Histórico Evolvy,pending,snoozed,2024-09-11 11:15:07
166060,122852,5598,1,Histórico Evolvy,pending,snoozed,2024-09-11 11:18:08
166063,122855,5598,1,Histórico Evolvy,pending,snoozed,2024-09-11 11:24:10
166077,122891,5598,1,Histórico Evolvy,pending,snoozed,2024-09-11 12:50:11
166078,122897,5598,1,Histórico Evolvy,pending,snoozed,2024-09-11 13:01:07
166079,122898,5598,1,Histórico Evolvy,pending,snoozed,2024-09-11 13:04:07
166084,122904,5598,1,Histórico Evolvy,pending,snoozed,2024-09-11 13:16:16
166088,122915,5598,1,Histórico Evolvy,pending,snoozed,2024-09-11 13:46:14
166089,122917,5598,1,Histórico Evolvy,pending,snoozed,2024-09-11 13:53:07
166091,122923,5598,1,Histórico Evolvy,pending,snoozed,2024-09-11 14:10:27
166092,122924,5598,1,Histórico Evolvy,pending,snoozed,2024-09-11 14:12:12
166094,122930,5598,1,Histórico Evolvy,pending,snoozed,2024-09-11 14:25:32
166099,122939,5598,1,Histórico Evolvy,pending,snoozed,2024-09-11 14:37:07
166103,122954,5598,1,Histórico Evolvy,pending,snoozed,2024-09-11 15:03:08
166104,122963,5598,1,Histórico Evolvy,pending,snoozed,2024-09-11 15:21:07
166105,122964,5598,1,Histórico Evolvy,pending,snoozed,2024-09-11 15:23:08
166108,122971,5598,1,Histórico Evolvy,pending,snoozed,2024-09-11 15:40:07
166110,122973,5598,1,Histórico Evolvy,pending,snoozed,2024-09-11 15:45:09
166113,122983,5598,1,Histórico Evolvy,pending,snoozed,2024-09-11 16:09:11
166114,122985,5598,1,Histórico Evolvy,pending,snoozed,2024-09-11 16:12:10
166115,122990,5598,1,Histórico Evolvy,pending,snoozed,2024-09-11 16:15:11
166118,123000,5598,1,Histórico Evolvy,pending,snoozed,2024-09-11 16:29:07
166120,123012,5598,1,Histórico Evolvy,pending,snoozed,2024-09-11 16:49:11
166121,123022,5598,1,Histórico Evolvy,pending,snoozed,2024-09-11 16:54:06
166125,123031,5598,1,Histórico Evolvy,pending,snoozed,2024-09-11 17:05:06
166128,123038,5598,1,Histórico Evolvy,pending,snoozed,2024-09-11 17:15:09
208921,123043,5599,1,Histórico Evolvy,pending,snoozed,2024-09-11 17:32:09
166132,123051,5598,1,Histórico Evolvy,pending,snoozed,2024-09-11 17:48:10
166136,123071,5598,1,Histórico Evolvy,pending,snoozed,2024-09-11 18:44:07
166143,123104,5598,1,Histórico Evolvy,pending,snoozed,2024-09-11 19:55:05
166145,123108,5598,1,Histórico Evolvy,pending,snoozed,2024-09-11 20:05:11
166146,123116,5598,1,Histórico Evolvy,pending,snoozed,2024-09-11 20:24:08
166150,123126,5598,1,Histórico Evolvy,pending,snoozed,2024-09-11 21:08:07
166151,123127,5598,1,Histórico Evolvy,pending,snoozed,2024-09-11 21:11:10
166153,123129,5598,1,Histórico Evolvy,pending,snoozed,2024-09-11 21:17:08
166154,123131,5598,1,Histórico Evolvy,pending,snoozed,2024-09-11 21:20:24
166156,123134,5598,1,Histórico Evolvy,pending,snoozed,2024-09-11 21:29:22
166157,123136,5598,1,Histórico Evolvy,pending,snoozed,2024-09-11 21:30:11
166159,123143,5598,1,Histórico Evolvy,pending,snoozed,2024-09-11 21:47:06
166167,123166,5598,1,Histórico Evolvy,pending,snoozed,2024-09-11 22:35:07
166170,123170,5598,1,Histórico Evolvy,pending,snoozed,2024-09-11 22:43:16
166171,123171,5598,1,Histórico Evolvy,pending,snoozed,2024-09-11 22:44:07
166172,123175,5598,1,Histórico Evolvy,pending,snoozed,2024-09-11 22:47:14
166173,123179,5598,1,Histórico Evolvy,pending,snoozed,2024-09-11 22:59:08
166174,123180,5598,1,Histórico Evolvy,pending,snoozed,2024-09-11 23:00:13
166180,123190,5598,1,Histórico Evolvy,pending,snoozed,2024-09-11 23:21:08
166184,123200,5598,1,Histórico Evolvy,pending,snoozed,2024-09-11 23:40:05
166190,123210,5598,1,Histórico Evolvy,pending,snoozed,2024-09-12 00:08:11
166191,123211,5598,1,Histórico Evolvy,pending,snoozed,2024-09-12 00:10:06
166192,123215,5598,1,Histórico Evolvy,pending,snoozed,2024-09-12 00:15:09
166194,123223,5598,1,Histórico Evolvy,pending,snoozed,2024-09-12 00:52:08
166201,123236,5598,1,Histórico Evolvy,pending,snoozed,2024-09-12 01:17:08
166202,123238,5598,1,Histórico Evolvy,pending,snoozed,2024-09-12 01:20:08
166203,123240,5598,1,Histórico Evolvy,pending,snoozed,2024-09-12 01:23:08
166204,123241,5598,1,Histórico Evolvy,pending,snoozed,2024-09-12 01:23:14
166205,123242,5598,1,Histórico Evolvy,pending,snoozed,2024-09-12 01:23:21
166206,123243,5598,1,Histórico Evolvy,pending,snoozed,2024-09-12 01:24:05
166207,123244,5598,1,Histórico Evolvy,pending,snoozed,2024-09-12 01:26:08
166209,123251,5598,1,Histórico Evolvy,pending,snoozed,2024-09-12 01:51:08
166210,123252,5598,1,Histórico Evolvy,pending,snoozed,2024-09-12 01:51:14
166215,123263,5598,1,Histórico Evolvy,pending,snoozed,2024-09-12 02:46:06
208941,123266,5599,1,Histórico Evolvy,pending,snoozed,2024-09-12 02:50:08
166217,123267,5598,1,Histórico Evolvy,pending,snoozed,2024-09-12 02:50:09
166218,123270,5598,1,Histórico Evolvy,pending,snoozed,2024-09-12 02:54:05
166219,123272,5598,1,Histórico Evolvy,pending,snoozed,2024-09-12 02:57:05
166220,123276,5598,1,Histórico Evolvy,pending,snoozed,2024-09-12 03:08:07
166221,123283,5598,1,Histórico Evolvy,pending,snoozed,2024-09-12 03:47:08
166222,123285,5598,1,Histórico Evolvy,pending,snoozed,2024-09-12 03:51:08
166227,123302,5598,1,Histórico Evolvy,pending,snoozed,2024-09-12 07:37:05
166228,123304,5598,1,Histórico Evolvy,pending,snoozed,2024-09-12 08:34:06
166230,123310,5598,1,Histórico Evolvy,pending,snoozed,2024-09-12 09:14:06
166231,123313,5598,1,Histórico Evolvy,pending,snoozed,2024-09-12 09:28:06
166232,123316,5598,1,Histórico Evolvy,pending,snoozed,2024-09-12 09:35:10
166234,123319,5598,1,Histórico Evolvy,pending,snoozed,2024-09-12 09:40:05
166236,123325,5598,1,Histórico Evolvy,pending,snoozed,2024-09-12 09:57:07
166237,123330,5598,1,Histórico Evolvy,pending,snoozed,2024-09-12 10:19:10
166244,123348,5598,1,Histórico Evolvy,pending,snoozed,2024-09-12 10:50:09
166245,123350,5598,1,Histórico Evolvy,pending,snoozed,2024-09-12 10:52:07
166246,123355,5598,1,Histórico Evolvy,pending,snoozed,2024-09-12 11:05:12
166247,123359,5598,1,Histórico Evolvy,pending,snoozed,2024-09-12 11:19:10
166249,123362,5598,1,Histórico Evolvy,pending,snoozed,2024-09-12 11:24:14
166250,123363,5598,1,Histórico Evolvy,pending,snoozed,2024-09-12 11:25:05
166252,123365,5598,1,Histórico Evolvy,pending,snoozed,2024-09-12 11:28:07
166255,123368,5598,1,Histórico Evolvy,pending,snoozed,2024-09-12 11:36:11
166256,123369,5598,1,Histórico Evolvy,pending,snoozed,2024-09-12 11:37:13
166257,123370,5598,1,Histórico Evolvy,pending,snoozed,2024-09-12 11:38:10
166261,123377,5598,1,Histórico Evolvy,pending,snoozed,2024-09-12 11:52:15
166262,123380,5598,1,Histórico Evolvy,pending,snoozed,2024-09-12 12:04:11
166263,123383,5598,1,Histórico Evolvy,pending,snoozed,2024-09-12 12:17:04
166265,123385,5598,1,Histórico Evolvy,pending,snoozed,2024-09-12 12:18:14
166266,123394,5598,1,Histórico Evolvy,pending,snoozed,2024-09-12 12:34:07
166272,123420,5598,1,Histórico Evolvy,pending,snoozed,2024-09-12 12:56:17
166275,123432,5598,1,Histórico Evolvy,pending,snoozed,2024-09-12 13:12:15
166276,123433,5598,1,Histórico Evolvy,pending,snoozed,2024-09-12 13:12:23
166277,123435,5598,1,Histórico Evolvy,pending,snoozed,2024-09-12 13:17:09
166278,123439,5598,1,Histórico Evolvy,pending,snoozed,2024-09-12 13:28:09
166279,123442,5598,1,Histórico Evolvy,pending,snoozed,2024-09-12 13:38:05
166281,123444,5598,1,Histórico Evolvy,pending,snoozed,2024-09-12 13:47:08
166282,123446,5598,1,Histórico Evolvy,pending,snoozed,2024-09-12 13:50:09
166283,123449,5598,1,Histórico Evolvy,pending,snoozed,2024-09-12 13:53:10
166285,123452,5598,1,Histórico Evolvy,pending,snoozed,2024-09-12 14:03:09
166286,123453,5598,1,Histórico Evolvy,pending,snoozed,2024-09-12 14:08:12
166289,123464,5598,1,Histórico Evolvy,pending,snoozed,2024-09-12 14:26:04
166292,123476,5598,1,Histórico Evolvy,pending,snoozed,2024-09-12 14:39:08
166293,123477,5598,1,Histórico Evolvy,pending,snoozed,2024-09-12 14:40:07
166297,123486,5598,1,Histórico Evolvy,pending,snoozed,2024-09-12 15:00:13
166298,123487,5598,1,Histórico Evolvy,pending,snoozed,2024-09-12 15:05:09
166304,123502,5598,1,Histórico Evolvy,pending,snoozed,2024-09-12 15:52:07
166307,123520,5598,1,Histórico Evolvy,pending,snoozed,2024-09-12 16:23:12
166308,123524,5598,1,Histórico Evolvy,pending,snoozed,2024-09-12 16:28:06
166312,123561,5598,1,Histórico Evolvy,pending,snoozed,2024-09-12 17:31:09
166314,123566,5598,1,Histórico Evolvy,pending,snoozed,2024-09-12 17:41:08
208959,123570,5599,1,Histórico Evolvy,pending,snoozed,2024-09-12 17:47:08
166318,123602,5598,1,Histórico Evolvy,pending,snoozed,2024-09-12 18:33:07
166319,123609,5598,1,Histórico Evolvy,pending,snoozed,2024-09-12 18:53:06
166320,123611,5598,1,Histórico Evolvy,pending,snoozed,2024-09-12 18:55:06
166321,123614,5598,1,Histórico Evolvy,pending,snoozed,2024-09-12 19:07:08
166322,123615,5598,1,Histórico Evolvy,pending,snoozed,2024-09-12 19:12:15
166323,123616,5598,1,Histórico Evolvy,pending,snoozed,2024-09-12 19:14:08
166324,123617,5598,1,Histórico Evolvy,pending,snoozed,2024-09-12 19:16:12
166325,123619,5598,1,Histórico Evolvy,pending,snoozed,2024-09-12 19:22:07
166326,123623,5598,1,Histórico Evolvy,pending,snoozed,2024-09-12 19:31:18
166327,123624,5598,1,Histórico Evolvy,pending,snoozed,2024-09-12 19:33:11
208965,123626,5599,1,Histórico Evolvy,pending,snoozed,2024-09-12 19:36:06
166330,123636,5598,1,Histórico Evolvy,pending,snoozed,2024-09-12 19:44:06
166332,123645,5598,1,Histórico Evolvy,pending,snoozed,2024-09-12 20:05:09
166333,123646,5598,1,Histórico Evolvy,pending,snoozed,2024-09-12 20:07:08
166336,123656,5598,1,Histórico Evolvy,pending,snoozed,2024-09-12 20:33:05
166339,123662,5598,1,Histórico Evolvy,pending,snoozed,2024-09-12 20:54:05
166343,123667,5598,1,Histórico Evolvy,pending,snoozed,2024-09-12 21:08:10
166346,123673,5598,1,Histórico Evolvy,pending,snoozed,2024-09-12 21:31:10
166347,123675,5598,1,Histórico Evolvy,pending,snoozed,2024-09-12 21:34:06
166349,123680,5598,1,Histórico Evolvy,pending,snoozed,2024-09-12 21:40:08
166350,123683,5598,1,Histórico Evolvy,pending,snoozed,2024-09-12 21:45:10
166351,123687,5598,1,Histórico Evolvy,pending,snoozed,2024-09-12 21:58:08
166353,123692,5598,1,Histórico Evolvy,pending,snoozed,2024-09-12 22:10:05
166354,123697,5598,1,Histórico Evolvy,pending,snoozed,2024-09-12 22:17:10
166355,123698,5598,1,Histórico Evolvy,pending,snoozed,2024-09-12 22:17:17
166356,123699,5598,1,Histórico Evolvy,pending,snoozed,2024-09-12 22:20:11
166359,123704,5598,1,Histórico Evolvy,pending,snoozed,2024-09-12 23:09:08
166362,123710,5598,1,Histórico Evolvy,pending,snoozed,2024-09-12 23:28:08
166363,123716,5598,1,Histórico Evolvy,pending,snoozed,2024-09-12 23:43:07
166365,123720,5598,1,Histórico Evolvy,pending,snoozed,2024-09-12 23:54:09
166366,123726,5598,1,Histórico Evolvy,pending,snoozed,2024-09-13 00:07:08
166372,123748,5598,1,Histórico Evolvy,pending,snoozed,2024-09-13 01:18:07
166373,123750,5598,1,Histórico Evolvy,pending,snoozed,2024-09-13 01:20:10
166377,123755,5598,1,Histórico Evolvy,pending,snoozed,2024-09-13 01:32:06
166379,123757,5598,1,Histórico Evolvy,pending,snoozed,2024-09-13 01:36:05
166381,123759,5598,1,Histórico Evolvy,pending,snoozed,2024-09-13 01:43:05
166382,123760,5598,1,Histórico Evolvy,pending,snoozed,2024-09-13 01:45:09
166383,123763,5598,1,Histórico Evolvy,pending,snoozed,2024-09-13 01:49:07
166384,123764,5598,1,Histórico Evolvy,pending,snoozed,2024-09-13 01:50:07
166387,123772,5598,1,Histórico Evolvy,pending,snoozed,2024-09-13 02:09:07
166388,123777,5598,1,Histórico Evolvy,pending,snoozed,2024-09-13 02:16:05
166389,123778,5598,1,Histórico Evolvy,pending,snoozed,2024-09-13 02:18:09
166391,123789,5598,1,Histórico Evolvy,pending,snoozed,2024-09-13 02:47:06
166394,123793,5598,1,Histórico Evolvy,pending,snoozed,2024-09-13 02:55:12
166395,123794,5598,1,Histórico Evolvy,pending,snoozed,2024-09-13 03:15:08
166397,123797,5598,1,Histórico Evolvy,pending,snoozed,2024-09-13 03:26:09
166399,123805,5598,1,Histórico Evolvy,pending,snoozed,2024-09-13 04:05:06
166400,123807,5598,1,Histórico Evolvy,pending,snoozed,2024-09-13 04:45:07
166402,123815,5598,1,Histórico Evolvy,pending,snoozed,2024-09-13 05:53:07
166403,123817,5598,1,Histórico Evolvy,pending,snoozed,2024-09-13 06:55:11
166405,123821,5598,1,Histórico Evolvy,pending,snoozed,2024-09-13 08:11:07
166406,123823,5598,1,Histórico Evolvy,pending,snoozed,2024-09-13 08:34:08
166407,123829,5598,1,Histórico Evolvy,pending,snoozed,2024-09-13 08:58:07
166408,123830,5598,1,Histórico Evolvy,pending,snoozed,2024-09-13 08:59:06
166409,123831,5598,1,Histórico Evolvy,pending,snoozed,2024-09-13 09:02:05
166410,123832,5598,1,Histórico Evolvy,pending,snoozed,2024-09-13 09:08:10
166411,123835,5598,1,Histórico Evolvy,pending,snoozed,2024-09-13 09:18:06
166413,123840,5598,1,Histórico Evolvy,pending,snoozed,2024-09-13 09:42:07
166414,123842,5598,1,Histórico Evolvy,pending,snoozed,2024-09-13 09:44:09
166415,123846,5598,1,Histórico Evolvy,pending,snoozed,2024-09-13 09:54:06
166416,123850,5598,1,Histórico Evolvy,pending,snoozed,2024-09-13 10:35:08
166418,123853,5598,1,Histórico Evolvy,pending,snoozed,2024-09-13 10:37:18
208980,123860,5599,1,Histórico Evolvy,pending,snoozed,2024-09-13 11:08:06
166423,123865,5598,1,Histórico Evolvy,pending,snoozed,2024-09-13 11:27:06
166429,123874,5598,1,Histórico Evolvy,pending,snoozed,2024-09-13 11:47:09
166431,123877,5598,1,Histórico Evolvy,pending,snoozed,2024-09-13 11:55:07
166433,123882,5598,1,Histórico Evolvy,pending,snoozed,2024-09-13 12:13:10
166434,123887,5598,1,Histórico Evolvy,pending,snoozed,2024-09-13 12:29:16
166435,123891,5598,1,Histórico Evolvy,pending,snoozed,2024-09-13 12:38:05
166437,123896,5598,1,Histórico Evolvy,pending,snoozed,2024-09-13 12:49:07
166438,123906,5598,1,Histórico Evolvy,pending,snoozed,2024-09-13 12:57:08
166439,123907,5598,1,Histórico Evolvy,pending,snoozed,2024-09-13 12:58:05
166440,123908,5598,1,Histórico Evolvy,pending,snoozed,2024-09-13 12:59:12
166442,123917,5598,1,Histórico Evolvy,pending,snoozed,2024-09-13 13:12:05
166443,123918,5598,1,Histórico Evolvy,pending,snoozed,2024-09-13 13:13:14
166446,123923,5598,1,Histórico Evolvy,pending,snoozed,2024-09-13 13:26:09
166447,123924,5598,1,Histórico Evolvy,pending,snoozed,2024-09-13 13:26:19
166449,123930,5598,1,Histórico Evolvy,pending,snoozed,2024-09-13 13:45:09
166450,123931,5598,1,Histórico Evolvy,pending,snoozed,2024-09-13 13:46:11
166451,123932,5598,1,Histórico Evolvy,pending,snoozed,2024-09-13 13:47:09
166452,123937,5598,1,Histórico Evolvy,pending,snoozed,2024-09-13 14:03:09
166453,123938,5598,1,Histórico Evolvy,pending,snoozed,2024-09-13 14:05:10
166456,123946,5598,1,Histórico Evolvy,pending,snoozed,2024-09-13 14:30:09
166458,123977,5598,1,Histórico Evolvy,pending,snoozed,2024-09-13 15:45:11
166459,123980,5598,1,Histórico Evolvy,pending,snoozed,2024-09-13 15:49:21
166462,123992,5598,1,Histórico Evolvy,pending,snoozed,2024-09-13 16:27:07
166466,124002,5598,1,Histórico Evolvy,pending,snoozed,2024-09-13 16:47:07
166468,124004,5598,1,Histórico Evolvy,pending,snoozed,2024-09-13 16:49:18
166469,124005,5598,1,Histórico Evolvy,pending,snoozed,2024-09-13 16:53:06
166472,124029,5598,1,Histórico Evolvy,pending,snoozed,2024-09-13 17:58:11
166473,124031,5598,1,Histórico Evolvy,pending,snoozed,2024-09-13 17:59:12
166474,124032,5598,1,Histórico Evolvy,pending,snoozed,2024-09-13 18:00:08
167977,124045,5598,1,Histórico Evolvy,pending,snoozed,2024-09-13 18:41:10
167978,124046,5598,1,Histórico Evolvy,pending,snoozed,2024-09-13 18:43:09
167980,124052,5598,1,Histórico Evolvy,pending,snoozed,2024-09-13 18:52:07
167981,124054,5598,1,Histórico Evolvy,pending,snoozed,2024-09-13 19:00:10
167982,124057,5598,1,Histórico Evolvy,pending,snoozed,2024-09-13 19:09:08
167983,124060,5598,1,Histórico Evolvy,pending,snoozed,2024-09-13 19:16:08
167985,124064,5598,1,Histórico Evolvy,pending,snoozed,2024-09-13 19:26:09
167987,124069,5598,1,Histórico Evolvy,pending,snoozed,2024-09-13 19:32:06
167988,124073,5598,1,Histórico Evolvy,pending,snoozed,2024-09-13 19:37:11
167989,124078,5598,1,Histórico Evolvy,pending,snoozed,2024-09-13 19:54:05
167992,124084,5598,1,Histórico Evolvy,pending,snoozed,2024-09-13 20:17:05
167994,124091,5598,1,Histórico Evolvy,pending,snoozed,2024-09-13 20:43:09
167998,124102,5598,1,Histórico Evolvy,pending,snoozed,2024-09-13 21:07:06
168004,124155,5598,1,Histórico Evolvy,pending,snoozed,2024-09-13 22:16:06
168005,124156,5598,1,Histórico Evolvy,pending,snoozed,2024-09-13 22:19:06
168008,124165,5598,1,Histórico Evolvy,pending,snoozed,2024-09-13 22:46:09
168014,124179,5598,1,Histórico Evolvy,pending,snoozed,2024-09-13 23:44:08
209002,124195,5599,1,Histórico Evolvy,pending,snoozed,2024-09-14 00:15:08
168019,124201,5598,1,Histórico Evolvy,pending,snoozed,2024-09-14 00:26:09
168024,124217,5598,1,Histórico Evolvy,pending,snoozed,2024-09-14 01:28:09
168025,124221,5598,1,Histórico Evolvy,pending,snoozed,2024-09-14 01:45:09
168026,124223,5598,1,Histórico Evolvy,pending,snoozed,2024-09-14 01:49:07
168029,124228,5598,1,Histórico Evolvy,pending,snoozed,2024-09-14 02:01:07
168031,124230,5598,1,Histórico Evolvy,pending,snoozed,2024-09-14 02:02:13
168033,124242,5598,1,Histórico Evolvy,pending,snoozed,2024-09-14 02:55:05
168034,124244,5598,1,Histórico Evolvy,pending,snoozed,2024-09-14 03:06:07
168037,124257,5598,1,Histórico Evolvy,pending,snoozed,2024-09-14 04:57:06
168040,124275,5598,1,Histórico Evolvy,pending,snoozed,2024-09-14 09:37:11
168043,124282,5598,1,Histórico Evolvy,pending,snoozed,2024-09-14 09:47:12
168044,124283,5598,1,Histórico Evolvy,pending,snoozed,2024-09-14 09:50:08
168047,124286,5598,1,Histórico Evolvy,pending,snoozed,2024-09-14 09:59:09
168048,124287,5598,1,Histórico Evolvy,pending,snoozed,2024-09-14 10:02:05
168049,124290,5598,1,Histórico Evolvy,pending,snoozed,2024-09-14 10:17:07
168050,124291,5598,1,Histórico Evolvy,pending,snoozed,2024-09-14 10:18:09
168056,124302,5598,1,Histórico Evolvy,pending,snoozed,2024-09-14 11:07:08
168062,124310,5598,1,Histórico Evolvy,pending,snoozed,2024-09-14 11:38:08
168065,124314,5598,1,Histórico Evolvy,pending,snoozed,2024-09-14 11:43:07
168066,124316,5598,1,Histórico Evolvy,pending,snoozed,2024-09-14 11:44:08
168069,124319,5598,1,Histórico Evolvy,pending,snoozed,2024-09-14 11:47:16
168071,124324,5598,1,Histórico Evolvy,pending,snoozed,2024-09-14 12:01:09
168075,124328,5598,1,Histórico Evolvy,pending,snoozed,2024-09-14 12:11:08
168079,124337,5598,1,Histórico Evolvy,pending,snoozed,2024-09-14 12:30:07
168080,124341,5598,1,Histórico Evolvy,pending,snoozed,2024-09-14 12:35:08
168081,124343,5598,1,Histórico Evolvy,pending,snoozed,2024-09-14 12:37:07
168084,124348,5598,1,Histórico Evolvy,pending,snoozed,2024-09-14 12:46:07
168085,124352,5598,1,Histórico Evolvy,pending,snoozed,2024-09-14 12:52:09
168086,124353,5598,1,Histórico Evolvy,pending,snoozed,2024-09-14 12:52:15
168088,124356,5598,1,Histórico Evolvy,pending,snoozed,2024-09-14 12:55:09
168089,124359,5598,1,Histórico Evolvy,pending,snoozed,2024-09-14 13:01:12
168091,124361,5598,1,Histórico Evolvy,pending,snoozed,2024-09-14 13:02:18
209005,124381,5599,1,Histórico Evolvy,pending,snoozed,2024-09-14 13:32:05
168095,124383,5598,1,Histórico Evolvy,pending,snoozed,2024-09-14 13:34:10
168097,124387,5598,1,Histórico Evolvy,pending,snoozed,2024-09-14 13:42:09
168100,124394,5598,1,Histórico Evolvy,pending,snoozed,2024-09-14 14:02:13
168101,124396,5598,1,Histórico Evolvy,pending,snoozed,2024-09-14 14:05:09
168102,124398,5598,1,Histórico Evolvy,pending,snoozed,2024-09-14 14:07:08
168104,124401,5598,1,Histórico Evolvy,pending,snoozed,2024-09-14 14:12:10
168111,124426,5598,1,Histórico Evolvy,pending,snoozed,2024-09-14 14:46:10
168112,124428,5598,1,Histórico Evolvy,pending,snoozed,2024-09-14 14:48:08
168114,124433,5598,1,Histórico Evolvy,pending,snoozed,2024-09-14 15:18:07
168115,124440,5598,1,Histórico Evolvy,pending,snoozed,2024-09-14 15:40:11
168116,124447,5598,1,Histórico Evolvy,pending,snoozed,2024-09-14 15:52:08
168117,124452,5598,1,Histórico Evolvy,pending,snoozed,2024-09-14 16:02:07
168118,124455,5598,1,Histórico Evolvy,pending,snoozed,2024-09-14 16:24:09
168120,124464,5598,1,Histórico Evolvy,pending,snoozed,2024-09-14 16:49:07
168121,124465,5598,1,Histórico Evolvy,pending,snoozed,2024-09-14 16:49:11
168126,124481,5598,1,Histórico Evolvy,pending,snoozed,2024-09-14 17:33:06
168128,124484,5598,1,Histórico Evolvy,pending,snoozed,2024-09-14 17:39:22
168130,124491,5598,1,Histórico Evolvy,pending,snoozed,2024-09-14 18:03:08
168131,124492,5598,1,Histórico Evolvy,pending,snoozed,2024-09-14 18:03:12
168134,124497,5598,1,Histórico Evolvy,pending,snoozed,2024-09-14 18:15:13
168135,124501,5598,1,Histórico Evolvy,pending,snoozed,2024-09-14 18:31:08
168137,124503,5598,1,Histórico Evolvy,pending,snoozed,2024-09-14 18:53:08
168144,124517,5598,1,Histórico Evolvy,pending,snoozed,2024-09-14 19:47:09
168145,124519,5598,1,Histórico Evolvy,pending,snoozed,2024-09-14 19:52:09
168146,124520,5598,1,Histórico Evolvy,pending,snoozed,2024-09-14 19:53:06
168147,124522,5598,1,Histórico Evolvy,pending,snoozed,2024-09-14 19:56:07
168149,124530,5598,1,Histórico Evolvy,pending,snoozed,2024-09-14 20:18:10
168151,124536,5598,1,Histórico Evolvy,pending,snoozed,2024-09-14 20:46:09
168156,124543,5598,1,Histórico Evolvy,pending,snoozed,2024-09-14 21:11:08
168158,124548,5598,1,Histórico Evolvy,pending,snoozed,2024-09-14 21:24:08
168166,124564,5598,1,Histórico Evolvy,pending,snoozed,2024-09-14 22:26:07
168168,124570,5598,1,Histórico Evolvy,pending,snoozed,2024-09-14 22:59:08
168170,124577,5598,1,Histórico Evolvy,pending,snoozed,2024-09-14 23:38:07
168176,124585,5598,1,Histórico Evolvy,pending,snoozed,2024-09-15 00:08:09
168177,124586,5598,1,Histórico Evolvy,pending,snoozed,2024-09-15 00:09:06
168184,124599,5598,1,Histórico Evolvy,pending,snoozed,2024-09-15 00:54:05
168187,124612,5598,1,Histórico Evolvy,pending,snoozed,2024-09-15 01:35:08
168188,124613,5598,1,Histórico Evolvy,pending,snoozed,2024-09-15 01:42:08
168189,124614,5598,1,Histórico Evolvy,pending,snoozed,2024-09-15 01:49:09
168190,124616,5598,1,Histórico Evolvy,pending,snoozed,2024-09-15 01:56:08
168193,124623,5598,1,Histórico Evolvy,pending,snoozed,2024-09-15 02:29:08
168202,124655,5598,1,Histórico Evolvy,pending,snoozed,2024-09-15 07:04:06
168203,124656,5598,1,Histórico Evolvy,pending,snoozed,2024-09-15 07:08:07
168204,124657,5598,1,Histórico Evolvy,pending,snoozed,2024-09-15 07:09:07
168205,124658,5598,1,Histórico Evolvy,pending,snoozed,2024-09-15 07:31:07
168210,124667,5598,1,Histórico Evolvy,pending,snoozed,2024-09-15 08:57:06
168213,124676,5598,1,Histórico Evolvy,pending,snoozed,2024-09-15 09:46:36
168216,124680,5598,1,Histórico Evolvy,pending,snoozed,2024-09-15 09:53:07
168218,124682,5598,1,Histórico Evolvy,pending,snoozed,2024-09-15 09:55:16
168220,124684,5598,1,Histórico Evolvy,pending,snoozed,2024-09-15 09:58:08
168221,124685,5598,1,Histórico Evolvy,pending,snoozed,2024-09-15 09:59:08
168222,124686,5598,1,Histórico Evolvy,pending,snoozed,2024-09-15 09:59:14
168227,124696,5598,1,Histórico Evolvy,pending,snoozed,2024-09-15 10:39:07
168228,124698,5598,1,Histórico Evolvy,pending,snoozed,2024-09-15 10:45:10
168230,124702,5598,1,Histórico Evolvy,pending,snoozed,2024-09-15 10:56:08
168239,124713,5598,1,Histórico Evolvy,pending,snoozed,2024-09-15 11:37:11
168242,124717,5598,1,Histórico Evolvy,pending,snoozed,2024-09-15 11:43:09
168246,124721,5598,1,Histórico Evolvy,pending,snoozed,2024-09-15 11:55:11
168248,124724,5598,1,Histórico Evolvy,pending,snoozed,2024-09-15 11:56:17
168251,124728,5598,1,Histórico Evolvy,pending,snoozed,2024-09-15 12:06:11
168252,124729,5598,1,Histórico Evolvy,pending,snoozed,2024-09-15 12:07:05
168254,124732,5598,1,Histórico Evolvy,pending,snoozed,2024-09-15 12:14:10
168255,124735,5598,1,Histórico Evolvy,pending,snoozed,2024-09-15 12:16:05
168257,124738,5598,1,Histórico Evolvy,pending,snoozed,2024-09-15 12:21:11
168258,124739,5598,1,Histórico Evolvy,pending,snoozed,2024-09-15 12:23:11
168259,124740,5598,1,Histórico Evolvy,pending,snoozed,2024-09-15 12:32:09
168266,124748,5598,1,Histórico Evolvy,pending,snoozed,2024-09-15 12:47:13
168269,124756,5598,1,Histórico Evolvy,pending,snoozed,2024-09-15 13:05:10
168270,124759,5598,1,Histórico Evolvy,pending,snoozed,2024-09-15 13:12:10
168272,124762,5598,1,Histórico Evolvy,pending,snoozed,2024-09-15 13:16:11
168275,124768,5598,1,Histórico Evolvy,pending,snoozed,2024-09-15 13:27:11
168277,124770,5598,1,Histórico Evolvy,pending,snoozed,2024-09-15 13:37:07
168278,124771,5598,1,Histórico Evolvy,pending,snoozed,2024-09-15 13:41:07
168280,124774,5598,1,Histórico Evolvy,pending,snoozed,2024-09-15 13:45:10
168281,124780,5598,1,Histórico Evolvy,pending,snoozed,2024-09-15 13:48:07
168282,124783,5598,1,Histórico Evolvy,pending,snoozed,2024-09-15 13:50:15
168285,124786,5598,1,Histórico Evolvy,pending,snoozed,2024-09-15 13:50:33
168287,124792,5598,1,Histórico Evolvy,pending,snoozed,2024-09-15 13:59:09
168289,124794,5598,1,Histórico Evolvy,pending,snoozed,2024-09-15 14:05:11
168290,124797,5598,1,Histórico Evolvy,pending,snoozed,2024-09-15 14:07:11
168291,124802,5598,1,Histórico Evolvy,pending,snoozed,2024-09-15 14:18:09
168296,124810,5598,1,Histórico Evolvy,pending,snoozed,2024-09-15 14:33:12
168297,124811,5598,1,Histórico Evolvy,pending,snoozed,2024-09-15 14:35:06
168299,124814,5598,1,Histórico Evolvy,pending,snoozed,2024-09-15 14:40:20
168301,124816,5598,1,Histórico Evolvy,pending,snoozed,2024-09-15 14:49:13
168307,124833,5598,1,Histórico Evolvy,pending,snoozed,2024-09-15 15:21:09
168308,124836,5598,1,Histórico Evolvy,pending,snoozed,2024-09-15 15:29:07
168311,124843,5598,1,Histórico Evolvy,pending,snoozed,2024-09-15 15:44:05
168312,124845,5598,1,Histórico Evolvy,pending,snoozed,2024-09-15 15:56:06
168318,124867,5598,1,Histórico Evolvy,pending,snoozed,2024-09-15 16:46:06
168324,124890,5598,1,Histórico Evolvy,pending,snoozed,2024-09-15 17:36:05
168326,124896,5598,1,Histórico Evolvy,pending,snoozed,2024-09-15 18:03:09
168327,124898,5598,1,Histórico Evolvy,pending,snoozed,2024-09-15 18:09:09
168329,124901,5598,1,Histórico Evolvy,pending,snoozed,2024-09-15 18:28:09
168333,124911,5598,1,Histórico Evolvy,pending,snoozed,2024-09-15 19:04:07
168335,124913,5598,1,Histórico Evolvy,pending,snoozed,2024-09-15 19:13:08
168337,124917,5598,1,Histórico Evolvy,pending,snoozed,2024-09-15 19:26:06
168338,124920,5598,1,Histórico Evolvy,pending,snoozed,2024-09-15 19:33:09
168341,124931,5598,1,Histórico Evolvy,pending,snoozed,2024-09-15 20:15:07
168342,124935,5598,1,Histórico Evolvy,pending,snoozed,2024-09-15 20:28:07
168343,124937,5598,1,Histórico Evolvy,pending,snoozed,2024-09-15 20:34:09
168344,124941,5598,1,Histórico Evolvy,pending,snoozed,2024-09-15 20:39:18
168346,124949,5598,1,Histórico Evolvy,pending,snoozed,2024-09-15 20:56:07
168347,124951,5598,1,Histórico Evolvy,pending,snoozed,2024-09-15 20:59:06
168349,124957,5598,1,Histórico Evolvy,pending,snoozed,2024-09-15 21:25:06
168353,125100,5598,1,Histórico Evolvy,pending,snoozed,2024-09-16 11:18:06
168356,125114,5598,1,Histórico Evolvy,pending,snoozed,2024-09-16 12:04:08
168357,125115,5598,1,Histórico Evolvy,pending,snoozed,2024-09-16 12:07:06
168359,125128,5598,1,Histórico Evolvy,pending,snoozed,2024-09-16 12:34:08
168360,125129,5598,1,Histórico Evolvy,pending,snoozed,2024-09-16 12:34:15
168362,125133,5598,1,Histórico Evolvy,pending,snoozed,2024-09-16 12:42:08
168363,125134,5598,1,Histórico Evolvy,pending,snoozed,2024-09-16 12:45:06
168365,125136,5598,1,Histórico Evolvy,pending,snoozed,2024-09-16 12:46:16
168366,125137,5598,1,Histórico Evolvy,pending,snoozed,2024-09-16 12:48:12
168367,125140,5598,1,Histórico Evolvy,pending,snoozed,2024-09-16 12:59:12
168371,125149,5598,1,Histórico Evolvy,pending,snoozed,2024-09-16 13:14:06
168376,125167,5598,1,Histórico Evolvy,pending,snoozed,2024-09-16 13:40:09
168377,125180,5598,1,Histórico Evolvy,pending,snoozed,2024-09-16 14:02:12
168394,125246,5598,1,Histórico Evolvy,pending,snoozed,2024-09-16 16:13:11
168395,125251,5598,1,Histórico Evolvy,pending,snoozed,2024-09-16 16:22:08
168399,125267,5598,1,Histórico Evolvy,pending,snoozed,2024-09-16 17:14:13
168400,125268,5598,1,Histórico Evolvy,pending,snoozed,2024-09-16 17:15:08
168407,125283,5598,1,Histórico Evolvy,pending,snoozed,2024-09-16 17:49:06
168408,125292,5598,1,Histórico Evolvy,pending,snoozed,2024-09-16 18:05:11
168414,125306,5598,1,Histórico Evolvy,pending,snoozed,2024-09-16 18:34:07
168420,125317,5598,1,Histórico Evolvy,pending,snoozed,2024-09-16 18:56:10
168422,125320,5598,1,Histórico Evolvy,pending,snoozed,2024-09-16 19:06:06
168423,125329,5598,1,Histórico Evolvy,pending,snoozed,2024-09-16 19:17:08
168430,125341,5598,1,Histórico Evolvy,pending,snoozed,2024-09-16 19:46:11
168432,125346,5598,1,Histórico Evolvy,pending,snoozed,2024-09-16 19:59:07
168434,125356,5598,1,Histórico Evolvy,pending,snoozed,2024-09-16 20:26:06
168435,125357,5598,1,Histórico Evolvy,pending,snoozed,2024-09-16 20:26:14
168439,125364,5598,1,Histórico Evolvy,pending,snoozed,2024-09-16 20:56:11
168442,125369,5598,1,Histórico Evolvy,pending,snoozed,2024-09-16 21:03:19
168444,125373,5598,1,Histórico Evolvy,pending,snoozed,2024-09-16 21:10:08
168445,125375,5598,1,Histórico Evolvy,pending,snoozed,2024-09-16 21:14:07
168447,125388,5598,1,Histórico Evolvy,pending,snoozed,2024-09-16 21:46:07
168448,125389,5598,1,Histórico Evolvy,pending,snoozed,2024-09-16 21:52:05
168452,125409,5598,1,Histórico Evolvy,pending,snoozed,2024-09-16 22:34:06
168453,125416,5598,1,Histórico Evolvy,pending,snoozed,2024-09-16 22:43:07
168454,125420,5598,1,Histórico Evolvy,pending,snoozed,2024-09-16 22:52:08
168457,125427,5598,1,Histórico Evolvy,pending,snoozed,2024-09-16 23:21:09
168459,125431,5598,1,Histórico Evolvy,pending,snoozed,2024-09-16 23:42:05
168460,125433,5598,1,Histórico Evolvy,pending,snoozed,2024-09-16 23:50:09
168461,125434,5598,1,Histórico Evolvy,pending,snoozed,2024-09-16 23:51:06
168464,125442,5598,1,Histórico Evolvy,pending,snoozed,2024-09-17 00:24:06
168469,125461,5598,1,Histórico Evolvy,pending,snoozed,2024-09-17 01:00:07
168471,125467,5598,1,Histórico Evolvy,pending,snoozed,2024-09-17 01:33:10
168472,125469,5598,1,Histórico Evolvy,pending,snoozed,2024-09-17 01:36:07
168473,125470,5598,1,Histórico Evolvy,pending,snoozed,2024-09-17 01:59:09
169477,125477,5598,1,Histórico Evolvy,pending,snoozed,2024-09-17 02:22:08
169478,125485,5598,1,Histórico Evolvy,pending,snoozed,2024-09-17 02:47:08
169479,125488,5598,1,Histórico Evolvy,pending,snoozed,2024-09-17 02:56:09
169484,125517,5598,1,Histórico Evolvy,pending,snoozed,2024-09-17 06:53:06
169490,125537,5598,1,Histórico Evolvy,pending,snoozed,2024-09-17 09:18:09
169491,125538,5598,1,Histórico Evolvy,pending,snoozed,2024-09-17 09:19:08
169492,125540,5598,1,Histórico Evolvy,pending,snoozed,2024-09-17 09:37:11
169493,125541,5598,1,Histórico Evolvy,pending,snoozed,2024-09-17 09:38:06
169495,125548,5598,1,Histórico Evolvy,pending,snoozed,2024-09-17 09:59:11
169498,125559,5598,1,Histórico Evolvy,pending,snoozed,2024-09-17 10:34:07
169502,125567,5598,1,Histórico Evolvy,pending,snoozed,2024-09-17 11:04:09
169505,125571,5598,1,Histórico Evolvy,pending,snoozed,2024-09-17 11:14:07
169513,125585,5598,1,Histórico Evolvy,pending,snoozed,2024-09-17 11:47:17
169514,125587,5598,1,Histórico Evolvy,pending,snoozed,2024-09-17 11:56:06
169517,125594,5598,1,Histórico Evolvy,pending,snoozed,2024-09-17 12:16:12
169518,125595,5598,1,Histórico Evolvy,pending,snoozed,2024-09-17 12:21:09
169519,125596,5598,1,Histórico Evolvy,pending,snoozed,2024-09-17 12:25:08
169522,125603,5598,1,Histórico Evolvy,pending,snoozed,2024-09-17 12:37:06
169526,125612,5598,1,Histórico Evolvy,pending,snoozed,2024-09-17 12:49:09
169529,125617,5598,1,Histórico Evolvy,pending,snoozed,2024-09-17 12:53:10
169530,125621,5598,1,Histórico Evolvy,pending,snoozed,2024-09-17 13:02:09
169533,125629,5598,1,Histórico Evolvy,pending,snoozed,2024-09-17 13:13:09
169535,125635,5598,1,Histórico Evolvy,pending,snoozed,2024-09-17 13:32:05
169536,125639,5598,1,Histórico Evolvy,pending,snoozed,2024-09-17 13:41:07
169537,125641,5598,1,Histórico Evolvy,pending,snoozed,2024-09-17 13:47:07
169538,125643,5598,1,Histórico Evolvy,pending,snoozed,2024-09-17 13:48:10
169541,125656,5598,1,Histórico Evolvy,pending,snoozed,2024-09-17 14:21:09
169543,125659,5598,1,Histórico Evolvy,pending,snoozed,2024-09-17 14:34:07
169544,125666,5598,1,Histórico Evolvy,pending,snoozed,2024-09-17 14:47:06
169547,125680,5598,1,Histórico Evolvy,pending,snoozed,2024-09-17 15:27:09
169551,125686,5598,1,Histórico Evolvy,pending,snoozed,2024-09-17 15:45:09
169552,125689,5598,1,Histórico Evolvy,pending,snoozed,2024-09-17 15:52:08
169553,125694,5598,1,Histórico Evolvy,pending,snoozed,2024-09-17 16:01:08
169554,125697,5598,1,Histórico Evolvy,pending,snoozed,2024-09-17 16:07:12
169555,125701,5598,1,Histórico Evolvy,pending,snoozed,2024-09-17 16:20:08
169560,125729,5598,1,Histórico Evolvy,pending,snoozed,2024-09-17 17:09:10
169562,125732,5598,1,Histórico Evolvy,pending,snoozed,2024-09-17 17:17:08
169564,125735,5598,1,Histórico Evolvy,pending,snoozed,2024-09-17 17:26:11
169566,125740,5598,1,Histórico Evolvy,pending,snoozed,2024-09-17 17:44:07
169567,125744,5598,1,Histórico Evolvy,pending,snoozed,2024-09-17 17:52:08
169568,125747,5598,1,Histórico Evolvy,pending,snoozed,2024-09-17 18:01:06
169569,125748,5598,1,Histórico Evolvy,pending,snoozed,2024-09-17 18:01:13
169578,125778,5598,1,Histórico Evolvy,pending,snoozed,2024-09-17 19:02:08
169587,125801,5598,1,Histórico Evolvy,pending,snoozed,2024-09-17 19:51:08
169589,125805,5598,1,Histórico Evolvy,pending,snoozed,2024-09-17 20:07:07
169592,125818,5598,1,Histórico Evolvy,pending,snoozed,2024-09-17 20:49:05
169596,125824,5598,1,Histórico Evolvy,pending,snoozed,2024-09-17 21:01:09
169597,125833,5598,1,Histórico Evolvy,pending,snoozed,2024-09-17 21:23:07
169602,125850,5598,1,Histórico Evolvy,pending,snoozed,2024-09-17 21:57:08
169603,125852,5598,1,Histórico Evolvy,pending,snoozed,2024-09-17 22:03:07
169605,125855,5598,1,Histórico Evolvy,pending,snoozed,2024-09-17 22:17:05
169606,125858,5598,1,Histórico Evolvy,pending,snoozed,2024-09-17 22:22:08
169608,125873,5598,1,Histórico Evolvy,pending,snoozed,2024-09-17 22:48:08
169610,125878,5598,1,Histórico Evolvy,pending,snoozed,2024-09-17 22:58:06
169612,125881,5598,1,Histórico Evolvy,pending,snoozed,2024-09-17 23:04:09
169613,125882,5598,1,Histórico Evolvy,pending,snoozed,2024-09-17 23:07:06
169615,125887,5598,1,Histórico Evolvy,pending,snoozed,2024-09-17 23:15:06
169617,125894,5598,1,Histórico Evolvy,pending,snoozed,2024-09-17 23:34:09
169621,125902,5598,1,Histórico Evolvy,pending,snoozed,2024-09-17 23:53:08
169623,125909,5598,1,Histórico Evolvy,pending,snoozed,2024-09-18 00:07:12
169627,125913,5598,1,Histórico Evolvy,pending,snoozed,2024-09-18 00:11:06
169629,125917,5598,1,Histórico Evolvy,pending,snoozed,2024-09-18 00:15:08
169631,125919,5598,1,Histórico Evolvy,pending,snoozed,2024-09-18 00:20:06
169637,125938,5598,1,Histórico Evolvy,pending,snoozed,2024-09-18 01:10:08
169640,125946,5598,1,Histórico Evolvy,pending,snoozed,2024-09-18 01:45:08
169641,125947,5598,1,Histórico Evolvy,pending,snoozed,2024-09-18 01:54:09
169642,125951,5598,1,Histórico Evolvy,pending,snoozed,2024-09-18 02:05:06
169644,125955,5598,1,Histórico Evolvy,pending,snoozed,2024-09-18 02:19:08
169645,125956,5598,1,Histórico Evolvy,pending,snoozed,2024-09-18 02:20:05
169651,125981,5598,1,Histórico Evolvy,pending,snoozed,2024-09-18 05:18:07
169654,125986,5598,1,Histórico Evolvy,pending,snoozed,2024-09-18 06:26:06
169657,125992,5598,1,Histórico Evolvy,pending,snoozed,2024-09-18 08:25:06
169659,125997,5598,1,Histórico Evolvy,pending,snoozed,2024-09-18 09:08:09
169662,126006,5598,1,Histórico Evolvy,pending,snoozed,2024-09-18 09:45:09
169664,126014,5598,1,Histórico Evolvy,pending,snoozed,2024-09-18 09:57:07
169666,126019,5598,1,Histórico Evolvy,pending,snoozed,2024-09-18 10:10:08
169667,126021,5598,1,Histórico Evolvy,pending,snoozed,2024-09-18 10:17:06
169668,126022,5598,1,Histórico Evolvy,pending,snoozed,2024-09-18 10:19:10
169670,126026,5598,1,Histórico Evolvy,pending,snoozed,2024-09-18 10:26:08
169671,126030,5598,1,Histórico Evolvy,pending,snoozed,2024-09-18 10:48:07
169672,126034,5598,1,Histórico Evolvy,pending,snoozed,2024-09-18 10:56:09
169673,126036,5598,1,Histórico Evolvy,pending,snoozed,2024-09-18 11:01:05
169675,126043,5598,1,Histórico Evolvy,pending,snoozed,2024-09-18 11:11:05
169676,126044,5598,1,Histórico Evolvy,pending,snoozed,2024-09-18 11:18:07
169677,126045,5598,1,Histórico Evolvy,pending,snoozed,2024-09-18 11:19:09
169678,126046,5598,1,Histórico Evolvy,pending,snoozed,2024-09-18 11:19:16
169681,126051,5598,1,Histórico Evolvy,pending,snoozed,2024-09-18 11:25:12
169682,126053,5598,1,Histórico Evolvy,pending,snoozed,2024-09-18 11:31:05
169683,126056,5598,1,Histórico Evolvy,pending,snoozed,2024-09-18 11:33:06
169684,126058,5598,1,Histórico Evolvy,pending,snoozed,2024-09-18 11:36:11
169688,126066,5598,1,Histórico Evolvy,pending,snoozed,2024-09-18 12:04:10
169690,126070,5598,1,Histórico Evolvy,pending,snoozed,2024-09-18 12:08:06
169694,126078,5598,1,Histórico Evolvy,pending,snoozed,2024-09-18 12:24:08
169707,126107,5598,1,Histórico Evolvy,pending,snoozed,2024-09-18 13:43:06
169713,126121,5598,1,Histórico Evolvy,pending,snoozed,2024-09-18 14:32:07
169718,126138,5598,1,Histórico Evolvy,pending,snoozed,2024-09-18 15:37:09
169719,126141,5598,1,Histórico Evolvy,pending,snoozed,2024-09-18 15:47:09
169720,126142,5598,1,Histórico Evolvy,pending,snoozed,2024-09-18 15:50:11
169721,126144,5598,1,Histórico Evolvy,pending,snoozed,2024-09-18 15:54:08
169725,126158,5598,1,Histórico Evolvy,pending,snoozed,2024-09-18 16:17:10
169729,126167,5598,1,Histórico Evolvy,pending,snoozed,2024-09-18 16:49:12
169731,126169,5598,1,Histórico Evolvy,pending,snoozed,2024-09-18 16:51:14
169733,126182,5598,1,Histórico Evolvy,pending,snoozed,2024-09-18 17:02:24
169734,126188,5598,1,Histórico Evolvy,pending,snoozed,2024-09-18 17:09:10
169737,126195,5598,1,Histórico Evolvy,pending,snoozed,2024-09-18 17:21:07
169747,126222,5598,1,Histórico Evolvy,pending,snoozed,2024-09-18 18:36:09
169750,126241,5598,1,Histórico Evolvy,pending,snoozed,2024-09-18 19:19:07
169756,126259,5598,1,Histórico Evolvy,pending,snoozed,2024-09-18 19:58:08
169757,126275,5598,1,Histórico Evolvy,pending,snoozed,2024-09-18 20:29:07
169758,126276,5598,1,Histórico Evolvy,pending,snoozed,2024-09-18 20:30:08
169761,126291,5598,1,Histórico Evolvy,pending,snoozed,2024-09-18 21:32:06
169763,126294,5598,1,Histórico Evolvy,pending,snoozed,2024-09-18 21:43:06
169764,126295,5598,1,Histórico Evolvy,pending,snoozed,2024-09-18 21:46:08
169770,126310,5598,1,Histórico Evolvy,pending,snoozed,2024-09-18 22:31:07
169771,126311,5598,1,Histórico Evolvy,pending,snoozed,2024-09-18 22:32:06
169773,126320,5598,1,Histórico Evolvy,pending,snoozed,2024-09-18 22:54:06
169774,126321,5598,1,Histórico Evolvy,pending,snoozed,2024-09-18 22:55:09
169775,126326,5598,1,Histórico Evolvy,pending,snoozed,2024-09-18 23:15:10
169779,126336,5598,1,Histórico Evolvy,pending,snoozed,2024-09-18 23:37:10
169780,126337,5598,1,Histórico Evolvy,pending,snoozed,2024-09-18 23:42:08
169781,126339,5598,1,Histórico Evolvy,pending,snoozed,2024-09-18 23:44:11
169785,126359,5598,1,Histórico Evolvy,pending,snoozed,2024-09-19 00:35:06
169786,126361,5598,1,Histórico Evolvy,pending,snoozed,2024-09-19 00:38:06
169790,126369,5598,1,Histórico Evolvy,pending,snoozed,2024-09-19 00:56:09
169791,126370,5598,1,Histórico Evolvy,pending,snoozed,2024-09-19 00:59:10
169792,126380,5598,1,Histórico Evolvy,pending,snoozed,2024-09-19 01:26:07
169793,126381,5598,1,Histórico Evolvy,pending,snoozed,2024-09-19 01:27:05
169795,126384,5598,1,Histórico Evolvy,pending,snoozed,2024-09-19 01:38:08
169799,126397,5598,1,Histórico Evolvy,pending,snoozed,2024-09-19 02:30:07
169800,126398,5598,1,Histórico Evolvy,pending,snoozed,2024-09-19 02:35:07
169801,126399,5598,1,Histórico Evolvy,pending,snoozed,2024-09-19 02:42:07
169803,126409,5598,1,Histórico Evolvy,pending,snoozed,2024-09-19 03:25:08
169809,126431,5598,1,Histórico Evolvy,pending,snoozed,2024-09-19 06:22:06
169814,126440,5598,1,Histórico Evolvy,pending,snoozed,2024-09-19 07:42:08
169816,126449,5598,1,Histórico Evolvy,pending,snoozed,2024-09-19 09:21:07
209079,126458,5599,1,Histórico Evolvy,pending,snoozed,2024-09-19 09:51:08
169820,126471,5598,1,Histórico Evolvy,pending,snoozed,2024-09-19 10:46:07
169821,126472,5598,1,Histórico Evolvy,pending,snoozed,2024-09-19 10:49:07
169822,126473,5598,1,Histórico Evolvy,pending,snoozed,2024-09-19 10:50:09
169823,126474,5598,1,Histórico Evolvy,pending,snoozed,2024-09-19 10:51:07
169829,126491,5598,1,Histórico Evolvy,pending,snoozed,2024-09-19 12:00:08
169835,126504,5598,1,Histórico Evolvy,pending,snoozed,2024-09-19 12:31:05
169836,126507,5598,1,Histórico Evolvy,pending,snoozed,2024-09-19 12:32:14
169843,126529,5598,1,Histórico Evolvy,pending,snoozed,2024-09-19 13:04:08
169844,126530,5598,1,Histórico Evolvy,pending,snoozed,2024-09-19 13:09:07
169847,126536,5598,1,Histórico Evolvy,pending,snoozed,2024-09-19 13:19:08
169849,126547,5598,1,Histórico Evolvy,pending,snoozed,2024-09-19 13:46:09
169851,126554,5598,1,Histórico Evolvy,pending,snoozed,2024-09-19 14:05:15
169854,126558,5598,1,Histórico Evolvy,pending,snoozed,2024-09-19 14:21:11
209083,126568,5599,1,Histórico Evolvy,pending,snoozed,2024-09-19 14:40:07
169860,126583,5598,1,Histórico Evolvy,pending,snoozed,2024-09-19 15:17:08
169863,126594,5598,1,Histórico Evolvy,pending,snoozed,2024-09-19 15:38:07
169867,126602,5598,1,Histórico Evolvy,pending,snoozed,2024-09-19 15:50:09
169872,126617,5598,1,Histórico Evolvy,pending,snoozed,2024-09-19 16:27:08
169874,126619,5598,1,Histórico Evolvy,pending,snoozed,2024-09-19 16:29:17
169875,126620,5598,1,Histórico Evolvy,pending,snoozed,2024-09-19 16:32:08
169876,126622,5598,1,Histórico Evolvy,pending,snoozed,2024-09-19 16:40:09
169880,126634,5598,1,Histórico Evolvy,pending,snoozed,2024-09-19 16:55:05
169881,126635,5598,1,Histórico Evolvy,pending,snoozed,2024-09-19 16:58:08
169883,126640,5598,1,Histórico Evolvy,pending,snoozed,2024-09-19 17:06:05
169884,126641,5598,1,Histórico Evolvy,pending,snoozed,2024-09-19 17:06:08
169885,126644,5598,1,Histórico Evolvy,pending,snoozed,2024-09-19 17:15:07
169886,126646,5598,1,Histórico Evolvy,pending,snoozed,2024-09-19 17:19:09
169890,126667,5598,1,Histórico Evolvy,pending,snoozed,2024-09-19 17:57:06
169891,126668,5598,1,Histórico Evolvy,pending,snoozed,2024-09-19 17:57:09
169893,126678,5598,1,Histórico Evolvy,pending,snoozed,2024-09-19 18:24:12
169895,126692,5598,1,Histórico Evolvy,pending,snoozed,2024-09-19 18:51:07
169897,126712,5598,1,Histórico Evolvy,pending,snoozed,2024-09-19 19:42:05
169899,126719,5598,1,Histórico Evolvy,pending,snoozed,2024-09-19 20:00:07
169900,126723,5598,1,Histórico Evolvy,pending,snoozed,2024-09-19 20:09:08
169901,126724,5598,1,Histórico Evolvy,pending,snoozed,2024-09-19 20:12:09
169903,126727,5598,1,Histórico Evolvy,pending,snoozed,2024-09-19 20:18:08
169904,126728,5598,1,Histórico Evolvy,pending,snoozed,2024-09-19 20:22:05
169907,126733,5598,1,Histórico Evolvy,pending,snoozed,2024-09-19 20:39:16
169911,126739,5598,1,Histórico Evolvy,pending,snoozed,2024-09-19 20:59:09
169913,126746,5598,1,Histórico Evolvy,pending,snoozed,2024-09-19 21:13:07
169915,126754,5598,1,Histórico Evolvy,pending,snoozed,2024-09-19 21:47:06
169916,126755,5598,1,Histórico Evolvy,pending,snoozed,2024-09-19 21:47:10
169917,126756,5598,1,Histórico Evolvy,pending,snoozed,2024-09-19 21:49:06
169919,126759,5598,1,Histórico Evolvy,pending,snoozed,2024-09-19 22:06:08
169920,126764,5598,1,Histórico Evolvy,pending,snoozed,2024-09-19 22:22:06
169923,126777,5598,1,Histórico Evolvy,pending,snoozed,2024-09-19 22:49:08
169924,126781,5598,1,Histórico Evolvy,pending,snoozed,2024-09-19 22:52:09
169927,126791,5598,1,Histórico Evolvy,pending,snoozed,2024-09-19 23:24:11
169929,126795,5598,1,Histórico Evolvy,pending,snoozed,2024-09-19 23:40:14
169931,126799,5598,1,Histórico Evolvy,pending,snoozed,2024-09-20 00:00:12
169937,126815,5598,1,Histórico Evolvy,pending,snoozed,2024-09-20 01:01:05
169938,126816,5598,1,Histórico Evolvy,pending,snoozed,2024-09-20 01:07:05
169939,126822,5598,1,Histórico Evolvy,pending,snoozed,2024-09-20 01:40:06
169944,126853,5598,1,Histórico Evolvy,pending,snoozed,2024-09-20 04:03:07
169945,126857,5598,1,Histórico Evolvy,pending,snoozed,2024-09-20 04:49:07
169946,126864,5598,1,Histórico Evolvy,pending,snoozed,2024-09-20 06:20:07
169947,126865,5598,1,Histórico Evolvy,pending,snoozed,2024-09-20 07:25:07
169955,126884,5598,1,Histórico Evolvy,pending,snoozed,2024-09-20 09:49:07
169957,126889,5598,1,Histórico Evolvy,pending,snoozed,2024-09-20 10:25:09
169958,126892,5598,1,Histórico Evolvy,pending,snoozed,2024-09-20 10:32:06
169959,126894,5598,1,Histórico Evolvy,pending,snoozed,2024-09-20 10:34:07
169961,126896,5598,1,Histórico Evolvy,pending,snoozed,2024-09-20 10:44:08
169962,126897,5598,1,Histórico Evolvy,pending,snoozed,2024-09-20 10:49:11
169966,126905,5598,1,Histórico Evolvy,pending,snoozed,2024-09-20 11:08:08
169967,126907,5598,1,Histórico Evolvy,pending,snoozed,2024-09-20 11:09:07
169968,126913,5598,1,Histórico Evolvy,pending,snoozed,2024-09-20 11:12:11
169971,126917,5598,1,Histórico Evolvy,pending,snoozed,2024-09-20 11:25:11
169972,126921,5598,1,Histórico Evolvy,pending,snoozed,2024-09-20 11:37:11
171476,126931,5598,1,Histórico Evolvy,pending,snoozed,2024-09-20 11:59:07
171477,126932,5598,1,Histórico Evolvy,pending,snoozed,2024-09-20 12:03:06
171481,126940,5598,1,Histórico Evolvy,pending,snoozed,2024-09-20 12:31:44
171483,126942,5598,1,Histórico Evolvy,pending,snoozed,2024-09-20 12:35:10
171484,126943,5598,1,Histórico Evolvy,pending,snoozed,2024-09-20 12:40:11
171487,126953,5598,1,Histórico Evolvy,pending,snoozed,2024-09-20 13:23:06
171488,126954,5598,1,Histórico Evolvy,pending,snoozed,2024-09-20 13:30:07
171490,126957,5598,1,Histórico Evolvy,pending,snoozed,2024-09-20 13:36:10
171491,126962,5598,1,Histórico Evolvy,pending,snoozed,2024-09-20 13:43:06
171492,126964,5598,1,Histórico Evolvy,pending,snoozed,2024-09-20 13:50:15
171493,126968,5598,1,Histórico Evolvy,pending,snoozed,2024-09-20 14:02:12
171500,126993,5598,1,Histórico Evolvy,pending,snoozed,2024-09-20 14:53:07
171506,127014,5598,1,Histórico Evolvy,pending,snoozed,2024-09-20 15:45:10
171507,127017,5598,1,Histórico Evolvy,pending,snoozed,2024-09-20 15:49:12
171509,127022,5598,1,Histórico Evolvy,pending,snoozed,2024-09-20 16:11:06
171510,127023,5598,1,Histórico Evolvy,pending,snoozed,2024-09-20 16:12:09
171511,127024,5598,1,Histórico Evolvy,pending,snoozed,2024-09-20 16:15:06
171513,127029,5598,1,Histórico Evolvy,pending,snoozed,2024-09-20 16:28:07
171514,127030,5598,1,Histórico Evolvy,pending,snoozed,2024-09-20 16:28:14
171516,127035,5598,1,Histórico Evolvy,pending,snoozed,2024-09-20 16:46:15
171520,127054,5598,1,Histórico Evolvy,pending,snoozed,2024-09-20 17:24:07
171523,127062,5598,1,Histórico Evolvy,pending,snoozed,2024-09-20 17:42:06
171525,127064,5598,1,Histórico Evolvy,pending,snoozed,2024-09-20 17:44:08
171526,127066,5598,1,Histórico Evolvy,pending,snoozed,2024-09-20 17:46:07
171528,127082,5598,1,Histórico Evolvy,pending,snoozed,2024-09-20 17:55:14
171529,127086,5598,1,Histórico Evolvy,pending,snoozed,2024-09-20 18:05:10
171534,127094,5598,1,Histórico Evolvy,pending,snoozed,2024-09-20 18:37:16
171537,127109,5598,1,Histórico Evolvy,pending,snoozed,2024-09-20 19:22:06
171539,127112,5598,1,Histórico Evolvy,pending,snoozed,2024-09-20 19:29:17
171542,127118,5598,1,Histórico Evolvy,pending,snoozed,2024-09-20 19:40:11
171553,127161,5598,1,Histórico Evolvy,pending,snoozed,2024-09-20 20:54:07
171555,127164,5598,1,Histórico Evolvy,pending,snoozed,2024-09-20 20:59:08
171556,127165,5598,1,Histórico Evolvy,pending,snoozed,2024-09-20 21:00:12
171561,127187,5598,1,Histórico Evolvy,pending,snoozed,2024-09-20 21:44:08
171562,127188,5598,1,Histórico Evolvy,pending,snoozed,2024-09-20 21:46:11
171563,127189,5598,1,Histórico Evolvy,pending,snoozed,2024-09-20 21:47:08
171564,127190,5598,1,Histórico Evolvy,pending,snoozed,2024-09-20 21:51:10
171567,127199,5598,1,Histórico Evolvy,pending,snoozed,2024-09-20 22:08:07
171568,127204,5598,1,Histórico Evolvy,pending,snoozed,2024-09-20 22:24:07
171569,127205,5598,1,Histórico Evolvy,pending,snoozed,2024-09-20 22:28:06
171570,127206,5598,1,Histórico Evolvy,pending,snoozed,2024-09-20 22:33:07
171571,127209,5598,1,Histórico Evolvy,pending,snoozed,2024-09-20 22:56:07
171572,127211,5598,1,Histórico Evolvy,pending,snoozed,2024-09-20 23:00:09
171574,127218,5598,1,Histórico Evolvy,pending,snoozed,2024-09-20 23:34:09
171576,127221,5598,1,Histórico Evolvy,pending,snoozed,2024-09-20 23:52:07
171577,127225,5598,1,Histórico Evolvy,pending,snoozed,2024-09-20 23:58:08
171578,127228,5598,1,Histórico Evolvy,pending,snoozed,2024-09-21 00:08:09
171581,127235,5598,1,Histórico Evolvy,pending,snoozed,2024-09-21 00:24:10
171582,127237,5598,1,Histórico Evolvy,pending,snoozed,2024-09-21 00:37:06
171583,127244,5598,1,Histórico Evolvy,pending,snoozed,2024-09-21 00:52:07
171585,127252,5598,1,Histórico Evolvy,pending,snoozed,2024-09-21 01:35:09
171586,127253,5598,1,Histórico Evolvy,pending,snoozed,2024-09-21 01:41:07
171588,127259,5598,1,Histórico Evolvy,pending,snoozed,2024-09-21 02:32:08
171589,127261,5598,1,Histórico Evolvy,pending,snoozed,2024-09-21 02:34:06
171590,127264,5598,1,Histórico Evolvy,pending,snoozed,2024-09-21 03:12:06
171592,127267,5598,1,Histórico Evolvy,pending,snoozed,2024-09-21 03:18:08
171593,127270,5598,1,Histórico Evolvy,pending,snoozed,2024-09-21 03:38:06
171596,127281,5598,1,Histórico Evolvy,pending,snoozed,2024-09-21 05:22:05
171598,127286,5598,1,Histórico Evolvy,pending,snoozed,2024-09-21 07:29:06
171602,127297,5598,1,Histórico Evolvy,pending,snoozed,2024-09-21 09:16:07
171603,127299,5598,1,Histórico Evolvy,pending,snoozed,2024-09-21 09:25:06
171604,127300,5598,1,Histórico Evolvy,pending,snoozed,2024-09-21 09:26:05
171605,127303,5598,1,Histórico Evolvy,pending,snoozed,2024-09-21 09:41:07
171606,127304,5598,1,Histórico Evolvy,pending,snoozed,2024-09-21 09:41:09
171607,127305,5598,1,Histórico Evolvy,pending,snoozed,2024-09-21 09:45:11
171608,127310,5598,1,Histórico Evolvy,pending,snoozed,2024-09-21 09:49:09
171611,127318,5598,1,Histórico Evolvy,pending,snoozed,2024-09-21 10:09:08
171612,127320,5598,1,Histórico Evolvy,pending,snoozed,2024-09-21 10:18:09
171615,127324,5598,1,Histórico Evolvy,pending,snoozed,2024-09-21 10:28:06
171616,127327,5598,1,Histórico Evolvy,pending,snoozed,2024-09-21 10:33:06
171618,127330,5598,1,Histórico Evolvy,pending,snoozed,2024-09-21 10:45:10
171620,127332,5598,1,Histórico Evolvy,pending,snoozed,2024-09-21 10:52:07
171622,127335,5598,1,Histórico Evolvy,pending,snoozed,2024-09-21 11:01:07
171623,127337,5598,1,Histórico Evolvy,pending,snoozed,2024-09-21 11:08:08
171625,127339,5598,1,Histórico Evolvy,pending,snoozed,2024-09-21 11:15:09
171626,127341,5598,1,Histórico Evolvy,pending,snoozed,2024-09-21 11:24:06
171627,127342,5598,1,Histórico Evolvy,pending,snoozed,2024-09-21 11:26:07
171628,127344,5598,1,Histórico Evolvy,pending,snoozed,2024-09-21 11:29:08
171629,127345,5598,1,Histórico Evolvy,pending,snoozed,2024-09-21 11:31:07
171630,127348,5598,1,Histórico Evolvy,pending,snoozed,2024-09-21 11:33:09
171631,127349,5598,1,Histórico Evolvy,pending,snoozed,2024-09-21 11:33:11
171632,127350,5598,1,Histórico Evolvy,pending,snoozed,2024-09-21 11:33:14
171633,127353,5598,1,Histórico Evolvy,pending,snoozed,2024-09-21 11:53:09
171634,127354,5598,1,Histórico Evolvy,pending,snoozed,2024-09-21 11:56:09
171637,127357,5598,1,Histórico Evolvy,pending,snoozed,2024-09-21 12:05:06
171638,127358,5598,1,Histórico Evolvy,pending,snoozed,2024-09-21 12:08:09
171640,127361,5598,1,Histórico Evolvy,pending,snoozed,2024-09-21 12:18:09
171642,127364,5598,1,Histórico Evolvy,pending,snoozed,2024-09-21 12:24:08
171643,127367,5598,1,Histórico Evolvy,pending,snoozed,2024-09-21 12:30:07
171644,127368,5598,1,Histórico Evolvy,pending,snoozed,2024-09-21 12:31:10
171647,127372,5598,1,Histórico Evolvy,pending,snoozed,2024-09-21 12:41:12
171649,127374,5598,1,Histórico Evolvy,pending,snoozed,2024-09-21 12:47:10
171650,127375,5598,1,Histórico Evolvy,pending,snoozed,2024-09-21 12:51:10
171651,127376,5598,1,Histórico Evolvy,pending,snoozed,2024-09-21 12:52:11
171654,127380,5598,1,Histórico Evolvy,pending,snoozed,2024-09-21 13:01:08
171655,127381,5598,1,Histórico Evolvy,pending,snoozed,2024-09-21 13:02:12
171657,127384,5598,1,Histórico Evolvy,pending,snoozed,2024-09-21 13:08:08
171659,127388,5598,1,Histórico Evolvy,pending,snoozed,2024-09-21 13:13:12
171661,127396,5598,1,Histórico Evolvy,pending,snoozed,2024-09-21 13:34:09
171662,127399,5598,1,Histórico Evolvy,pending,snoozed,2024-09-21 13:38:07
171663,127400,5598,1,Histórico Evolvy,pending,snoozed,2024-09-21 13:39:06
171664,127402,5598,1,Histórico Evolvy,pending,snoozed,2024-09-21 13:41:10
171665,127405,5598,1,Histórico Evolvy,pending,snoozed,2024-09-21 13:50:12
171666,127408,5598,1,Histórico Evolvy,pending,snoozed,2024-09-21 13:53:06
171667,127411,5598,1,Histórico Evolvy,pending,snoozed,2024-09-21 13:55:11
171670,127415,5598,1,Histórico Evolvy,pending,snoozed,2024-09-21 13:57:10
171671,127419,5598,1,Histórico Evolvy,pending,snoozed,2024-09-21 14:06:05
171672,127425,5598,1,Histórico Evolvy,pending,snoozed,2024-09-21 14:15:06
171673,127426,5598,1,Histórico Evolvy,pending,snoozed,2024-09-21 14:17:11
171675,127428,5598,1,Histórico Evolvy,pending,snoozed,2024-09-21 14:23:07
171678,127433,5598,1,Histórico Evolvy,pending,snoozed,2024-09-21 14:29:08
171680,127443,5598,1,Histórico Evolvy,pending,snoozed,2024-09-21 14:44:06
171681,127458,5598,1,Histórico Evolvy,pending,snoozed,2024-09-21 14:54:04
171684,127462,5598,1,Histórico Evolvy,pending,snoozed,2024-09-21 14:59:06
171687,127469,5598,1,Histórico Evolvy,pending,snoozed,2024-09-21 15:14:11
171688,127470,5598,1,Histórico Evolvy,pending,snoozed,2024-09-21 15:16:06
171689,127471,5598,1,Histórico Evolvy,pending,snoozed,2024-09-21 15:17:09
171690,127472,5598,1,Histórico Evolvy,pending,snoozed,2024-09-21 15:20:06
171691,127474,5598,1,Histórico Evolvy,pending,snoozed,2024-09-21 15:24:05
171692,127475,5598,1,Histórico Evolvy,pending,snoozed,2024-09-21 15:25:08
171694,127483,5598,1,Histórico Evolvy,pending,snoozed,2024-09-21 15:53:08
171695,127489,5598,1,Histórico Evolvy,pending,snoozed,2024-09-21 16:00:07
171696,127490,5598,1,Histórico Evolvy,pending,snoozed,2024-09-21 16:00:09
171697,127492,5598,1,Histórico Evolvy,pending,snoozed,2024-09-21 16:02:08
171698,127495,5598,1,Histórico Evolvy,pending,snoozed,2024-09-21 16:05:06
171700,127497,5598,1,Histórico Evolvy,pending,snoozed,2024-09-21 16:11:07
171701,127498,5598,1,Histórico Evolvy,pending,snoozed,2024-09-21 16:11:10
171702,127499,5598,1,Histórico Evolvy,pending,snoozed,2024-09-21 16:13:08
171703,127500,5598,1,Histórico Evolvy,pending,snoozed,2024-09-21 16:14:06
171704,127504,5598,1,Histórico Evolvy,pending,snoozed,2024-09-21 16:22:08
171705,127507,5598,1,Histórico Evolvy,pending,snoozed,2024-09-21 16:31:06
171706,127511,5598,1,Histórico Evolvy,pending,snoozed,2024-09-21 16:38:10
171707,127513,5598,1,Histórico Evolvy,pending,snoozed,2024-09-21 16:41:06
171708,127514,5598,1,Histórico Evolvy,pending,snoozed,2024-09-21 16:41:10
171709,127515,5598,1,Histórico Evolvy,pending,snoozed,2024-09-21 16:42:07
171710,127519,5598,1,Histórico Evolvy,pending,snoozed,2024-09-21 17:02:10
171711,127520,5598,1,Histórico Evolvy,pending,snoozed,2024-09-21 17:07:07
171712,127521,5598,1,Histórico Evolvy,pending,snoozed,2024-09-21 17:10:08
171713,127522,5598,1,Histórico Evolvy,pending,snoozed,2024-09-21 17:10:10
171714,127523,5598,1,Histórico Evolvy,pending,snoozed,2024-09-21 17:15:07
171715,127524,5598,1,Histórico Evolvy,pending,snoozed,2024-09-21 17:17:11
171716,127525,5598,1,Histórico Evolvy,pending,snoozed,2024-09-21 17:17:13
171718,127536,5598,1,Histórico Evolvy,pending,snoozed,2024-09-21 17:41:09
171719,127539,5598,1,Histórico Evolvy,pending,snoozed,2024-09-21 17:48:05
171721,127542,5598,1,Histórico Evolvy,pending,snoozed,2024-09-21 18:02:07
171722,127544,5598,1,Histórico Evolvy,pending,snoozed,2024-09-21 18:07:10
171723,127545,5598,1,Histórico Evolvy,pending,snoozed,2024-09-21 18:08:09
171724,127547,5598,1,Histórico Evolvy,pending,snoozed,2024-09-21 18:12:07
171727,127552,5598,1,Histórico Evolvy,pending,snoozed,2024-09-21 18:39:07
171728,127553,5598,1,Histórico Evolvy,pending,snoozed,2024-09-21 18:40:08
171729,127554,5598,1,Histórico Evolvy,pending,snoozed,2024-09-21 18:47:07
171730,127556,5598,1,Histórico Evolvy,pending,snoozed,2024-09-21 19:02:08
171731,127557,5598,1,Histórico Evolvy,pending,snoozed,2024-09-21 19:08:06
171732,127558,5598,1,Histórico Evolvy,pending,snoozed,2024-09-21 19:09:05
171735,127568,5598,1,Histórico Evolvy,pending,snoozed,2024-09-21 19:54:09
171736,127571,5598,1,Histórico Evolvy,pending,snoozed,2024-09-21 19:56:09
171737,127572,5598,1,Histórico Evolvy,pending,snoozed,2024-09-21 19:56:15
171741,127581,5598,1,Histórico Evolvy,pending,snoozed,2024-09-21 20:16:07
209621,127584,5599,1,Histórico Evolvy,pending,snoozed,2024-09-21 20:25:09
171743,127586,5598,1,Histórico Evolvy,pending,snoozed,2024-09-21 20:30:09
171744,127591,5598,1,Histórico Evolvy,pending,snoozed,2024-09-21 21:01:09
171746,127593,5598,1,Histórico Evolvy,pending,snoozed,2024-09-21 21:09:09
171747,127598,5598,1,Histórico Evolvy,pending,snoozed,2024-09-21 21:17:07
171749,127606,5598,1,Histórico Evolvy,pending,snoozed,2024-09-21 21:31:08
171750,127607,5598,1,Histórico Evolvy,pending,snoozed,2024-09-21 21:31:11
171753,127617,5598,1,Histórico Evolvy,pending,snoozed,2024-09-21 22:02:09
171754,127621,5598,1,Histórico Evolvy,pending,snoozed,2024-09-21 22:09:05
171755,127624,5598,1,Histórico Evolvy,pending,snoozed,2024-09-21 22:19:07
171756,127627,5598,1,Histórico Evolvy,pending,snoozed,2024-09-21 22:30:07
171757,127631,5598,1,Histórico Evolvy,pending,snoozed,2024-09-21 22:49:08
171758,127632,5598,1,Histórico Evolvy,pending,snoozed,2024-09-21 23:14:07
171759,127633,5598,1,Histórico Evolvy,pending,snoozed,2024-09-21 23:17:07
171761,127637,5598,1,Histórico Evolvy,pending,snoozed,2024-09-21 23:33:06
171763,127641,5598,1,Histórico Evolvy,pending,snoozed,2024-09-21 23:38:08
171764,127642,5598,1,Histórico Evolvy,pending,snoozed,2024-09-21 23:42:07
171766,127644,5598,1,Histórico Evolvy,pending,snoozed,2024-09-22 00:14:09
171767,127647,5598,1,Histórico Evolvy,pending,snoozed,2024-09-22 00:26:06
171768,127650,5598,1,Histórico Evolvy,pending,snoozed,2024-09-22 00:32:08
171769,127651,5598,1,Histórico Evolvy,pending,snoozed,2024-09-22 00:52:07
171772,127654,5598,1,Histórico Evolvy,pending,snoozed,2024-09-22 01:04:09
171773,127658,5598,1,Histórico Evolvy,pending,snoozed,2024-09-22 01:10:08
171774,127659,5598,1,Histórico Evolvy,pending,snoozed,2024-09-22 01:16:06
171775,127660,5598,1,Histórico Evolvy,pending,snoozed,2024-09-22 01:17:07
171776,127665,5598,1,Histórico Evolvy,pending,snoozed,2024-09-22 01:30:08
171777,127666,5598,1,Histórico Evolvy,pending,snoozed,2024-09-22 01:32:06
171780,127674,5598,1,Histórico Evolvy,pending,snoozed,2024-09-22 02:23:07
171781,127677,5598,1,Histórico Evolvy,pending,snoozed,2024-09-22 02:30:08
171782,127678,5598,1,Histórico Evolvy,pending,snoozed,2024-09-22 02:31:06
171783,127680,5598,1,Histórico Evolvy,pending,snoozed,2024-09-22 02:34:05
171784,127683,5598,1,Histórico Evolvy,pending,snoozed,2024-09-22 02:45:07
171786,127690,5598,1,Histórico Evolvy,pending,snoozed,2024-09-22 03:05:06
171787,127691,5598,1,Histórico Evolvy,pending,snoozed,2024-09-22 03:10:08
171788,127696,5598,1,Histórico Evolvy,pending,snoozed,2024-09-22 03:35:07
171790,127710,5598,1,Histórico Evolvy,pending,snoozed,2024-09-22 05:41:07
171792,127712,5598,1,Histórico Evolvy,pending,snoozed,2024-09-22 06:20:08
171793,127717,5598,1,Histórico Evolvy,pending,snoozed,2024-09-22 06:46:07
171794,127718,5598,1,Histórico Evolvy,pending,snoozed,2024-09-22 07:06:08
171795,127719,5598,1,Histórico Evolvy,pending,snoozed,2024-09-22 07:44:06
171796,127721,5598,1,Histórico Evolvy,pending,snoozed,2024-09-22 07:51:06
171797,127722,5598,1,Histórico Evolvy,pending,snoozed,2024-09-22 07:51:22
171801,127735,5598,1,Histórico Evolvy,pending,snoozed,2024-09-22 08:59:07
171802,127737,5598,1,Histórico Evolvy,pending,snoozed,2024-09-22 09:05:22
171803,127738,5598,1,Histórico Evolvy,pending,snoozed,2024-09-22 09:22:01
171805,127745,5598,1,Histórico Evolvy,pending,snoozed,2024-09-22 09:48:43
171807,127748,5598,1,Histórico Evolvy,pending,snoozed,2024-09-22 09:58:08
171808,127750,5598,1,Histórico Evolvy,pending,snoozed,2024-09-22 09:59:07
171809,127753,5598,1,Histórico Evolvy,pending,snoozed,2024-09-22 10:09:06
171810,127755,5598,1,Histórico Evolvy,pending,snoozed,2024-09-22 10:19:07
171811,127756,5598,1,Histórico Evolvy,pending,snoozed,2024-09-22 10:20:11
171812,127757,5598,1,Histórico Evolvy,pending,snoozed,2024-09-22 10:25:08
171815,127761,5598,1,Histórico Evolvy,pending,snoozed,2024-09-22 10:31:10
171817,127764,5598,1,Histórico Evolvy,pending,snoozed,2024-09-22 10:35:10
171818,127766,5598,1,Histórico Evolvy,pending,snoozed,2024-09-22 10:38:09
171820,127771,5598,1,Histórico Evolvy,pending,snoozed,2024-09-22 10:45:06
171823,127776,5598,1,Histórico Evolvy,pending,snoozed,2024-09-22 10:59:06
171824,127777,5598,1,Histórico Evolvy,pending,snoozed,2024-09-22 11:03:07
171825,127778,5598,1,Histórico Evolvy,pending,snoozed,2024-09-22 11:03:09
171826,127780,5598,1,Histórico Evolvy,pending,snoozed,2024-09-22 11:08:07
171827,127781,5598,1,Histórico Evolvy,pending,snoozed,2024-09-22 11:12:10
171828,127783,5598,1,Histórico Evolvy,pending,snoozed,2024-09-22 11:13:07
171829,127786,5598,1,Histórico Evolvy,pending,snoozed,2024-09-22 11:22:06
171831,127791,5598,1,Histórico Evolvy,pending,snoozed,2024-09-22 11:26:09
171832,127792,5598,1,Histórico Evolvy,pending,snoozed,2024-09-22 11:26:12
171833,127793,5598,1,Histórico Evolvy,pending,snoozed,2024-09-22 11:26:14
171834,127794,5598,1,Histórico Evolvy,pending,snoozed,2024-09-22 11:31:07
171835,127795,5598,1,Histórico Evolvy,pending,snoozed,2024-09-22 11:31:09
171837,127797,5598,1,Histórico Evolvy,pending,snoozed,2024-09-22 11:42:10
171838,127798,5598,1,Histórico Evolvy,pending,snoozed,2024-09-22 11:42:13
171839,127800,5598,1,Histórico Evolvy,pending,snoozed,2024-09-22 11:47:10
171842,127807,5598,1,Histórico Evolvy,pending,snoozed,2024-09-22 11:55:12
171844,127812,5598,1,Histórico Evolvy,pending,snoozed,2024-09-22 12:03:07
171845,127816,5598,1,Histórico Evolvy,pending,snoozed,2024-09-22 12:10:10
171847,127818,5598,1,Histórico Evolvy,pending,snoozed,2024-09-22 12:13:09
171848,127819,5598,1,Histórico Evolvy,pending,snoozed,2024-09-22 12:13:12
171849,127820,5598,1,Histórico Evolvy,pending,snoozed,2024-09-22 12:15:07
171852,127824,5598,1,Histórico Evolvy,pending,snoozed,2024-09-22 12:22:07
171853,127825,5598,1,Histórico Evolvy,pending,snoozed,2024-09-22 12:22:09
171855,127828,5598,1,Histórico Evolvy,pending,snoozed,2024-09-22 12:33:12
171857,127830,5598,1,Histórico Evolvy,pending,snoozed,2024-09-22 12:35:18
171858,127831,5598,1,Histórico Evolvy,pending,snoozed,2024-09-22 12:40:13
171859,127832,5598,1,Histórico Evolvy,pending,snoozed,2024-09-22 12:42:09
171862,127838,5598,1,Histórico Evolvy,pending,snoozed,2024-09-22 12:50:11
171863,127839,5598,1,Histórico Evolvy,pending,snoozed,2024-09-22 12:54:07
171864,127840,5598,1,Histórico Evolvy,pending,snoozed,2024-09-22 12:56:05
171867,127854,5598,1,Histórico Evolvy,pending,snoozed,2024-09-22 13:14:10
171868,127857,5598,1,Histórico Evolvy,pending,snoozed,2024-09-22 13:22:08
171869,127858,5598,1,Histórico Evolvy,pending,snoozed,2024-09-22 13:25:09
171870,127859,5598,1,Histórico Evolvy,pending,snoozed,2024-09-22 13:25:11
171871,127862,5598,1,Histórico Evolvy,pending,snoozed,2024-09-22 13:31:09
171872,127863,5598,1,Histórico Evolvy,pending,snoozed,2024-09-22 13:31:12
171873,127864,5598,1,Histórico Evolvy,pending,snoozed,2024-09-22 13:38:09
171874,127865,5598,1,Histórico Evolvy,pending,snoozed,2024-09-22 13:42:08
171875,127868,5598,1,Histórico Evolvy,pending,snoozed,2024-09-22 13:44:08
171876,127869,5598,1,Histórico Evolvy,pending,snoozed,2024-09-22 13:45:10
171877,127870,5598,1,Histórico Evolvy,pending,snoozed,2024-09-22 13:45:12
171878,127876,5598,1,Histórico Evolvy,pending,snoozed,2024-09-22 14:03:08
171879,127878,5598,1,Histórico Evolvy,pending,snoozed,2024-09-22 14:10:09
171880,127879,5598,1,Histórico Evolvy,pending,snoozed,2024-09-22 14:12:06
171882,127881,5598,1,Histórico Evolvy,pending,snoozed,2024-09-22 14:17:10
171883,127887,5598,1,Histórico Evolvy,pending,snoozed,2024-09-22 14:47:10
171884,127888,5598,1,Histórico Evolvy,pending,snoozed,2024-09-22 14:48:07
171886,127894,5598,1,Histórico Evolvy,pending,snoozed,2024-09-22 15:01:06
171889,127903,5598,1,Histórico Evolvy,pending,snoozed,2024-09-22 15:20:08
171890,127905,5598,1,Histórico Evolvy,pending,snoozed,2024-09-22 15:22:05
171892,127910,5598,1,Histórico Evolvy,pending,snoozed,2024-09-22 15:25:06
171893,127912,5598,1,Histórico Evolvy,pending,snoozed,2024-09-22 15:26:08
171895,127915,5598,1,Histórico Evolvy,pending,snoozed,2024-09-22 15:36:11
171896,127917,5598,1,Histórico Evolvy,pending,snoozed,2024-09-22 15:39:08
171897,127919,5598,1,Histórico Evolvy,pending,snoozed,2024-09-22 15:41:08
171899,127923,5598,1,Histórico Evolvy,pending,snoozed,2024-09-22 15:54:10
171900,127927,5598,1,Histórico Evolvy,pending,snoozed,2024-09-22 16:30:09
171901,127928,5598,1,Histórico Evolvy,pending,snoozed,2024-09-22 16:31:10
171902,127932,5598,1,Histórico Evolvy,pending,snoozed,2024-09-22 17:03:08
171904,127937,5598,1,Histórico Evolvy,pending,snoozed,2024-09-22 17:13:07
171905,127939,5598,1,Histórico Evolvy,pending,snoozed,2024-09-22 17:18:07
171906,127940,5598,1,Histórico Evolvy,pending,snoozed,2024-09-22 17:19:09
171907,127944,5598,1,Histórico Evolvy,pending,snoozed,2024-09-22 17:34:06
171908,127947,5598,1,Histórico Evolvy,pending,snoozed,2024-09-22 17:36:08
171909,127952,5598,1,Histórico Evolvy,pending,snoozed,2024-09-22 17:45:06
171910,127953,5598,1,Histórico Evolvy,pending,snoozed,2024-09-22 17:46:08
171911,127954,5598,1,Histórico Evolvy,pending,snoozed,2024-09-22 17:49:07
171912,127956,5598,1,Histórico Evolvy,pending,snoozed,2024-09-22 18:04:06
171913,127962,5598,1,Histórico Evolvy,pending,snoozed,2024-09-22 18:13:06
171915,127968,5598,1,Histórico Evolvy,pending,snoozed,2024-09-22 18:28:07
171916,127969,5598,1,Histórico Evolvy,pending,snoozed,2024-09-22 18:31:07
171917,127971,5598,1,Histórico Evolvy,pending,snoozed,2024-09-22 18:32:08
171918,127973,5598,1,Histórico Evolvy,pending,snoozed,2024-09-22 18:49:05
171919,127984,5598,1,Histórico Evolvy,pending,snoozed,2024-09-22 19:10:07
171920,127985,5598,1,Histórico Evolvy,pending,snoozed,2024-09-22 19:10:10
171922,127987,5598,1,Histórico Evolvy,pending,snoozed,2024-09-22 19:11:06
171923,127988,5598,1,Histórico Evolvy,pending,snoozed,2024-09-22 19:13:09
171924,127990,5598,1,Histórico Evolvy,pending,snoozed,2024-09-22 19:14:05
171925,127991,5598,1,Histórico Evolvy,pending,snoozed,2024-09-22 19:19:09
171926,127995,5598,1,Histórico Evolvy,pending,snoozed,2024-09-22 19:38:09
171927,127999,5598,1,Histórico Evolvy,pending,snoozed,2024-09-22 19:48:06
171928,128003,5598,1,Histórico Evolvy,pending,snoozed,2024-09-22 20:05:07
171929,128005,5598,1,Histórico Evolvy,pending,snoozed,2024-09-22 20:10:07
171930,128007,5598,1,Histórico Evolvy,pending,snoozed,2024-09-22 20:15:10
171931,128008,5598,1,Histórico Evolvy,pending,snoozed,2024-09-22 20:16:09
171932,128012,5598,1,Histórico Evolvy,pending,snoozed,2024-09-22 20:35:07
171935,128017,5598,1,Histórico Evolvy,pending,snoozed,2024-09-22 20:42:08
171937,128021,5598,1,Histórico Evolvy,pending,snoozed,2024-09-22 20:47:06
171938,128024,5598,1,Histórico Evolvy,pending,snoozed,2024-09-22 21:14:08
171940,128030,5598,1,Histórico Evolvy,pending,snoozed,2024-09-22 21:37:07
171941,128033,5598,1,Histórico Evolvy,pending,snoozed,2024-09-22 21:44:06
171942,128035,5598,1,Histórico Evolvy,pending,snoozed,2024-09-22 21:47:07
171943,128037,5598,1,Histórico Evolvy,pending,snoozed,2024-09-22 21:48:06
171946,128047,5598,1,Histórico Evolvy,pending,snoozed,2024-09-22 22:12:08
171947,128049,5598,1,Histórico Evolvy,pending,snoozed,2024-09-22 22:18:08
171948,128055,5598,1,Histórico Evolvy,pending,snoozed,2024-09-22 22:30:07
171950,128059,5598,1,Histórico Evolvy,pending,snoozed,2024-09-22 22:39:06
171951,128063,5598,1,Histórico Evolvy,pending,snoozed,2024-09-22 22:55:20
171954,128073,5598,1,Histórico Evolvy,pending,snoozed,2024-09-22 23:23:07
171955,128080,5598,1,Histórico Evolvy,pending,snoozed,2024-09-22 23:54:06
171956,128081,5598,1,Histórico Evolvy,pending,snoozed,2024-09-22 23:57:07
171958,128089,5598,1,Histórico Evolvy,pending,snoozed,2024-09-23 00:23:07
171959,128091,5598,1,Histórico Evolvy,pending,snoozed,2024-09-23 00:28:06
171960,128093,5598,1,Histórico Evolvy,pending,snoozed,2024-09-23 00:36:05
171961,128098,5598,1,Histórico Evolvy,pending,snoozed,2024-09-23 01:09:06
171962,128103,5598,1,Histórico Evolvy,pending,snoozed,2024-09-23 01:22:08
171963,128106,5598,1,Histórico Evolvy,pending,snoozed,2024-09-23 01:25:06
171965,128116,5598,1,Histórico Evolvy,pending,snoozed,2024-09-23 01:40:14
171967,128121,5598,1,Histórico Evolvy,pending,snoozed,2024-09-23 02:03:06
171969,128126,5598,1,Histórico Evolvy,pending,snoozed,2024-09-23 02:17:07
171970,128127,5598,1,Histórico Evolvy,pending,snoozed,2024-09-23 02:20:12
171971,128133,5598,1,Histórico Evolvy,pending,snoozed,2024-09-23 02:50:08
171972,128134,5598,1,Histórico Evolvy,pending,snoozed,2024-09-23 02:50:10
171975,128137,5598,1,Histórico Evolvy,pending,snoozed,2024-09-23 03:00:15
172977,128138,5598,1,Histórico Evolvy,pending,snoozed,2024-09-23 03:11:05
172978,128139,5598,1,Histórico Evolvy,pending,snoozed,2024-09-23 03:31:07
172979,128141,5598,1,Histórico Evolvy,pending,snoozed,2024-09-23 03:40:29
172980,128152,5598,1,Histórico Evolvy,pending,snoozed,2024-09-23 06:07:07
172982,128157,5598,1,Histórico Evolvy,pending,snoozed,2024-09-23 07:37:07
172983,128160,5598,1,Histórico Evolvy,pending,snoozed,2024-09-23 08:33:06
172985,128163,5598,1,Histórico Evolvy,pending,snoozed,2024-09-23 08:47:07
172987,128166,5598,1,Histórico Evolvy,pending,snoozed,2024-09-23 09:12:06
172988,128168,5598,1,Histórico Evolvy,pending,snoozed,2024-09-23 09:21:07
172990,128177,5598,1,Histórico Evolvy,pending,snoozed,2024-09-23 09:44:06
172991,128178,5598,1,Histórico Evolvy,pending,snoozed,2024-09-23 09:48:08
172992,128184,5598,1,Histórico Evolvy,pending,snoozed,2024-09-23 10:03:07
172993,128186,5598,1,Histórico Evolvy,pending,snoozed,2024-09-23 10:06:06
172997,128192,5598,1,Histórico Evolvy,pending,snoozed,2024-09-23 10:14:08
172999,128209,5598,1,Histórico Evolvy,pending,snoozed,2024-09-23 11:12:09
173000,128210,5598,1,Histórico Evolvy,pending,snoozed,2024-09-23 11:13:08
173001,128211,5598,1,Histórico Evolvy,pending,snoozed,2024-09-23 11:14:08
173002,128212,5598,1,Histórico Evolvy,pending,snoozed,2024-09-23 11:15:10
173004,128230,5598,1,Histórico Evolvy,pending,snoozed,2024-09-23 11:32:12
173005,128235,5598,1,Histórico Evolvy,pending,snoozed,2024-09-23 11:37:07
173006,128239,5598,1,Histórico Evolvy,pending,snoozed,2024-09-23 11:52:10
173007,128243,5598,1,Histórico Evolvy,pending,snoozed,2024-09-23 11:56:10
173008,128244,5598,1,Histórico Evolvy,pending,snoozed,2024-09-23 11:59:10
173009,128246,5598,1,Histórico Evolvy,pending,snoozed,2024-09-23 12:01:07
173010,128250,5598,1,Histórico Evolvy,pending,snoozed,2024-09-23 12:23:09
173011,128251,5598,1,Histórico Evolvy,pending,snoozed,2024-09-23 12:26:09
173012,128252,5598,1,Histórico Evolvy,pending,snoozed,2024-09-23 12:28:08
173013,128257,5598,1,Histórico Evolvy,pending,snoozed,2024-09-23 12:42:08
173014,128258,5598,1,Histórico Evolvy,pending,snoozed,2024-09-23 12:42:11
173015,128268,5598,1,Histórico Evolvy,pending,snoozed,2024-09-23 13:02:10
173016,128270,5598,1,Histórico Evolvy,pending,snoozed,2024-09-23 13:08:08
173017,128277,5598,1,Histórico Evolvy,pending,snoozed,2024-09-23 13:30:09
173019,128293,5598,1,Histórico Evolvy,pending,snoozed,2024-09-23 13:59:07
173020,128294,5598,1,Histórico Evolvy,pending,snoozed,2024-09-23 13:59:11
173021,128295,5598,1,Histórico Evolvy,pending,snoozed,2024-09-23 14:00:09
173022,128296,5598,1,Histórico Evolvy,pending,snoozed,2024-09-23 14:00:11
173023,128297,5598,1,Histórico Evolvy,pending,snoozed,2024-09-23 14:01:08
173024,128298,5598,1,Histórico Evolvy,pending,snoozed,2024-09-23 14:01:11
173027,128302,5598,1,Histórico Evolvy,pending,snoozed,2024-09-23 14:03:17
173028,128305,5598,1,Histórico Evolvy,pending,snoozed,2024-09-23 14:05:11
173029,128306,5598,1,Histórico Evolvy,pending,snoozed,2024-09-23 14:06:07
173030,128308,5598,1,Histórico Evolvy,pending,snoozed,2024-09-23 14:07:05
173031,128310,5598,1,Histórico Evolvy,pending,snoozed,2024-09-23 14:08:06
173033,128320,5598,1,Histórico Evolvy,pending,snoozed,2024-09-23 14:23:08
173035,128324,5598,1,Histórico Evolvy,pending,snoozed,2024-09-23 14:29:08
173036,128333,5598,1,Histórico Evolvy,pending,snoozed,2024-09-23 14:43:08
173037,128335,5598,1,Histórico Evolvy,pending,snoozed,2024-09-23 15:05:07
173039,128337,5598,1,Histórico Evolvy,pending,snoozed,2024-09-23 15:07:09
173040,128339,5598,1,Histórico Evolvy,pending,snoozed,2024-09-23 15:11:08
173041,128340,5598,1,Histórico Evolvy,pending,snoozed,2024-09-23 15:12:08
173043,128344,5598,1,Histórico Evolvy,pending,snoozed,2024-09-23 15:25:08
173045,128353,5598,1,Histórico Evolvy,pending,snoozed,2024-09-23 15:48:06
173047,128361,5598,1,Histórico Evolvy,pending,snoozed,2024-09-23 16:08:05
173048,128362,5598,1,Histórico Evolvy,pending,snoozed,2024-09-23 16:14:10
173049,128365,5598,1,Histórico Evolvy,pending,snoozed,2024-09-23 16:29:11
173052,128374,5598,1,Histórico Evolvy,pending,snoozed,2024-09-23 16:46:12
173053,128375,5598,1,Histórico Evolvy,pending,snoozed,2024-09-23 16:47:08
173054,128381,5598,1,Histórico Evolvy,pending,snoozed,2024-09-23 17:07:09
173057,128385,5598,1,Histórico Evolvy,pending,snoozed,2024-09-23 17:15:10
173059,128388,5598,1,Histórico Evolvy,pending,snoozed,2024-09-23 17:22:06
173060,128389,5598,1,Histórico Evolvy,pending,snoozed,2024-09-23 17:22:10
173063,128398,5598,1,Histórico Evolvy,pending,snoozed,2024-09-23 17:42:07
173064,128400,5598,1,Histórico Evolvy,pending,snoozed,2024-09-23 17:44:13
173065,128401,5598,1,Histórico Evolvy,pending,snoozed,2024-09-23 17:46:09
173066,128410,5598,1,Histórico Evolvy,pending,snoozed,2024-09-23 17:58:10
173067,128418,5598,1,Histórico Evolvy,pending,snoozed,2024-09-23 18:20:07
173068,128424,5598,1,Histórico Evolvy,pending,snoozed,2024-09-23 18:27:07
173069,128436,5598,1,Histórico Evolvy,pending,snoozed,2024-09-23 19:07:08
173070,128444,5598,1,Histórico Evolvy,pending,snoozed,2024-09-23 19:28:18
173071,128448,5598,1,Histórico Evolvy,pending,snoozed,2024-09-23 19:46:13
173072,128455,5598,1,Histórico Evolvy,pending,snoozed,2024-09-23 20:14:10
173073,128462,5598,1,Histórico Evolvy,pending,snoozed,2024-09-23 20:26:11
173077,128471,5598,1,Histórico Evolvy,pending,snoozed,2024-09-23 20:43:11
173078,128475,5598,1,Histórico Evolvy,pending,snoozed,2024-09-23 20:47:08
173080,128486,5598,1,Histórico Evolvy,pending,snoozed,2024-09-23 21:50:07
173082,128492,5598,1,Histórico Evolvy,pending,snoozed,2024-09-23 22:04:06
173083,128494,5598,1,Histórico Evolvy,pending,snoozed,2024-09-23 22:09:07
173085,128499,5598,1,Histórico Evolvy,pending,snoozed,2024-09-23 22:18:08
173087,128509,5598,1,Histórico Evolvy,pending,snoozed,2024-09-23 22:37:07
173089,128521,5598,1,Histórico Evolvy,pending,snoozed,2024-09-23 22:54:10
173094,128531,5598,1,Histórico Evolvy,pending,snoozed,2024-09-23 23:21:07
173095,128534,5598,1,Histórico Evolvy,pending,snoozed,2024-09-23 23:25:07
173096,128542,5598,1,Histórico Evolvy,pending,snoozed,2024-09-23 23:40:09
173100,128554,5598,1,Histórico Evolvy,pending,snoozed,2024-09-24 00:30:08
173103,128560,5598,1,Histórico Evolvy,pending,snoozed,2024-09-24 00:40:07
173106,128566,5598,1,Histórico Evolvy,pending,snoozed,2024-09-24 00:52:08
173107,128573,5598,1,Histórico Evolvy,pending,snoozed,2024-09-24 01:07:08
173108,128574,5598,1,Histórico Evolvy,pending,snoozed,2024-09-24 01:12:09
173109,128580,5598,1,Histórico Evolvy,pending,snoozed,2024-09-24 01:26:07
173110,128582,5598,1,Histórico Evolvy,pending,snoozed,2024-09-24 01:31:05
173111,128583,5598,1,Histórico Evolvy,pending,snoozed,2024-09-24 01:34:08
173112,128586,5598,1,Histórico Evolvy,pending,snoozed,2024-09-24 01:43:07
173114,128598,5598,1,Histórico Evolvy,pending,snoozed,2024-09-24 02:18:07
173115,128599,5598,1,Histórico Evolvy,pending,snoozed,2024-09-24 02:18:10
173116,128604,5598,1,Histórico Evolvy,pending,snoozed,2024-09-24 02:42:08
173118,128613,5598,1,Histórico Evolvy,pending,snoozed,2024-09-24 04:29:06
173119,128623,5598,1,Histórico Evolvy,pending,snoozed,2024-09-24 06:30:06
173120,128624,5598,1,Histórico Evolvy,pending,snoozed,2024-09-24 06:40:28
173121,128630,5598,1,Histórico Evolvy,pending,snoozed,2024-09-24 07:47:06
173122,128631,5598,1,Histórico Evolvy,pending,snoozed,2024-09-24 07:56:05
173124,128636,5598,1,Histórico Evolvy,pending,snoozed,2024-09-24 09:11:06
173125,128637,5598,1,Histórico Evolvy,pending,snoozed,2024-09-24 09:18:09
173126,128638,5598,1,Histórico Evolvy,pending,snoozed,2024-09-24 09:27:06
173130,128646,5598,1,Histórico Evolvy,pending,snoozed,2024-09-24 09:55:07
173131,128647,5598,1,Histórico Evolvy,pending,snoozed,2024-09-24 09:57:09
173133,128651,5598,1,Histórico Evolvy,pending,snoozed,2024-09-24 10:09:06
173134,128652,5598,1,Histórico Evolvy,pending,snoozed,2024-09-24 10:10:09
173136,128655,5598,1,Histórico Evolvy,pending,snoozed,2024-09-24 10:20:09
173138,128657,5598,1,Histórico Evolvy,pending,snoozed,2024-09-24 10:28:07
173139,128664,5598,1,Histórico Evolvy,pending,snoozed,2024-09-24 10:55:08
173140,128665,5598,1,Histórico Evolvy,pending,snoozed,2024-09-24 10:58:07
173141,128666,5598,1,Histórico Evolvy,pending,snoozed,2024-09-24 11:00:06
173142,128670,5598,1,Histórico Evolvy,pending,snoozed,2024-09-24 11:21:10
173143,128674,5598,1,Histórico Evolvy,pending,snoozed,2024-09-24 11:25:15
173145,128680,5598,1,Histórico Evolvy,pending,snoozed,2024-09-24 11:44:06
173147,128684,5598,1,Histórico Evolvy,pending,snoozed,2024-09-24 11:55:06
173148,128685,5598,1,Histórico Evolvy,pending,snoozed,2024-09-24 12:01:07
173149,128688,5598,1,Histórico Evolvy,pending,snoozed,2024-09-24 12:04:09
173150,128692,5598,1,Histórico Evolvy,pending,snoozed,2024-09-24 12:13:06
173151,128693,5598,1,Histórico Evolvy,pending,snoozed,2024-09-24 12:19:06
173152,128694,5598,1,Histórico Evolvy,pending,snoozed,2024-09-24 12:19:09
173153,128697,5598,1,Histórico Evolvy,pending,snoozed,2024-09-24 12:22:09
173156,128713,5598,1,Histórico Evolvy,pending,snoozed,2024-09-24 12:59:09
173157,128715,5598,1,Histórico Evolvy,pending,snoozed,2024-09-24 13:11:09
173158,128716,5598,1,Histórico Evolvy,pending,snoozed,2024-09-24 13:12:09
173159,128718,5598,1,Histórico Evolvy,pending,snoozed,2024-09-24 13:16:07
173161,128722,5598,1,Histórico Evolvy,pending,snoozed,2024-09-24 13:25:10
173162,128725,5598,1,Histórico Evolvy,pending,snoozed,2024-09-24 13:34:08
173163,128727,5598,1,Histórico Evolvy,pending,snoozed,2024-09-24 13:36:06
173164,128729,5598,1,Histórico Evolvy,pending,snoozed,2024-09-24 13:37:07
173167,128738,5598,1,Histórico Evolvy,pending,snoozed,2024-09-24 13:45:06
173168,128741,5598,1,Histórico Evolvy,pending,snoozed,2024-09-24 14:02:08
173169,128742,5598,1,Histórico Evolvy,pending,snoozed,2024-09-24 14:04:09
173171,128745,5598,1,Histórico Evolvy,pending,snoozed,2024-09-24 14:08:08
173173,128749,5598,1,Histórico Evolvy,pending,snoozed,2024-09-24 14:20:06
173175,128754,5598,1,Histórico Evolvy,pending,snoozed,2024-09-24 14:27:05
173176,128755,5598,1,Histórico Evolvy,pending,snoozed,2024-09-24 14:27:09
173177,128756,5598,1,Histórico Evolvy,pending,snoozed,2024-09-24 14:27:12
173178,128757,5598,1,Histórico Evolvy,pending,snoozed,2024-09-24 14:27:16
173180,128772,5598,1,Histórico Evolvy,pending,snoozed,2024-09-24 15:01:07
173181,128777,5598,1,Histórico Evolvy,pending,snoozed,2024-09-24 15:14:07
173182,128778,5598,1,Histórico Evolvy,pending,snoozed,2024-09-24 15:15:06
173183,128779,5598,1,Histórico Evolvy,pending,snoozed,2024-09-24 15:21:05
173184,128780,5598,1,Histórico Evolvy,pending,snoozed,2024-09-24 15:21:08
173185,128781,5598,1,Histórico Evolvy,pending,snoozed,2024-09-24 15:22:05
173186,128785,5598,1,Histórico Evolvy,pending,snoozed,2024-09-24 15:28:05
173187,128801,5598,1,Histórico Evolvy,pending,snoozed,2024-09-24 16:02:10
173188,128803,5598,1,Histórico Evolvy,pending,snoozed,2024-09-24 16:16:08
173189,128804,5598,1,Histórico Evolvy,pending,snoozed,2024-09-24 16:26:22
173190,128806,5598,1,Histórico Evolvy,pending,snoozed,2024-09-24 16:36:06
173191,128811,5598,1,Histórico Evolvy,pending,snoozed,2024-09-24 16:53:06
173193,128813,5598,1,Histórico Evolvy,pending,snoozed,2024-09-24 17:02:09
173194,128821,5598,1,Histórico Evolvy,pending,snoozed,2024-09-24 17:32:07
173195,128823,5598,1,Histórico Evolvy,pending,snoozed,2024-09-24 17:38:07
173196,128829,5598,1,Histórico Evolvy,pending,snoozed,2024-09-24 17:47:12
173197,128831,5598,1,Histórico Evolvy,pending,snoozed,2024-09-24 17:53:10
173200,128853,5598,1,Histórico Evolvy,pending,snoozed,2024-09-24 18:44:08
173201,128860,5598,1,Histórico Evolvy,pending,snoozed,2024-09-24 19:03:06
173202,128861,5598,1,Histórico Evolvy,pending,snoozed,2024-09-24 19:05:07
173203,128863,5598,1,Histórico Evolvy,pending,snoozed,2024-09-24 19:08:06
173204,128867,5598,1,Histórico Evolvy,pending,snoozed,2024-09-24 19:23:05
173205,128872,5598,1,Histórico Evolvy,pending,snoozed,2024-09-24 19:39:05
173207,128876,5598,1,Histórico Evolvy,pending,snoozed,2024-09-24 19:43:10
173208,128882,5598,1,Histórico Evolvy,pending,snoozed,2024-09-24 19:52:07
173209,128885,5598,1,Histórico Evolvy,pending,snoozed,2024-09-24 20:00:16
173210,128891,5598,1,Histórico Evolvy,pending,snoozed,2024-09-24 20:22:06
173211,128894,5598,1,Histórico Evolvy,pending,snoozed,2024-09-24 20:33:07
173213,128897,5598,1,Histórico Evolvy,pending,snoozed,2024-09-24 20:43:08
173214,128905,5598,1,Histórico Evolvy,pending,snoozed,2024-09-24 21:02:06
173215,128914,5598,1,Histórico Evolvy,pending,snoozed,2024-09-24 21:21:08
173216,128915,5598,1,Histórico Evolvy,pending,snoozed,2024-09-24 21:23:06
173217,128918,5598,1,Histórico Evolvy,pending,snoozed,2024-09-24 21:31:06
173218,128920,5598,1,Histórico Evolvy,pending,snoozed,2024-09-24 21:37:05
173221,128932,5598,1,Histórico Evolvy,pending,snoozed,2024-09-24 21:59:07
173222,128934,5598,1,Histórico Evolvy,pending,snoozed,2024-09-24 22:02:07
173227,128944,5598,1,Histórico Evolvy,pending,snoozed,2024-09-24 22:35:07
173228,128945,5598,1,Histórico Evolvy,pending,snoozed,2024-09-24 22:36:06
173232,128958,5598,1,Histórico Evolvy,pending,snoozed,2024-09-24 23:20:12
173233,128962,5598,1,Histórico Evolvy,pending,snoozed,2024-09-24 23:35:07
173234,128964,5598,1,Histórico Evolvy,pending,snoozed,2024-09-24 23:40:08
173235,128966,5598,1,Histórico Evolvy,pending,snoozed,2024-09-24 23:44:08
173236,128967,5598,1,Histórico Evolvy,pending,snoozed,2024-09-24 23:49:06
173238,128971,5598,1,Histórico Evolvy,pending,snoozed,2024-09-24 23:56:06
173239,128973,5598,1,Histórico Evolvy,pending,snoozed,2024-09-24 23:58:06
173241,128981,5598,1,Histórico Evolvy,pending,snoozed,2024-09-25 00:23:06
173242,128982,5598,1,Histórico Evolvy,pending,snoozed,2024-09-25 00:27:07
173243,128985,5598,1,Histórico Evolvy,pending,snoozed,2024-09-25 00:33:07
173244,128986,5598,1,Histórico Evolvy,pending,snoozed,2024-09-25 00:39:07
173245,128989,5598,1,Histórico Evolvy,pending,snoozed,2024-09-25 00:46:07
173247,128997,5598,1,Histórico Evolvy,pending,snoozed,2024-09-25 01:05:06
173249,129005,5598,1,Histórico Evolvy,pending,snoozed,2024-09-25 01:27:08
173250,129007,5598,1,Histórico Evolvy,pending,snoozed,2024-09-25 01:33:07
173252,129011,5598,1,Histórico Evolvy,pending,snoozed,2024-09-25 01:48:07
173253,129012,5598,1,Histórico Evolvy,pending,snoozed,2024-09-25 01:48:10
173256,129022,5598,1,Histórico Evolvy,pending,snoozed,2024-09-25 02:19:07
173257,129029,5598,1,Histórico Evolvy,pending,snoozed,2024-09-25 02:40:06
173258,129030,5598,1,Histórico Evolvy,pending,snoozed,2024-09-25 02:43:06
173259,129034,5598,1,Histórico Evolvy,pending,snoozed,2024-09-25 03:03:05
173260,129036,5598,1,Histórico Evolvy,pending,snoozed,2024-09-25 03:12:05
173261,129038,5598,1,Histórico Evolvy,pending,snoozed,2024-09-25 03:20:07
173263,129044,5598,1,Histórico Evolvy,pending,snoozed,2024-09-25 04:21:06
173264,129047,5598,1,Histórico Evolvy,pending,snoozed,2024-09-25 05:15:07
173265,129052,5598,1,Histórico Evolvy,pending,snoozed,2024-09-25 06:35:07
173266,129053,5598,1,Histórico Evolvy,pending,snoozed,2024-09-25 06:50:06
173267,129055,5598,1,Histórico Evolvy,pending,snoozed,2024-09-25 07:47:07
173268,129067,5598,1,Histórico Evolvy,pending,snoozed,2024-09-25 09:36:06
173269,129072,5598,1,Histórico Evolvy,pending,snoozed,2024-09-25 09:49:10
173270,129076,5598,1,Histórico Evolvy,pending,snoozed,2024-09-25 10:00:06
173271,129077,5598,1,Histórico Evolvy,pending,snoozed,2024-09-25 10:04:07
173273,129079,5598,1,Histórico Evolvy,pending,snoozed,2024-09-25 10:22:07
173274,129081,5598,1,Histórico Evolvy,pending,snoozed,2024-09-25 10:37:07
173275,129082,5598,1,Histórico Evolvy,pending,snoozed,2024-09-25 10:39:06
173276,129084,5598,1,Histórico Evolvy,pending,snoozed,2024-09-25 10:53:07
173278,129086,5598,1,Histórico Evolvy,pending,snoozed,2024-09-25 11:03:07
173279,129087,5598,1,Histórico Evolvy,pending,snoozed,2024-09-25 11:06:07
173280,129089,5598,1,Histórico Evolvy,pending,snoozed,2024-09-25 11:10:06
173281,129099,5598,1,Histórico Evolvy,pending,snoozed,2024-09-25 11:33:06
173284,129108,5598,1,Histórico Evolvy,pending,snoozed,2024-09-25 12:16:56
173285,129113,5598,1,Histórico Evolvy,pending,snoozed,2024-09-25 12:30:08
173286,129114,5598,1,Histórico Evolvy,pending,snoozed,2024-09-25 12:31:11
173288,129116,5598,1,Histórico Evolvy,pending,snoozed,2024-09-25 12:36:18
173289,129125,5598,1,Histórico Evolvy,pending,snoozed,2024-09-25 12:51:06
173290,129127,5598,1,Histórico Evolvy,pending,snoozed,2024-09-25 13:02:07
173291,129130,5598,1,Histórico Evolvy,pending,snoozed,2024-09-25 13:13:07
173292,129132,5598,1,Histórico Evolvy,pending,snoozed,2024-09-25 13:17:09
173294,129136,5598,1,Histórico Evolvy,pending,snoozed,2024-09-25 13:34:06
173296,129139,5598,1,Histórico Evolvy,pending,snoozed,2024-09-25 13:41:17
173298,129142,5598,1,Histórico Evolvy,pending,snoozed,2024-09-25 13:50:09
173301,129148,5598,1,Histórico Evolvy,pending,snoozed,2024-09-25 14:08:07
173302,129151,5598,1,Histórico Evolvy,pending,snoozed,2024-09-25 14:12:08
173303,129152,5598,1,Histórico Evolvy,pending,snoozed,2024-09-25 14:13:07
173307,129166,5598,1,Histórico Evolvy,pending,snoozed,2024-09-25 14:46:07
173308,129167,5598,1,Histórico Evolvy,pending,snoozed,2024-09-25 14:47:09
173310,129173,5598,1,Histórico Evolvy,pending,snoozed,2024-09-25 15:00:12
173313,129180,5598,1,Histórico Evolvy,pending,snoozed,2024-09-25 15:17:07
173314,129181,5598,1,Histórico Evolvy,pending,snoozed,2024-09-25 15:24:09
173317,129187,5598,1,Histórico Evolvy,pending,snoozed,2024-09-25 15:32:05
173319,129193,5598,1,Histórico Evolvy,pending,snoozed,2024-09-25 15:52:06
173320,129195,5598,1,Histórico Evolvy,pending,snoozed,2024-09-25 16:06:09
173321,129196,5598,1,Histórico Evolvy,pending,snoozed,2024-09-25 16:08:06
173322,129197,5598,1,Histórico Evolvy,pending,snoozed,2024-09-25 16:09:04
173323,129199,5598,1,Histórico Evolvy,pending,snoozed,2024-09-25 16:09:08
173324,129205,5598,1,Histórico Evolvy,pending,snoozed,2024-09-25 16:31:08
173325,129208,5598,1,Histórico Evolvy,pending,snoozed,2024-09-25 16:34:05
173326,129210,5598,1,Histórico Evolvy,pending,snoozed,2024-09-25 16:51:16
173327,129214,5598,1,Histórico Evolvy,pending,snoozed,2024-09-25 17:06:06
173328,129215,5598,1,Histórico Evolvy,pending,snoozed,2024-09-25 17:09:09
173330,129227,5598,1,Histórico Evolvy,pending,snoozed,2024-09-25 17:38:07
173331,129229,5598,1,Histórico Evolvy,pending,snoozed,2024-09-25 17:40:14
173334,129242,5598,1,Histórico Evolvy,pending,snoozed,2024-09-25 18:05:11
173335,129243,5598,1,Histórico Evolvy,pending,snoozed,2024-09-25 18:09:06
173336,129246,5598,1,Histórico Evolvy,pending,snoozed,2024-09-25 18:15:08
173337,129247,5598,1,Histórico Evolvy,pending,snoozed,2024-09-25 18:26:08
173339,129253,5598,1,Histórico Evolvy,pending,snoozed,2024-09-25 18:52:05
173341,129260,5598,1,Histórico Evolvy,pending,snoozed,2024-09-25 19:03:08
173342,129266,5598,1,Histórico Evolvy,pending,snoozed,2024-09-25 19:23:07
173343,129271,5598,1,Histórico Evolvy,pending,snoozed,2024-09-25 19:36:05
173345,129279,5598,1,Histórico Evolvy,pending,snoozed,2024-09-25 19:55:07
173346,129284,5598,1,Histórico Evolvy,pending,snoozed,2024-09-25 20:11:06
173348,129295,5598,1,Histórico Evolvy,pending,snoozed,2024-09-25 20:44:07
173350,129306,5598,1,Histórico Evolvy,pending,snoozed,2024-09-25 21:17:13
173351,129309,5598,1,Histórico Evolvy,pending,snoozed,2024-09-25 21:34:07
173353,129311,5598,1,Histórico Evolvy,pending,snoozed,2024-09-25 21:36:06
173354,129312,5598,1,Histórico Evolvy,pending,snoozed,2024-09-25 21:45:08
173355,129314,5598,1,Histórico Evolvy,pending,snoozed,2024-09-25 21:55:10
173356,129324,5598,1,Histórico Evolvy,pending,snoozed,2024-09-25 22:17:05
173357,129327,5598,1,Histórico Evolvy,pending,snoozed,2024-09-25 22:22:07
173359,129337,5598,1,Histórico Evolvy,pending,snoozed,2024-09-25 22:47:07
173360,129338,5598,1,Histórico Evolvy,pending,snoozed,2024-09-25 22:48:06
173364,129342,5598,1,Histórico Evolvy,pending,snoozed,2024-09-25 22:57:07
173367,129352,5598,1,Histórico Evolvy,pending,snoozed,2024-09-25 23:22:06
173368,129357,5598,1,Histórico Evolvy,pending,snoozed,2024-09-25 23:33:06
173369,129359,5598,1,Histórico Evolvy,pending,snoozed,2024-09-25 23:54:09
173370,129362,5598,1,Histórico Evolvy,pending,snoozed,2024-09-25 23:58:07
173371,129364,5598,1,Histórico Evolvy,pending,snoozed,2024-09-26 00:01:06
173372,129368,5598,1,Histórico Evolvy,pending,snoozed,2024-09-26 00:09:07
173373,129369,5598,1,Histórico Evolvy,pending,snoozed,2024-09-26 00:10:08
173374,129370,5598,1,Histórico Evolvy,pending,snoozed,2024-09-26 00:10:11
173375,129381,5598,1,Histórico Evolvy,pending,snoozed,2024-09-26 00:46:09
173376,129383,5598,1,Histórico Evolvy,pending,snoozed,2024-09-26 00:57:07
173378,129391,5598,1,Histórico Evolvy,pending,snoozed,2024-09-26 01:24:06
173379,129392,5598,1,Histórico Evolvy,pending,snoozed,2024-09-26 01:24:08
173380,129395,5598,1,Histórico Evolvy,pending,snoozed,2024-09-26 01:30:09
173383,129404,5598,1,Histórico Evolvy,pending,snoozed,2024-09-26 01:50:09
173384,129405,5598,1,Histórico Evolvy,pending,snoozed,2024-09-26 01:55:06
173388,129413,5598,1,Histórico Evolvy,pending,snoozed,2024-09-26 02:05:07
173390,129422,5598,1,Histórico Evolvy,pending,snoozed,2024-09-26 03:05:08
173391,129424,5598,1,Histórico Evolvy,pending,snoozed,2024-09-26 03:31:06
173392,129427,5598,1,Histórico Evolvy,pending,snoozed,2024-09-26 03:59:05
173393,129428,5598,1,Histórico Evolvy,pending,snoozed,2024-09-26 04:39:07
173394,129433,5598,1,Histórico Evolvy,pending,snoozed,2024-09-26 05:41:06
173395,129435,5598,1,Histórico Evolvy,pending,snoozed,2024-09-26 06:12:05
173396,129437,5598,1,Histórico Evolvy,pending,snoozed,2024-09-26 06:31:07
173397,129438,5598,1,Histórico Evolvy,pending,snoozed,2024-09-26 07:04:06
173400,129445,5598,1,Histórico Evolvy,pending,snoozed,2024-09-26 08:45:07
173401,129447,5598,1,Histórico Evolvy,pending,snoozed,2024-09-26 09:05:07
173402,129448,5598,1,Histórico Evolvy,pending,snoozed,2024-09-26 09:11:07
173403,129449,5598,1,Histórico Evolvy,pending,snoozed,2024-09-26 09:13:05
173405,129461,5598,1,Histórico Evolvy,pending,snoozed,2024-09-26 10:09:07
173408,129464,5598,1,Histórico Evolvy,pending,snoozed,2024-09-26 10:22:10
173410,129466,5598,1,Histórico Evolvy,pending,snoozed,2024-09-26 10:32:07
173411,129467,5598,1,Histórico Evolvy,pending,snoozed,2024-09-26 10:37:08
173412,129468,5598,1,Histórico Evolvy,pending,snoozed,2024-09-26 10:47:07
173416,129483,5598,1,Histórico Evolvy,pending,snoozed,2024-09-26 11:16:06
173417,129487,5598,1,Histórico Evolvy,pending,snoozed,2024-09-26 11:28:07
173418,129488,5598,1,Histórico Evolvy,pending,snoozed,2024-09-26 11:30:06
173420,129497,5598,1,Histórico Evolvy,pending,snoozed,2024-09-26 11:59:08
173421,129501,5598,1,Histórico Evolvy,pending,snoozed,2024-09-26 12:17:06
173422,129502,5598,1,Histórico Evolvy,pending,snoozed,2024-09-26 12:17:09
173424,129504,5598,1,Histórico Evolvy,pending,snoozed,2024-09-26 12:20:06
173425,129505,5598,1,Histórico Evolvy,pending,snoozed,2024-09-26 12:22:07
173426,129508,5598,1,Histórico Evolvy,pending,snoozed,2024-09-26 12:30:10
173427,129510,5598,1,Histórico Evolvy,pending,snoozed,2024-09-26 12:33:08
173430,129515,5598,1,Histórico Evolvy,pending,snoozed,2024-09-26 12:47:08
173431,129516,5598,1,Histórico Evolvy,pending,snoozed,2024-09-26 12:47:11
173432,129518,5598,1,Histórico Evolvy,pending,snoozed,2024-09-26 12:53:06
173433,129521,5598,1,Histórico Evolvy,pending,snoozed,2024-09-26 13:03:06
173434,129522,5598,1,Histórico Evolvy,pending,snoozed,2024-09-26 13:05:06
173436,129525,5598,1,Histórico Evolvy,pending,snoozed,2024-09-26 13:13:09
173437,129527,5598,1,Histórico Evolvy,pending,snoozed,2024-09-26 13:19:20
173442,129548,5598,1,Histórico Evolvy,pending,snoozed,2024-09-26 14:18:07
173445,129554,5598,1,Histórico Evolvy,pending,snoozed,2024-09-26 14:38:06
173446,129555,5598,1,Histórico Evolvy,pending,snoozed,2024-09-26 14:39:08
173448,129559,5598,1,Histórico Evolvy,pending,snoozed,2024-09-26 14:46:05
173449,129560,5598,1,Histórico Evolvy,pending,snoozed,2024-09-26 14:51:07
173451,129570,5598,1,Histórico Evolvy,pending,snoozed,2024-09-26 15:18:07
173452,129571,5598,1,Histórico Evolvy,pending,snoozed,2024-09-26 15:18:10
173453,129573,5598,1,Histórico Evolvy,pending,snoozed,2024-09-26 15:29:07
173456,129576,5598,1,Histórico Evolvy,pending,snoozed,2024-09-26 15:33:05
173457,129577,5598,1,Histórico Evolvy,pending,snoozed,2024-09-26 15:34:07
173459,129597,5598,1,Histórico Evolvy,pending,snoozed,2024-09-26 16:05:06
173460,129598,5598,1,Histórico Evolvy,pending,snoozed,2024-09-26 16:05:09
173461,129603,5598,1,Histórico Evolvy,pending,snoozed,2024-09-26 16:25:08
173463,129605,5598,1,Histórico Evolvy,pending,snoozed,2024-09-26 16:28:09
173464,129606,5598,1,Histórico Evolvy,pending,snoozed,2024-09-26 16:31:06
173465,129610,5598,1,Histórico Evolvy,pending,snoozed,2024-09-26 16:48:06
173467,129612,5598,1,Histórico Evolvy,pending,snoozed,2024-09-26 16:49:16
173469,129633,5598,1,Histórico Evolvy,pending,snoozed,2024-09-26 17:33:07
173471,129640,5598,1,Histórico Evolvy,pending,snoozed,2024-09-26 17:44:08
173472,129643,5598,1,Histórico Evolvy,pending,snoozed,2024-09-26 17:53:07
174977,129659,5598,1,Histórico Evolvy,pending,snoozed,2024-09-26 18:52:05
174978,129662,5598,1,Histórico Evolvy,pending,snoozed,2024-09-26 19:01:06
174979,129664,5598,1,Histórico Evolvy,pending,snoozed,2024-09-26 19:05:08
174980,129669,5598,1,Histórico Evolvy,pending,snoozed,2024-09-26 19:15:07
174982,129677,5598,1,Histórico Evolvy,pending,snoozed,2024-09-26 19:33:06
174983,129684,5598,1,Histórico Evolvy,pending,snoozed,2024-09-26 20:04:12
174984,129685,5598,1,Histórico Evolvy,pending,snoozed,2024-09-26 20:05:10
174989,129699,5598,1,Histórico Evolvy,pending,snoozed,2024-09-26 20:35:07
174991,129704,5598,1,Histórico Evolvy,pending,snoozed,2024-09-26 20:55:07
174993,129712,5598,1,Histórico Evolvy,pending,snoozed,2024-09-26 21:14:05
174995,129714,5598,1,Histórico Evolvy,pending,snoozed,2024-09-26 21:17:09
174996,129723,5598,1,Histórico Evolvy,pending,snoozed,2024-09-26 21:31:06
174998,129732,5598,1,Histórico Evolvy,pending,snoozed,2024-09-26 22:00:32
175001,129738,5598,1,Histórico Evolvy,pending,snoozed,2024-09-26 22:17:06
175002,129742,5598,1,Histórico Evolvy,pending,snoozed,2024-09-26 22:31:15
175004,129745,5598,1,Histórico Evolvy,pending,snoozed,2024-09-26 22:37:06
175005,129752,5598,1,Histórico Evolvy,pending,snoozed,2024-09-26 23:00:09
175006,129753,5598,1,Histórico Evolvy,pending,snoozed,2024-09-26 23:02:07
175007,129754,5598,1,Histórico Evolvy,pending,snoozed,2024-09-26 23:03:06
175008,129756,5598,1,Histórico Evolvy,pending,snoozed,2024-09-26 23:14:08
175009,129757,5598,1,Histórico Evolvy,pending,snoozed,2024-09-26 23:17:06
175010,129758,5598,1,Histórico Evolvy,pending,snoozed,2024-09-26 23:22:07
175011,129759,5598,1,Histórico Evolvy,pending,snoozed,2024-09-26 23:25:07
175012,129761,5598,1,Histórico Evolvy,pending,snoozed,2024-09-26 23:38:05
175013,129763,5598,1,Histórico Evolvy,pending,snoozed,2024-09-26 23:42:07
175014,129764,5598,1,Histórico Evolvy,pending,snoozed,2024-09-26 23:52:06
175017,129768,5598,1,Histórico Evolvy,pending,snoozed,2024-09-27 00:08:08
175018,129772,5598,1,Histórico Evolvy,pending,snoozed,2024-09-27 00:17:05
175019,129774,5598,1,Histórico Evolvy,pending,snoozed,2024-09-27 00:25:07
175020,129775,5598,1,Histórico Evolvy,pending,snoozed,2024-09-27 00:30:10
175021,129776,5598,1,Histórico Evolvy,pending,snoozed,2024-09-27 00:30:13
175022,129779,5598,1,Histórico Evolvy,pending,snoozed,2024-09-27 00:40:06
175023,129780,5598,1,Histórico Evolvy,pending,snoozed,2024-09-27 00:40:08
175025,129786,5598,1,Histórico Evolvy,pending,snoozed,2024-09-27 01:13:08
175026,129789,5598,1,Histórico Evolvy,pending,snoozed,2024-09-27 01:19:08
175027,129790,5598,1,Histórico Evolvy,pending,snoozed,2024-09-27 01:24:07
175028,129792,5598,1,Histórico Evolvy,pending,snoozed,2024-09-27 01:30:07
175029,129793,5598,1,Histórico Evolvy,pending,snoozed,2024-09-27 01:36:06
175030,129794,5598,1,Histórico Evolvy,pending,snoozed,2024-09-27 01:47:07
175031,129799,5598,1,Histórico Evolvy,pending,snoozed,2024-09-27 02:07:06
175032,129800,5598,1,Histórico Evolvy,pending,snoozed,2024-09-27 02:07:09
175033,129803,5598,1,Histórico Evolvy,pending,snoozed,2024-09-27 02:28:07
175034,129804,5598,1,Histórico Evolvy,pending,snoozed,2024-09-27 02:35:07
175035,129805,5598,1,Histórico Evolvy,pending,snoozed,2024-09-27 02:36:06
175036,129809,5598,1,Histórico Evolvy,pending,snoozed,2024-09-27 03:10:07
175037,129816,5598,1,Histórico Evolvy,pending,snoozed,2024-09-27 03:45:07
175038,129817,5598,1,Histórico Evolvy,pending,snoozed,2024-09-27 04:08:06
175039,129819,5598,1,Histórico Evolvy,pending,snoozed,2024-09-27 04:40:08
175041,129828,5598,1,Histórico Evolvy,pending,snoozed,2024-09-27 06:17:07
175043,129833,5598,1,Histórico Evolvy,pending,snoozed,2024-09-27 07:07:06
175045,129841,5598,1,Histórico Evolvy,pending,snoozed,2024-09-27 08:14:05
175046,129842,5598,1,Histórico Evolvy,pending,snoozed,2024-09-27 08:17:07
175047,129844,5598,1,Histórico Evolvy,pending,snoozed,2024-09-27 08:25:06
175049,129848,5598,1,Histórico Evolvy,pending,snoozed,2024-09-27 09:39:07
175050,129851,5598,1,Histórico Evolvy,pending,snoozed,2024-09-27 09:46:07
175051,129854,5598,1,Histórico Evolvy,pending,snoozed,2024-09-27 09:55:07
175053,129861,5598,1,Histórico Evolvy,pending,snoozed,2024-09-27 10:24:06
175055,129865,5598,1,Histórico Evolvy,pending,snoozed,2024-09-27 10:37:11
175056,129866,5598,1,Histórico Evolvy,pending,snoozed,2024-09-27 10:50:08
175059,129874,5598,1,Histórico Evolvy,pending,snoozed,2024-09-27 11:22:07
175060,129875,5598,1,Histórico Evolvy,pending,snoozed,2024-09-27 11:22:09
175061,129876,5598,1,Histórico Evolvy,pending,snoozed,2024-09-27 11:23:06
175066,129891,5598,1,Histórico Evolvy,pending,snoozed,2024-09-27 12:06:08
175067,129892,5598,1,Histórico Evolvy,pending,snoozed,2024-09-27 12:09:07
175073,129925,5598,1,Histórico Evolvy,pending,snoozed,2024-09-27 13:28:07
175074,129926,5598,1,Histórico Evolvy,pending,snoozed,2024-09-27 13:29:07
175075,129933,5598,1,Histórico Evolvy,pending,snoozed,2024-09-27 13:52:06
175076,129934,5598,1,Histórico Evolvy,pending,snoozed,2024-09-27 13:55:07
175079,129939,5598,1,Histórico Evolvy,pending,snoozed,2024-09-27 14:05:08
175080,129941,5598,1,Histórico Evolvy,pending,snoozed,2024-09-27 14:09:07
175083,129948,5598,1,Histórico Evolvy,pending,snoozed,2024-09-27 14:28:09
175084,129957,5598,1,Histórico Evolvy,pending,snoozed,2024-09-27 14:44:07
175085,129958,5598,1,Histórico Evolvy,pending,snoozed,2024-09-27 14:49:06
175086,129963,5598,1,Histórico Evolvy,pending,snoozed,2024-09-27 14:59:06
175087,129965,5598,1,Histórico Evolvy,pending,snoozed,2024-09-27 15:07:07
175088,129970,5598,1,Histórico Evolvy,pending,snoozed,2024-09-27 15:25:08
175090,129977,5598,1,Histórico Evolvy,pending,snoozed,2024-09-27 15:34:08
175092,129981,5598,1,Histórico Evolvy,pending,snoozed,2024-09-27 15:46:07
175093,129986,5598,1,Histórico Evolvy,pending,snoozed,2024-09-27 16:01:15
175094,129988,5598,1,Histórico Evolvy,pending,snoozed,2024-09-27 16:03:08
175095,129989,5598,1,Histórico Evolvy,pending,snoozed,2024-09-27 16:05:09
175096,130004,5598,1,Histórico Evolvy,pending,snoozed,2024-09-27 16:44:08
175097,130005,5598,1,Histórico Evolvy,pending,snoozed,2024-09-27 16:45:08
175100,130017,5598,1,Histórico Evolvy,pending,snoozed,2024-09-27 17:17:06
175101,130022,5598,1,Histórico Evolvy,pending,snoozed,2024-09-27 17:34:05
175102,130024,5598,1,Histórico Evolvy,pending,snoozed,2024-09-27 17:39:06
175103,130029,5598,1,Histórico Evolvy,pending,snoozed,2024-09-27 17:44:15
175105,130033,5598,1,Histórico Evolvy,pending,snoozed,2024-09-27 17:54:05
175106,130039,5598,1,Histórico Evolvy,pending,snoozed,2024-09-27 18:09:07
175108,130043,5598,1,Histórico Evolvy,pending,snoozed,2024-09-27 18:21:07
175111,130052,5598,1,Histórico Evolvy,pending,snoozed,2024-09-27 18:50:07
175113,130060,5598,1,Histórico Evolvy,pending,snoozed,2024-09-27 19:40:10
175114,130061,5598,1,Histórico Evolvy,pending,snoozed,2024-09-27 19:41:06
175115,130064,5598,1,Histórico Evolvy,pending,snoozed,2024-09-27 19:44:10
175116,130066,5598,1,Histórico Evolvy,pending,snoozed,2024-09-27 19:49:06
175117,130068,5598,1,Histórico Evolvy,pending,snoozed,2024-09-27 19:54:08
175118,130069,5598,1,Histórico Evolvy,pending,snoozed,2024-09-27 19:56:08
175120,130073,5598,1,Histórico Evolvy,pending,snoozed,2024-09-27 20:09:09
175125,130094,5598,1,Histórico Evolvy,pending,snoozed,2024-09-27 21:32:06
175126,130095,5598,1,Histórico Evolvy,pending,snoozed,2024-09-27 21:35:07
175128,130100,5598,1,Histórico Evolvy,pending,snoozed,2024-09-27 22:04:08
175129,130101,5598,1,Histórico Evolvy,pending,snoozed,2024-09-27 22:13:05
175130,130103,5598,1,Histórico Evolvy,pending,snoozed,2024-09-27 22:35:11
175132,130109,5598,1,Histórico Evolvy,pending,snoozed,2024-09-27 23:13:05
175133,130110,5598,1,Histórico Evolvy,pending,snoozed,2024-09-27 23:19:05
175134,130114,5598,1,Histórico Evolvy,pending,snoozed,2024-09-27 23:35:06
175135,130115,5598,1,Histórico Evolvy,pending,snoozed,2024-09-27 23:37:08
175136,130118,5598,1,Histórico Evolvy,pending,snoozed,2024-09-27 23:54:08
175137,130121,5598,1,Histórico Evolvy,pending,snoozed,2024-09-28 00:12:06
175138,130123,5598,1,Histórico Evolvy,pending,snoozed,2024-09-28 00:22:06
175139,130125,5598,1,Histórico Evolvy,pending,snoozed,2024-09-28 00:30:08
175140,130127,5598,1,Histórico Evolvy,pending,snoozed,2024-09-28 00:32:07
175146,130142,5598,1,Histórico Evolvy,pending,snoozed,2024-09-28 01:26:06
175148,130146,5598,1,Histórico Evolvy,pending,snoozed,2024-09-28 01:40:07
175149,130148,5598,1,Histórico Evolvy,pending,snoozed,2024-09-28 01:53:08
175150,130152,5598,1,Histórico Evolvy,pending,snoozed,2024-09-28 02:22:06
175151,130154,5598,1,Histórico Evolvy,pending,snoozed,2024-09-28 02:34:07
175152,130155,5598,1,Histórico Evolvy,pending,snoozed,2024-09-28 02:38:06
175153,130159,5598,1,Histórico Evolvy,pending,snoozed,2024-09-28 02:51:05
175154,130162,5598,1,Histórico Evolvy,pending,snoozed,2024-09-28 03:23:05
175155,130173,5598,1,Histórico Evolvy,pending,snoozed,2024-09-28 06:04:06
175156,130175,5598,1,Histórico Evolvy,pending,snoozed,2024-09-28 06:31:05
175158,130180,5598,1,Histórico Evolvy,pending,snoozed,2024-09-28 07:38:07
175160,130183,5598,1,Histórico Evolvy,pending,snoozed,2024-09-28 08:01:07
175162,130198,5598,1,Histórico Evolvy,pending,snoozed,2024-09-28 09:24:06
175163,130201,5598,1,Histórico Evolvy,pending,snoozed,2024-09-28 09:40:06
175164,130204,5598,1,Histórico Evolvy,pending,snoozed,2024-09-28 09:50:06
175165,130205,5598,1,Histórico Evolvy,pending,snoozed,2024-09-28 09:50:08
175167,130211,5598,1,Histórico Evolvy,pending,snoozed,2024-09-28 10:04:06
175168,130212,5598,1,Histórico Evolvy,pending,snoozed,2024-09-28 10:04:09
175169,130214,5598,1,Histórico Evolvy,pending,snoozed,2024-09-28 10:07:06
175171,130217,5598,1,Histórico Evolvy,pending,snoozed,2024-09-28 10:18:07
175172,130218,5598,1,Histórico Evolvy,pending,snoozed,2024-09-28 10:19:08
175173,130221,5598,1,Histórico Evolvy,pending,snoozed,2024-09-28 10:27:05
175174,130222,5598,1,Histórico Evolvy,pending,snoozed,2024-09-28 10:40:06
175176,130225,5598,1,Histórico Evolvy,pending,snoozed,2024-09-28 10:58:10
175177,130226,5598,1,Histórico Evolvy,pending,snoozed,2024-09-28 10:59:05
175178,130227,5598,1,Histórico Evolvy,pending,snoozed,2024-09-28 11:05:07
175179,130228,5598,1,Histórico Evolvy,pending,snoozed,2024-09-28 11:07:07
175181,130230,5598,1,Histórico Evolvy,pending,snoozed,2024-09-28 11:10:08
175182,130232,5598,1,Histórico Evolvy,pending,snoozed,2024-09-28 11:21:06
175183,130235,5598,1,Histórico Evolvy,pending,snoozed,2024-09-28 11:24:05
175184,130238,5598,1,Histórico Evolvy,pending,snoozed,2024-09-28 11:30:10
175185,130239,5598,1,Histórico Evolvy,pending,snoozed,2024-09-28 11:30:12
175186,130242,5598,1,Histórico Evolvy,pending,snoozed,2024-09-28 11:31:10
175188,130244,5598,1,Histórico Evolvy,pending,snoozed,2024-09-28 11:32:10
175189,130248,5598,1,Histórico Evolvy,pending,snoozed,2024-09-28 11:41:05
175190,130249,5598,1,Histórico Evolvy,pending,snoozed,2024-09-28 11:41:07
175191,130251,5598,1,Histórico Evolvy,pending,snoozed,2024-09-28 11:47:10
175192,130252,5598,1,Histórico Evolvy,pending,snoozed,2024-09-28 11:53:10
175193,130254,5598,1,Histórico Evolvy,pending,snoozed,2024-09-28 11:56:08
175196,130260,5598,1,Histórico Evolvy,pending,snoozed,2024-09-28 12:01:07
175197,130264,5598,1,Histórico Evolvy,pending,snoozed,2024-09-28 12:07:06
175198,130267,5598,1,Histórico Evolvy,pending,snoozed,2024-09-28 12:14:04
175199,130268,5598,1,Histórico Evolvy,pending,snoozed,2024-09-28 12:16:06
175200,130270,5598,1,Histórico Evolvy,pending,snoozed,2024-09-28 12:31:09
175201,130271,5598,1,Histórico Evolvy,pending,snoozed,2024-09-28 12:32:06
175202,130272,5598,1,Histórico Evolvy,pending,snoozed,2024-09-28 12:36:08
175203,130273,5598,1,Histórico Evolvy,pending,snoozed,2024-09-28 12:41:08
175204,130274,5598,1,Histórico Evolvy,pending,snoozed,2024-09-28 12:45:06
175205,130275,5598,1,Histórico Evolvy,pending,snoozed,2024-09-28 12:50:11
175206,130276,5598,1,Histórico Evolvy,pending,snoozed,2024-09-28 12:51:09
175207,130277,5598,1,Histórico Evolvy,pending,snoozed,2024-09-28 12:55:06
175208,130278,5598,1,Histórico Evolvy,pending,snoozed,2024-09-28 12:55:09
175210,130282,5598,1,Histórico Evolvy,pending,snoozed,2024-09-28 13:08:07
175213,130291,5598,1,Histórico Evolvy,pending,snoozed,2024-09-28 13:16:06
175214,130292,5598,1,Histórico Evolvy,pending,snoozed,2024-09-28 13:20:10
175216,130299,5598,1,Histórico Evolvy,pending,snoozed,2024-09-28 13:31:08
175217,130300,5598,1,Histórico Evolvy,pending,snoozed,2024-09-28 13:33:07
175219,130304,5598,1,Histórico Evolvy,pending,snoozed,2024-09-28 13:39:06
175221,130311,5598,1,Histórico Evolvy,pending,snoozed,2024-09-28 13:51:05
175222,130315,5598,1,Histórico Evolvy,pending,snoozed,2024-09-28 13:54:08
175223,130319,5598,1,Histórico Evolvy,pending,snoozed,2024-09-28 13:58:05
175224,130321,5598,1,Histórico Evolvy,pending,snoozed,2024-09-28 14:06:06
175225,130324,5598,1,Histórico Evolvy,pending,snoozed,2024-09-28 14:10:07
175226,130325,5598,1,Histórico Evolvy,pending,snoozed,2024-09-28 14:12:08
175227,130327,5598,1,Histórico Evolvy,pending,snoozed,2024-09-28 14:14:06
175229,130332,5598,1,Histórico Evolvy,pending,snoozed,2024-09-28 14:30:08
175230,130335,5598,1,Histórico Evolvy,pending,snoozed,2024-09-28 14:36:09
175232,130340,5598,1,Histórico Evolvy,pending,snoozed,2024-09-28 14:55:09
175233,130342,5598,1,Histórico Evolvy,pending,snoozed,2024-09-28 14:57:06
175234,130344,5598,1,Histórico Evolvy,pending,snoozed,2024-09-28 14:59:06
175236,130348,5598,1,Histórico Evolvy,pending,snoozed,2024-09-28 15:17:08
175238,130350,5598,1,Histórico Evolvy,pending,snoozed,2024-09-28 15:20:12
175240,130357,5598,1,Histórico Evolvy,pending,snoozed,2024-09-28 15:36:06
175242,130364,5598,1,Histórico Evolvy,pending,snoozed,2024-09-28 15:51:08
175243,130375,5598,1,Histórico Evolvy,pending,snoozed,2024-09-28 16:05:06
175245,130389,5598,1,Histórico Evolvy,pending,snoozed,2024-09-28 16:38:05
175246,130392,5598,1,Histórico Evolvy,pending,snoozed,2024-09-28 16:57:06
175248,130410,5598,1,Histórico Evolvy,pending,snoozed,2024-09-28 18:14:07
175249,130411,5598,1,Histórico Evolvy,pending,snoozed,2024-09-28 18:15:06
175250,130412,5598,1,Histórico Evolvy,pending,snoozed,2024-09-28 18:16:07
175251,130413,5598,1,Histórico Evolvy,pending,snoozed,2024-09-28 18:18:06
175252,130414,5598,1,Histórico Evolvy,pending,snoozed,2024-09-28 18:23:08
175253,130415,5598,1,Histórico Evolvy,pending,snoozed,2024-09-28 18:24:06
175257,130423,5598,1,Histórico Evolvy,pending,snoozed,2024-09-28 18:51:12
175258,130424,5598,1,Histórico Evolvy,pending,snoozed,2024-09-28 18:57:07
175259,130425,5598,1,Histórico Evolvy,pending,snoozed,2024-09-28 18:58:06
175260,130426,5598,1,Histórico Evolvy,pending,snoozed,2024-09-28 18:58:09
175262,130431,5598,1,Histórico Evolvy,pending,snoozed,2024-09-28 19:07:09
175264,130435,5598,1,Histórico Evolvy,pending,snoozed,2024-09-28 19:16:08
175266,130437,5598,1,Histórico Evolvy,pending,snoozed,2024-09-28 19:25:08
175267,130438,5598,1,Histórico Evolvy,pending,snoozed,2024-09-28 19:28:08
175268,130439,5598,1,Histórico Evolvy,pending,snoozed,2024-09-28 19:30:08
175270,130441,5598,1,Histórico Evolvy,pending,snoozed,2024-09-28 19:31:09
175271,130445,5598,1,Histórico Evolvy,pending,snoozed,2024-09-28 19:40:08
175272,130447,5598,1,Histórico Evolvy,pending,snoozed,2024-09-28 19:49:07
175274,130451,5598,1,Histórico Evolvy,pending,snoozed,2024-09-28 19:58:06
175276,130453,5598,1,Histórico Evolvy,pending,snoozed,2024-09-28 20:08:09
175277,130454,5598,1,Histórico Evolvy,pending,snoozed,2024-09-28 20:14:06
175278,130458,5598,1,Histórico Evolvy,pending,snoozed,2024-09-28 20:38:06
175279,130462,5598,1,Histórico Evolvy,pending,snoozed,2024-09-28 20:57:06
175280,130463,5598,1,Histórico Evolvy,pending,snoozed,2024-09-28 20:58:06
175281,130464,5598,1,Histórico Evolvy,pending,snoozed,2024-09-28 21:01:05
175282,130467,5598,1,Histórico Evolvy,pending,snoozed,2024-09-28 21:05:07
175283,130468,5598,1,Histórico Evolvy,pending,snoozed,2024-09-28 21:06:06
175285,130473,5598,1,Histórico Evolvy,pending,snoozed,2024-09-28 21:11:06
175286,130478,5598,1,Histórico Evolvy,pending,snoozed,2024-09-28 21:40:11
175288,130489,5598,1,Histórico Evolvy,pending,snoozed,2024-09-28 22:36:07
175289,130495,5598,1,Histórico Evolvy,pending,snoozed,2024-09-28 23:03:07
175291,130511,5598,1,Histórico Evolvy,pending,snoozed,2024-09-28 23:54:07
175292,130514,5598,1,Histórico Evolvy,pending,snoozed,2024-09-29 00:12:09
175293,130517,5598,1,Histórico Evolvy,pending,snoozed,2024-09-29 00:17:09
175295,130523,5598,1,Histórico Evolvy,pending,snoozed,2024-09-29 00:34:07
175296,130528,5598,1,Histórico Evolvy,pending,snoozed,2024-09-29 00:42:07
175297,130529,5598,1,Histórico Evolvy,pending,snoozed,2024-09-29 00:44:08
175300,130536,5598,1,Histórico Evolvy,pending,snoozed,2024-09-29 01:02:05
175301,130537,5598,1,Histórico Evolvy,pending,snoozed,2024-09-29 01:19:06
175303,130545,5598,1,Histórico Evolvy,pending,snoozed,2024-09-29 02:03:07
175304,130546,5598,1,Histórico Evolvy,pending,snoozed,2024-09-29 02:03:09
175306,130553,5598,1,Histórico Evolvy,pending,snoozed,2024-09-29 03:14:07
175307,130558,5598,1,Histórico Evolvy,pending,snoozed,2024-09-29 04:23:06
175308,130563,5598,1,Histórico Evolvy,pending,snoozed,2024-09-29 06:09:06
175309,130567,5598,1,Histórico Evolvy,pending,snoozed,2024-09-29 07:36:06
175313,130571,5598,1,Histórico Evolvy,pending,snoozed,2024-09-29 08:09:06
175314,130580,5598,1,Histórico Evolvy,pending,snoozed,2024-09-29 09:25:06
175315,130591,5598,1,Histórico Evolvy,pending,snoozed,2024-09-29 09:51:10
175316,130592,5598,1,Histórico Evolvy,pending,snoozed,2024-09-29 09:54:05
175317,130595,5598,1,Histórico Evolvy,pending,snoozed,2024-09-29 10:10:08
175318,130597,5598,1,Histórico Evolvy,pending,snoozed,2024-09-29 10:15:08
175319,130601,5598,1,Histórico Evolvy,pending,snoozed,2024-09-29 10:26:06
175322,130607,5598,1,Histórico Evolvy,pending,snoozed,2024-09-29 10:59:07
175323,130608,5598,1,Histórico Evolvy,pending,snoozed,2024-09-29 11:04:07
175325,130612,5598,1,Histórico Evolvy,pending,snoozed,2024-09-29 11:12:06
175326,130614,5598,1,Histórico Evolvy,pending,snoozed,2024-09-29 11:14:05
175327,130616,5598,1,Histórico Evolvy,pending,snoozed,2024-09-29 11:16:07
175328,130617,5598,1,Histórico Evolvy,pending,snoozed,2024-09-29 11:27:07
175333,130626,5598,1,Histórico Evolvy,pending,snoozed,2024-09-29 11:54:09
175334,130627,5598,1,Histórico Evolvy,pending,snoozed,2024-09-29 11:54:12
175335,130628,5598,1,Histórico Evolvy,pending,snoozed,2024-09-29 11:59:08
175336,130629,5598,1,Histórico Evolvy,pending,snoozed,2024-09-29 12:00:07
175337,130632,5598,1,Histórico Evolvy,pending,snoozed,2024-09-29 12:02:16
175339,130634,5598,1,Histórico Evolvy,pending,snoozed,2024-09-29 12:05:08
175340,130635,5598,1,Histórico Evolvy,pending,snoozed,2024-09-29 12:06:06
175341,130638,5598,1,Histórico Evolvy,pending,snoozed,2024-09-29 12:10:07
175343,130641,5598,1,Histórico Evolvy,pending,snoozed,2024-09-29 12:17:10
175344,130643,5598,1,Histórico Evolvy,pending,snoozed,2024-09-29 12:18:08
175345,130644,5598,1,Histórico Evolvy,pending,snoozed,2024-09-29 12:18:10
175346,130647,5598,1,Histórico Evolvy,pending,snoozed,2024-09-29 12:26:07
175347,130652,5598,1,Histórico Evolvy,pending,snoozed,2024-09-29 12:36:10
175348,130653,5598,1,Histórico Evolvy,pending,snoozed,2024-09-29 12:36:13
175350,130656,5598,1,Histórico Evolvy,pending,snoozed,2024-09-29 12:41:08
175351,130657,5598,1,Histórico Evolvy,pending,snoozed,2024-09-29 12:44:07
175353,130662,5598,1,Histórico Evolvy,pending,snoozed,2024-09-29 13:03:06
175355,130669,5598,1,Histórico Evolvy,pending,snoozed,2024-09-29 13:20:11
175357,130673,5598,1,Histórico Evolvy,pending,snoozed,2024-09-29 13:24:09
175358,130675,5598,1,Histórico Evolvy,pending,snoozed,2024-09-29 13:25:08
175359,130676,5598,1,Histórico Evolvy,pending,snoozed,2024-09-29 13:35:07
175360,130677,5598,1,Histórico Evolvy,pending,snoozed,2024-09-29 13:36:19
175361,130679,5598,1,Histórico Evolvy,pending,snoozed,2024-09-29 13:36:22
175363,130684,5598,1,Histórico Evolvy,pending,snoozed,2024-09-29 13:42:09
175366,130688,5598,1,Histórico Evolvy,pending,snoozed,2024-09-29 13:57:08
175367,130690,5598,1,Histórico Evolvy,pending,snoozed,2024-09-29 13:58:07
175369,130696,5598,1,Histórico Evolvy,pending,snoozed,2024-09-29 14:06:06
175370,130698,5598,1,Histórico Evolvy,pending,snoozed,2024-09-29 14:08:06
175371,130702,5598,1,Histórico Evolvy,pending,snoozed,2024-09-29 14:12:07
175372,130704,5598,1,Histórico Evolvy,pending,snoozed,2024-09-29 14:13:09
175376,130736,5598,1,Histórico Evolvy,pending,snoozed,2024-09-29 14:56:06
175377,130737,5598,1,Histórico Evolvy,pending,snoozed,2024-09-29 14:58:06
175378,130739,5598,1,Histórico Evolvy,pending,snoozed,2024-09-29 15:04:05
175379,130740,5598,1,Histórico Evolvy,pending,snoozed,2024-09-29 15:09:07
175380,130741,5598,1,Histórico Evolvy,pending,snoozed,2024-09-29 15:10:06
175381,130743,5598,1,Histórico Evolvy,pending,snoozed,2024-09-29 15:16:09
175382,130746,5598,1,Histórico Evolvy,pending,snoozed,2024-09-29 15:21:07
175383,130750,5598,1,Histórico Evolvy,pending,snoozed,2024-09-29 15:26:06
175385,130756,5598,1,Histórico Evolvy,pending,snoozed,2024-09-29 15:41:07
175386,130759,5598,1,Histórico Evolvy,pending,snoozed,2024-09-29 15:44:07
175387,130760,5598,1,Histórico Evolvy,pending,snoozed,2024-09-29 15:50:09
175390,130777,5598,1,Histórico Evolvy,pending,snoozed,2024-09-29 16:50:11
175391,130782,5598,1,Histórico Evolvy,pending,snoozed,2024-09-29 17:07:07
175394,130786,5598,1,Histórico Evolvy,pending,snoozed,2024-09-29 17:34:06
175395,130787,5598,1,Histórico Evolvy,pending,snoozed,2024-09-29 17:38:08
175397,130791,5598,1,Histórico Evolvy,pending,snoozed,2024-09-29 17:56:07
175398,130796,5598,1,Histórico Evolvy,pending,snoozed,2024-09-29 18:06:05
175399,130797,5598,1,Histórico Evolvy,pending,snoozed,2024-09-29 18:15:10
175400,130798,5598,1,Histórico Evolvy,pending,snoozed,2024-09-29 18:25:06
175401,130800,5598,1,Histórico Evolvy,pending,snoozed,2024-09-29 18:29:08
175402,130803,5598,1,Histórico Evolvy,pending,snoozed,2024-09-29 18:38:06
175403,130805,5598,1,Histórico Evolvy,pending,snoozed,2024-09-29 18:45:06
175404,130806,5598,1,Histórico Evolvy,pending,snoozed,2024-09-29 18:57:05
175405,130807,5598,1,Histórico Evolvy,pending,snoozed,2024-09-29 19:01:05
175406,130808,5598,1,Histórico Evolvy,pending,snoozed,2024-09-29 19:05:06
175407,130809,5598,1,Histórico Evolvy,pending,snoozed,2024-09-29 19:11:09
175408,130811,5598,1,Histórico Evolvy,pending,snoozed,2024-09-29 19:18:06
175409,130813,5598,1,Histórico Evolvy,pending,snoozed,2024-09-29 19:19:07
175411,130825,5598,1,Histórico Evolvy,pending,snoozed,2024-09-29 20:13:07
175412,130826,5598,1,Histórico Evolvy,pending,snoozed,2024-09-29 20:33:07
175416,130843,5598,1,Histórico Evolvy,pending,snoozed,2024-09-29 21:30:07
175419,130859,5598,1,Histórico Evolvy,pending,snoozed,2024-09-29 22:06:08
175421,130866,5598,1,Histórico Evolvy,pending,snoozed,2024-09-29 22:17:07
175422,130872,5598,1,Histórico Evolvy,pending,snoozed,2024-09-29 22:33:06
175423,130874,5598,1,Histórico Evolvy,pending,snoozed,2024-09-29 22:49:07
175424,130878,5598,1,Histórico Evolvy,pending,snoozed,2024-09-29 22:52:08
175425,130881,5598,1,Histórico Evolvy,pending,snoozed,2024-09-29 23:12:06
175427,130884,5598,1,Histórico Evolvy,pending,snoozed,2024-09-29 23:25:07
175430,130899,5598,1,Histórico Evolvy,pending,snoozed,2024-09-30 00:19:06
175431,130900,5598,1,Histórico Evolvy,pending,snoozed,2024-09-30 00:20:12
175432,130903,5598,1,Histórico Evolvy,pending,snoozed,2024-09-30 00:29:08
175434,130907,5598,1,Histórico Evolvy,pending,snoozed,2024-09-30 00:47:07
175435,130908,5598,1,Histórico Evolvy,pending,snoozed,2024-09-30 00:48:07
175436,130915,5598,1,Histórico Evolvy,pending,snoozed,2024-09-30 01:05:07
175437,130916,5598,1,Histórico Evolvy,pending,snoozed,2024-09-30 01:09:05
175438,130920,5598,1,Histórico Evolvy,pending,snoozed,2024-09-30 01:15:05
175439,130925,5598,1,Histórico Evolvy,pending,snoozed,2024-09-30 01:33:07
175442,130940,5598,1,Histórico Evolvy,pending,snoozed,2024-09-30 02:28:08
175443,130941,5598,1,Histórico Evolvy,pending,snoozed,2024-09-30 02:30:09
175444,130947,5598,1,Histórico Evolvy,pending,snoozed,2024-09-30 02:50:07
175445,130948,5598,1,Histórico Evolvy,pending,snoozed,2024-09-30 02:50:09
175446,130951,5598,1,Histórico Evolvy,pending,snoozed,2024-09-30 03:11:06
175447,130967,5598,1,Histórico Evolvy,pending,snoozed,2024-09-30 08:28:08
175448,130970,5598,1,Histórico Evolvy,pending,snoozed,2024-09-30 08:54:05
175450,130982,5598,1,Histórico Evolvy,pending,snoozed,2024-09-30 09:41:07
175451,130988,5598,1,Histórico Evolvy,pending,snoozed,2024-09-30 10:01:07
175452,130992,5598,1,Histórico Evolvy,pending,snoozed,2024-09-30 10:09:08
175453,130993,5598,1,Histórico Evolvy,pending,snoozed,2024-09-30 10:13:06
175454,130995,5598,1,Histórico Evolvy,pending,snoozed,2024-09-30 10:16:07
175456,131001,5598,1,Histórico Evolvy,pending,snoozed,2024-09-30 10:22:07
175457,131002,5598,1,Histórico Evolvy,pending,snoozed,2024-09-30 10:27:06
175458,131006,5598,1,Histórico Evolvy,pending,snoozed,2024-09-30 10:30:08
175459,131008,5598,1,Histórico Evolvy,pending,snoozed,2024-09-30 10:31:06
175460,131009,5598,1,Histórico Evolvy,pending,snoozed,2024-09-30 10:33:06
175461,131016,5598,1,Histórico Evolvy,pending,snoozed,2024-09-30 10:46:07
175462,131017,5598,1,Histórico Evolvy,pending,snoozed,2024-09-30 10:56:08
175463,131018,5598,1,Histórico Evolvy,pending,snoozed,2024-09-30 10:58:06
175465,131025,5598,1,Histórico Evolvy,pending,snoozed,2024-09-30 11:14:06
175466,131026,5598,1,Histórico Evolvy,pending,snoozed,2024-09-30 11:27:05
175468,131030,5598,1,Histórico Evolvy,pending,snoozed,2024-09-30 11:47:07
175469,131032,5598,1,Histórico Evolvy,pending,snoozed,2024-09-30 11:49:07
175470,131033,5598,1,Histórico Evolvy,pending,snoozed,2024-09-30 11:49:09
175473,131043,5598,1,Histórico Evolvy,pending,snoozed,2024-09-30 12:03:07
175475,131045,5598,1,Histórico Evolvy,pending,snoozed,2024-09-30 12:10:05
175978,131052,5598,1,Histórico Evolvy,pending,snoozed,2024-09-30 12:16:08
175979,131061,5598,1,Histórico Evolvy,pending,snoozed,2024-09-30 12:28:06
175980,131062,5598,1,Histórico Evolvy,pending,snoozed,2024-09-30 12:28:08
175982,131070,5598,1,Histórico Evolvy,pending,snoozed,2024-09-30 12:42:06
175983,131071,5598,1,Histórico Evolvy,pending,snoozed,2024-09-30 12:43:08
175984,131072,5598,1,Histórico Evolvy,pending,snoozed,2024-09-30 12:43:11
175985,131073,5598,1,Histórico Evolvy,pending,snoozed,2024-09-30 12:46:05
175987,131078,5598,1,Histórico Evolvy,pending,snoozed,2024-09-30 13:09:06
175988,131081,5598,1,Histórico Evolvy,pending,snoozed,2024-09-30 13:17:07
175989,131082,5598,1,Histórico Evolvy,pending,snoozed,2024-09-30 13:17:10
175990,131088,5598,1,Histórico Evolvy,pending,snoozed,2024-09-30 13:30:08
175992,131090,5598,1,Histórico Evolvy,pending,snoozed,2024-09-30 13:37:09
175993,131097,5598,1,Histórico Evolvy,pending,snoozed,2024-09-30 14:06:06
175994,131099,5598,1,Histórico Evolvy,pending,snoozed,2024-09-30 14:12:07
175997,131116,5598,1,Histórico Evolvy,pending,snoozed,2024-09-30 15:08:06
175999,131137,5598,1,Histórico Evolvy,pending,snoozed,2024-09-30 16:30:07
209743,131191,5599,1,Histórico Evolvy,pending,snoozed,2024-09-30 18:30:09
176011,131445,5598,1,Histórico Evolvy,pending,snoozed,2024-10-01 15:13:07
176015,131495,5598,1,Histórico Evolvy,pending,snoozed,2024-10-01 18:16:06
209764,131535,5599,1,Histórico Evolvy,pending,snoozed,2024-10-01 20:05:14
176018,131651,5598,1,Histórico Evolvy,pending,snoozed,2024-10-02 11:05:08
176019,131668,5598,1,Histórico Evolvy,pending,snoozed,2024-10-02 12:37:06
176020,131671,5598,1,Histórico Evolvy,pending,snoozed,2024-10-02 12:50:07
176029,131942,5598,1,Histórico Evolvy,pending,snoozed,2024-10-03 12:48:08
176030,131949,5598,1,Histórico Evolvy,pending,snoozed,2024-10-03 13:25:07
176031,131977,5598,1,Histórico Evolvy,pending,snoozed,2024-10-03 14:29:08
176035,132096,5598,1,Histórico Evolvy,pending,snoozed,2024-10-03 23:29:05
209809,132399,5599,1,Histórico Evolvy,pending,snoozed,2024-10-05 13:45:07
176042,132436,5598,1,Histórico Evolvy,pending,snoozed,2024-10-05 15:52:07
176044,132483,5598,1,Histórico Evolvy,pending,snoozed,2024-10-05 20:20:08
176045,132553,5598,1,Histórico Evolvy,pending,snoozed,2024-10-06 09:37:19
176049,132638,5598,1,Histórico Evolvy,pending,snoozed,2024-10-06 19:03:05
176057,132935,5598,1,Histórico Evolvy,pending,snoozed,2024-10-07 18:11:07
176059,132973,5598,1,Histórico Evolvy,pending,snoozed,2024-10-07 19:40:10
209843,133071,5599,1,Histórico Evolvy,pending,snoozed,2024-10-07 23:34:07
176062,133108,5598,1,Histórico Evolvy,pending,snoozed,2024-10-08 01:15:09
176063,133226,5598,1,Histórico Evolvy,pending,snoozed,2024-10-08 11:06:05
209884,134185,5599,1,Histórico Evolvy,pending,snoozed,2024-10-11 00:10:08
209892,134459,5599,1,Histórico Evolvy,pending,snoozed,2024-10-11 17:41:08
209902,134875,5599,1,Histórico Evolvy,pending,snoozed,2024-10-12 22:44:07
209910,135161,5599,1,Histórico Evolvy,pending,snoozed,2024-10-13 19:22:06
209935,135938,5599,1,Histórico Evolvy,pending,snoozed,2024-10-15 14:04:07
176147,137459,5598,1,Histórico Evolvy,pending,snoozed,2024-10-19 12:44:10
176149,137461,5598,1,Histórico Evolvy,pending,snoozed,2024-10-19 12:44:26
176150,137462,5598,1,Histórico Evolvy,pending,snoozed,2024-10-19 12:44:31
176152,137464,5598,1,Histórico Evolvy,pending,snoozed,2024-10-19 12:44:43
176153,137465,5598,1,Histórico Evolvy,pending,snoozed,2024-10-19 12:44:48
176154,137466,5598,1,Histórico Evolvy,pending,snoozed,2024-10-19 12:44:54
176155,137467,5598,1,Histórico Evolvy,pending,snoozed,2024-10-19 12:44:59
176156,137468,5598,1,Histórico Evolvy,pending,snoozed,2024-10-19 12:45:05
176157,137469,5598,1,Histórico Evolvy,pending,snoozed,2024-10-19 12:45:11
176158,137470,5598,1,Histórico Evolvy,pending,snoozed,2024-10-19 12:45:16
176159,137471,5598,1,Histórico Evolvy,pending,snoozed,2024-10-19 12:45:23
176160,137472,5598,1,Histórico Evolvy,pending,snoozed,2024-10-19 12:45:28
176161,137473,5598,1,Histórico Evolvy,pending,snoozed,2024-10-19 12:45:34
176162,137474,5598,1,Histórico Evolvy,pending,snoozed,2024-10-19 12:45:40
176163,137476,5598,1,Histórico Evolvy,pending,snoozed,2024-10-19 12:45:47
176165,137478,5598,1,Histórico Evolvy,pending,snoozed,2024-10-19 12:46:00
176166,137479,5598,1,Histórico Evolvy,pending,snoozed,2024-10-19 12:46:08
176167,137480,5598,1,Histórico Evolvy,pending,snoozed,2024-10-19 12:46:16
176168,137481,5598,1,Histórico Evolvy,pending,snoozed,2024-10-19 12:46:22
176169,137484,5598,1,Histórico Evolvy,pending,snoozed,2024-10-19 12:51:54
176170,137485,5598,1,Histórico Evolvy,pending,snoozed,2024-10-19 12:52:08
176171,137486,5598,1,Histórico Evolvy,pending,snoozed,2024-10-19 12:52:13
176172,137487,5598,1,Histórico Evolvy,pending,snoozed,2024-10-19 12:52:23
176174,137489,5598,1,Histórico Evolvy,pending,snoozed,2024-10-19 12:52:38
176176,137491,5598,1,Histórico Evolvy,pending,snoozed,2024-10-19 12:52:50
176177,137492,5598,1,Histórico Evolvy,pending,snoozed,2024-10-19 12:52:54
176182,137498,5598,1,Histórico Evolvy,pending,snoozed,2024-10-19 12:53:25
176183,137499,5598,1,Histórico Evolvy,pending,snoozed,2024-10-19 12:53:30
176184,137500,5598,1,Histórico Evolvy,pending,snoozed,2024-10-19 12:53:48
176185,137501,5598,1,Histórico Evolvy,pending,snoozed,2024-10-19 12:53:53
176186,137502,5598,1,Histórico Evolvy,pending,snoozed,2024-10-19 12:53:58
176188,137504,5598,1,Histórico Evolvy,pending,snoozed,2024-10-19 12:54:20
176189,137505,5598,1,Histórico Evolvy,pending,snoozed,2024-10-19 12:54:26
176190,137506,5598,1,Histórico Evolvy,pending,snoozed,2024-10-19 12:54:31
176192,137508,5598,1,Histórico Evolvy,pending,snoozed,2024-10-19 12:54:45
176193,137509,5598,1,Histórico Evolvy,pending,snoozed,2024-10-19 12:54:50
176194,137510,5598,1,Histórico Evolvy,pending,snoozed,2024-10-19 12:54:57
176195,137511,5598,1,Histórico Evolvy,pending,snoozed,2024-10-19 12:55:03
176196,137512,5598,1,Histórico Evolvy,pending,snoozed,2024-10-19 12:55:09
176197,137513,5598,1,Histórico Evolvy,pending,snoozed,2024-10-19 12:55:14
176200,137516,5598,1,Histórico Evolvy,pending,snoozed,2024-10-19 12:55:31
176202,137518,5598,1,Histórico Evolvy,pending,snoozed,2024-10-19 12:55:51
176205,137521,5598,1,Histórico Evolvy,pending,snoozed,2024-10-19 12:56:32
176207,137523,5598,1,Histórico Evolvy,pending,snoozed,2024-10-19 12:56:42
176208,137524,5598,1,Histórico Evolvy,pending,snoozed,2024-10-19 12:56:48
176209,137525,5598,1,Histórico Evolvy,pending,snoozed,2024-10-19 12:56:58
176211,137527,5598,1,Histórico Evolvy,pending,snoozed,2024-10-19 12:57:25
176212,137528,5598,1,Histórico Evolvy,pending,snoozed,2024-10-19 12:57:31
176215,137532,5598,1,Histórico Evolvy,pending,snoozed,2024-10-19 13:01:56
176218,137535,5598,1,Histórico Evolvy,pending,snoozed,2024-10-19 13:02:17
176220,137537,5598,1,Histórico Evolvy,pending,snoozed,2024-10-19 13:02:26
176222,137539,5598,1,Histórico Evolvy,pending,snoozed,2024-10-19 13:02:37
176223,137540,5598,1,Histórico Evolvy,pending,snoozed,2024-10-19 13:02:42
176224,137541,5598,1,Histórico Evolvy,pending,snoozed,2024-10-19 13:02:55
176225,137542,5598,1,Histórico Evolvy,pending,snoozed,2024-10-19 13:03:01
176226,137544,5598,1,Histórico Evolvy,pending,snoozed,2024-10-19 13:05:25
176227,137545,5598,1,Histórico Evolvy,pending,snoozed,2024-10-19 13:05:31
176231,137549,5598,1,Histórico Evolvy,pending,snoozed,2024-10-19 13:06:06
176232,137550,5598,1,Histórico Evolvy,pending,snoozed,2024-10-19 13:06:14
176233,137551,5598,1,Histórico Evolvy,pending,snoozed,2024-10-19 13:06:21
176234,137552,5598,1,Histórico Evolvy,pending,snoozed,2024-10-19 13:06:26
176235,137553,5598,1,Histórico Evolvy,pending,snoozed,2024-10-19 13:06:32
176236,137554,5598,1,Histórico Evolvy,pending,snoozed,2024-10-19 13:06:37
176238,137557,5598,1,Histórico Evolvy,pending,snoozed,2024-10-19 13:06:47
176240,137559,5598,1,Histórico Evolvy,pending,snoozed,2024-10-19 13:07:08
176257,137616,5598,1,Histórico Evolvy,pending,snoozed,2024-10-19 16:04:07
176258,137617,5598,1,Histórico Evolvy,pending,snoozed,2024-10-19 16:04:14
176262,137621,5598,1,Histórico Evolvy,pending,snoozed,2024-10-19 16:04:38
176263,137622,5598,1,Histórico Evolvy,pending,snoozed,2024-10-19 16:04:43
176264,137623,5598,1,Histórico Evolvy,pending,snoozed,2024-10-19 16:04:50
176265,137624,5598,1,Histórico Evolvy,pending,snoozed,2024-10-19 16:04:55
176266,137625,5598,1,Histórico Evolvy,pending,snoozed,2024-10-19 16:05:02
176267,137626,5598,1,Histórico Evolvy,pending,snoozed,2024-10-19 16:05:08
176268,137627,5598,1,Histórico Evolvy,pending,snoozed,2024-10-19 16:05:14
176269,137628,5598,1,Histórico Evolvy,pending,snoozed,2024-10-19 16:05:18
176272,137632,5598,1,Histórico Evolvy,pending,snoozed,2024-10-19 16:05:46
176273,137633,5598,1,Histórico Evolvy,pending,snoozed,2024-10-19 16:05:52
176274,137634,5598,1,Histórico Evolvy,pending,snoozed,2024-10-19 16:05:57
176275,137635,5598,1,Histórico Evolvy,pending,snoozed,2024-10-19 16:06:04
176278,137638,5598,1,Histórico Evolvy,pending,snoozed,2024-10-19 16:06:19
176279,137639,5598,1,Histórico Evolvy,pending,snoozed,2024-10-19 16:06:24
176280,137640,5598,1,Histórico Evolvy,pending,snoozed,2024-10-19 16:06:28
176281,137641,5598,1,Histórico Evolvy,pending,snoozed,2024-10-19 16:06:33
176282,137643,5598,1,Histórico Evolvy,pending,snoozed,2024-10-19 16:11:48
176284,137645,5598,1,Histórico Evolvy,pending,snoozed,2024-10-19 16:12:00
176287,137648,5598,1,Histórico Evolvy,pending,snoozed,2024-10-19 16:12:29
176288,137649,5598,1,Histórico Evolvy,pending,snoozed,2024-10-19 16:12:34
176289,137650,5598,1,Histórico Evolvy,pending,snoozed,2024-10-19 16:12:39
176290,137651,5598,1,Histórico Evolvy,pending,snoozed,2024-10-19 16:12:45
176294,137722,5598,1,Histórico Evolvy,pending,snoozed,2024-10-19 20:34:55
176295,137723,5598,1,Histórico Evolvy,pending,snoozed,2024-10-19 20:35:41
176296,137725,5598,1,Histórico Evolvy,pending,snoozed,2024-10-19 20:36:25
176297,137726,5598,1,Histórico Evolvy,pending,snoozed,2024-10-19 20:36:49
176298,137727,5598,1,Histórico Evolvy,pending,snoozed,2024-10-19 20:37:24
176299,137728,5598,1,Histórico Evolvy,pending,snoozed,2024-10-19 20:38:05
176300,137729,5598,1,Histórico Evolvy,pending,snoozed,2024-10-19 20:38:50
176302,137731,5598,1,Histórico Evolvy,pending,snoozed,2024-10-19 20:39:49
176303,137732,5598,1,Histórico Evolvy,pending,snoozed,2024-10-19 20:40:16
176305,137734,5598,1,Histórico Evolvy,pending,snoozed,2024-10-19 20:41:17
176306,137735,5598,1,Histórico Evolvy,pending,snoozed,2024-10-19 20:41:45
176307,137737,5598,1,Histórico Evolvy,pending,snoozed,2024-10-19 20:42:18
176310,137740,5598,1,Histórico Evolvy,pending,snoozed,2024-10-19 20:43:47
176311,137741,5598,1,Histórico Evolvy,pending,snoozed,2024-10-19 20:44:18
176313,137743,5598,1,Histórico Evolvy,pending,snoozed,2024-10-19 20:45:11
176314,137745,5598,1,Histórico Evolvy,pending,snoozed,2024-10-19 20:46:37
176315,137746,5598,1,Histórico Evolvy,pending,snoozed,2024-10-19 20:47:04
176316,137747,5598,1,Histórico Evolvy,pending,snoozed,2024-10-19 20:47:28
176317,137749,5598,1,Histórico Evolvy,pending,snoozed,2024-10-19 20:50:16
176318,137750,5598,1,Histórico Evolvy,pending,snoozed,2024-10-19 20:50:44
176321,137753,5598,1,Histórico Evolvy,pending,snoozed,2024-10-19 20:52:10
176322,137754,5598,1,Histórico Evolvy,pending,snoozed,2024-10-19 20:52:38
176323,137755,5598,1,Histórico Evolvy,pending,snoozed,2024-10-19 20:53:03
176325,137757,5598,1,Histórico Evolvy,pending,snoozed,2024-10-19 20:53:55
176331,137799,5598,1,Histórico Evolvy,pending,snoozed,2024-10-20 00:14:59
176332,137800,5598,1,Histórico Evolvy,pending,snoozed,2024-10-20 00:15:31
176333,137801,5598,1,Histórico Evolvy,pending,snoozed,2024-10-20 00:15:59
176334,137802,5598,1,Histórico Evolvy,pending,snoozed,2024-10-20 00:17:03
176335,137803,5598,1,Histórico Evolvy,pending,snoozed,2024-10-20 00:18:25
176336,137804,5598,1,Histórico Evolvy,pending,snoozed,2024-10-20 00:19:08
176337,137805,5598,1,Histórico Evolvy,pending,snoozed,2024-10-20 00:19:43
176338,137806,5598,1,Histórico Evolvy,pending,snoozed,2024-10-20 00:20:09
176339,137807,5598,1,Histórico Evolvy,pending,snoozed,2024-10-20 00:20:32
176340,137808,5598,1,Histórico Evolvy,pending,snoozed,2024-10-20 00:20:58
176341,137809,5598,1,Histórico Evolvy,pending,snoozed,2024-10-20 00:21:23
176343,137811,5598,1,Histórico Evolvy,pending,snoozed,2024-10-20 00:24:41
176344,137812,5598,1,Histórico Evolvy,pending,snoozed,2024-10-20 00:25:14
176345,137813,5598,1,Histórico Evolvy,pending,snoozed,2024-10-20 00:25:47
176346,137814,5598,1,Histórico Evolvy,pending,snoozed,2024-10-20 00:26:13
176347,137815,5598,1,Histórico Evolvy,pending,snoozed,2024-10-20 00:26:39
176348,137816,5598,1,Histórico Evolvy,pending,snoozed,2024-10-20 00:27:04
176353,137821,5598,1,Histórico Evolvy,pending,snoozed,2024-10-20 00:29:34
176355,137824,5598,1,Histórico Evolvy,pending,snoozed,2024-10-20 00:30:22
176357,137859,5598,1,Histórico Evolvy,pending,snoozed,2024-10-20 10:29:06
176359,137861,5598,1,Histórico Evolvy,pending,snoozed,2024-10-20 10:29:19
176361,137863,5598,1,Histórico Evolvy,pending,snoozed,2024-10-20 10:29:30
176362,137864,5598,1,Histórico Evolvy,pending,snoozed,2024-10-20 10:29:49
176363,137865,5598,1,Histórico Evolvy,pending,snoozed,2024-10-20 10:29:54
176365,137868,5598,1,Histórico Evolvy,pending,snoozed,2024-10-20 10:32:57
176366,137869,5598,1,Histórico Evolvy,pending,snoozed,2024-10-20 10:33:04
176367,137870,5598,1,Histórico Evolvy,pending,snoozed,2024-10-20 10:33:11
176368,137871,5598,1,Histórico Evolvy,pending,snoozed,2024-10-20 10:33:16
176369,137872,5598,1,Histórico Evolvy,pending,snoozed,2024-10-20 10:33:21
176370,137873,5598,1,Histórico Evolvy,pending,snoozed,2024-10-20 10:33:25
176372,137875,5598,1,Histórico Evolvy,pending,snoozed,2024-10-20 10:33:36
176373,137876,5598,1,Histórico Evolvy,pending,snoozed,2024-10-20 10:33:40
176374,137877,5598,1,Histórico Evolvy,pending,snoozed,2024-10-20 10:33:55
176375,137878,5598,1,Histórico Evolvy,pending,snoozed,2024-10-20 10:34:09
176376,137879,5598,1,Histórico Evolvy,pending,snoozed,2024-10-20 10:34:17
176380,137883,5598,1,Histórico Evolvy,pending,snoozed,2024-10-20 10:34:59
176381,137884,5598,1,Histórico Evolvy,pending,snoozed,2024-10-20 10:35:04
176382,137885,5598,1,Histórico Evolvy,pending,snoozed,2024-10-20 10:35:19
176383,137886,5598,1,Histórico Evolvy,pending,snoozed,2024-10-20 10:35:25
176389,137892,5598,1,Histórico Evolvy,pending,snoozed,2024-10-20 10:42:44
176390,137893,5598,1,Histórico Evolvy,pending,snoozed,2024-10-20 10:42:51
176391,137894,5598,1,Histórico Evolvy,pending,snoozed,2024-10-20 10:42:57
176392,137895,5598,1,Histórico Evolvy,pending,snoozed,2024-10-20 10:43:02
176393,137896,5598,1,Histórico Evolvy,pending,snoozed,2024-10-20 10:43:08
176395,137898,5598,1,Histórico Evolvy,pending,snoozed,2024-10-20 10:43:18
176398,137970,5598,1,Histórico Evolvy,pending,snoozed,2024-10-20 16:40:35
176401,137973,5598,1,Histórico Evolvy,pending,snoozed,2024-10-20 16:41:41
176402,137974,5598,1,Histórico Evolvy,pending,snoozed,2024-10-20 16:41:51
176403,137975,5598,1,Histórico Evolvy,pending,snoozed,2024-10-20 16:42:02
176404,137976,5598,1,Histórico Evolvy,pending,snoozed,2024-10-20 16:42:46
176407,137979,5598,1,Histórico Evolvy,pending,snoozed,2024-10-20 16:43:22
176408,137980,5598,1,Histórico Evolvy,pending,snoozed,2024-10-20 16:43:35
176409,137981,5598,1,Histórico Evolvy,pending,snoozed,2024-10-20 16:43:44
176410,137982,5598,1,Histórico Evolvy,pending,snoozed,2024-10-20 16:44:15
176413,137985,5598,1,Histórico Evolvy,pending,snoozed,2024-10-20 16:44:44
176414,137986,5598,1,Histórico Evolvy,pending,snoozed,2024-10-20 16:44:54
176416,137988,5598,1,Histórico Evolvy,pending,snoozed,2024-10-20 16:49:06
176417,137989,5598,1,Histórico Evolvy,pending,snoozed,2024-10-20 16:49:39
176418,137990,5598,1,Histórico Evolvy,pending,snoozed,2024-10-20 16:49:52
176419,137991,5598,1,Histórico Evolvy,pending,snoozed,2024-10-20 16:50:03
176420,137992,5598,1,Histórico Evolvy,pending,snoozed,2024-10-20 16:50:19
176421,137993,5598,1,Histórico Evolvy,pending,snoozed,2024-10-20 16:51:06
176423,137995,5598,1,Histórico Evolvy,pending,snoozed,2024-10-20 16:51:49
176427,137999,5598,1,Histórico Evolvy,pending,snoozed,2024-10-20 16:53:47
176428,138000,5598,1,Histórico Evolvy,pending,snoozed,2024-10-20 16:53:56
176431,138003,5598,1,Histórico Evolvy,pending,snoozed,2024-10-20 16:55:16
176432,138004,5598,1,Histórico Evolvy,pending,snoozed,2024-10-20 16:55:26
176433,138005,5598,1,Histórico Evolvy,pending,snoozed,2024-10-20 16:55:41
176435,138007,5598,1,Histórico Evolvy,pending,snoozed,2024-10-20 16:57:47
176437,138009,5598,1,Histórico Evolvy,pending,snoozed,2024-10-20 16:59:49
176438,138010,5598,1,Histórico Evolvy,pending,snoozed,2024-10-20 17:00:00
176439,138011,5598,1,Histórico Evolvy,pending,snoozed,2024-10-20 17:00:12
176440,138012,5598,1,Histórico Evolvy,pending,snoozed,2024-10-20 17:00:25
176441,138013,5598,1,Histórico Evolvy,pending,snoozed,2024-10-20 17:00:38
176442,138014,5598,1,Histórico Evolvy,pending,snoozed,2024-10-20 17:00:52
176443,138015,5598,1,Histórico Evolvy,pending,snoozed,2024-10-20 17:01:21
176444,138017,5598,1,Histórico Evolvy,pending,snoozed,2024-10-20 17:02:29
176445,138018,5598,1,Histórico Evolvy,pending,snoozed,2024-10-20 17:02:53
176446,138019,5598,1,Histórico Evolvy,pending,snoozed,2024-10-20 17:03:07
176447,138020,5598,1,Histórico Evolvy,pending,snoozed,2024-10-20 17:03:19
176449,138022,5598,1,Histórico Evolvy,pending,snoozed,2024-10-20 17:03:40
176451,138024,5598,1,Histórico Evolvy,pending,snoozed,2024-10-20 17:05:06
176453,138026,5598,1,Histórico Evolvy,pending,snoozed,2024-10-20 17:06:02
176454,138027,5598,1,Histórico Evolvy,pending,snoozed,2024-10-20 17:07:07
176457,138030,5598,1,Histórico Evolvy,pending,snoozed,2024-10-20 17:07:38
176458,138031,5598,1,Histórico Evolvy,pending,snoozed,2024-10-20 17:07:58
176465,138038,5598,1,Histórico Evolvy,pending,snoozed,2024-10-20 17:11:05
176466,138039,5598,1,Histórico Evolvy,pending,snoozed,2024-10-20 17:11:12
176467,138040,5598,1,Histórico Evolvy,pending,snoozed,2024-10-20 17:11:23
176468,138041,5598,1,Histórico Evolvy,pending,snoozed,2024-10-20 17:11:28
176471,138044,5598,1,Histórico Evolvy,pending,snoozed,2024-10-20 17:11:57
176472,138045,5598,1,Histórico Evolvy,pending,snoozed,2024-10-20 17:12:03
176477,138050,5598,1,Histórico Evolvy,pending,snoozed,2024-10-20 17:12:40
177979,138052,5598,1,Histórico Evolvy,pending,snoozed,2024-10-20 17:12:56
177980,138053,5598,1,Histórico Evolvy,pending,snoozed,2024-10-20 17:13:05
177981,138054,5598,1,Histórico Evolvy,pending,snoozed,2024-10-20 17:13:10
177982,138055,5598,1,Histórico Evolvy,pending,snoozed,2024-10-20 17:13:16
177984,138057,5598,1,Histórico Evolvy,pending,snoozed,2024-10-20 17:13:25
177985,138058,5598,1,Histórico Evolvy,pending,snoozed,2024-10-20 17:13:30
177986,138059,5598,1,Histórico Evolvy,pending,snoozed,2024-10-20 17:13:35
210026,138073,5599,1,Histórico Evolvy,pending,snoozed,2024-10-20 18:45:12
177994,138093,5598,1,Histórico Evolvy,pending,snoozed,2024-10-20 20:50:31
177996,138095,5598,1,Histórico Evolvy,pending,snoozed,2024-10-20 20:51:18
177998,138097,5598,1,Histórico Evolvy,pending,snoozed,2024-10-20 20:53:19
177999,138098,5598,1,Histórico Evolvy,pending,snoozed,2024-10-20 20:54:04
178000,138099,5598,1,Histórico Evolvy,pending,snoozed,2024-10-20 20:55:08
178001,138100,5598,1,Histórico Evolvy,pending,snoozed,2024-10-20 20:56:43
178003,138102,5598,1,Histórico Evolvy,pending,snoozed,2024-10-20 20:57:58
178004,138103,5598,1,Histórico Evolvy,pending,snoozed,2024-10-20 20:58:43
178005,138105,5598,1,Histórico Evolvy,pending,snoozed,2024-10-20 20:59:15
178006,138106,5598,1,Histórico Evolvy,pending,snoozed,2024-10-20 20:59:55
178007,138107,5598,1,Histórico Evolvy,pending,snoozed,2024-10-20 21:00:48
178008,138108,5598,1,Histórico Evolvy,pending,snoozed,2024-10-20 21:01:38
178010,138112,5598,1,Histórico Evolvy,pending,snoozed,2024-10-20 21:02:50
178011,138114,5598,1,Histórico Evolvy,pending,snoozed,2024-10-20 21:03:26
178014,138117,5598,1,Histórico Evolvy,pending,snoozed,2024-10-20 21:04:55
178016,138119,5598,1,Histórico Evolvy,pending,snoozed,2024-10-20 21:05:44
178017,138120,5598,1,Histórico Evolvy,pending,snoozed,2024-10-20 21:06:26
178019,138122,5598,1,Histórico Evolvy,pending,snoozed,2024-10-20 21:06:58
178022,138126,5598,1,Histórico Evolvy,pending,snoozed,2024-10-20 21:11:06
178023,138127,5598,1,Histórico Evolvy,pending,snoozed,2024-10-20 21:11:40
178024,138129,5598,1,Histórico Evolvy,pending,snoozed,2024-10-20 21:12:27
178026,138131,5598,1,Histórico Evolvy,pending,snoozed,2024-10-20 21:13:58
178029,138134,5598,1,Histórico Evolvy,pending,snoozed,2024-10-20 21:16:05
178030,138135,5598,1,Histórico Evolvy,pending,snoozed,2024-10-20 21:17:38
178036,138185,5598,1,Histórico Evolvy,pending,snoozed,2024-10-21 00:51:12
178038,138187,5598,1,Histórico Evolvy,pending,snoozed,2024-10-21 00:52:26
178039,138188,5598,1,Histórico Evolvy,pending,snoozed,2024-10-21 00:53:01
178040,138189,5598,1,Histórico Evolvy,pending,snoozed,2024-10-21 00:53:58
178041,138190,5598,1,Histórico Evolvy,pending,snoozed,2024-10-21 00:54:43
178042,138192,5598,1,Histórico Evolvy,pending,snoozed,2024-10-21 00:55:19
178043,138193,5598,1,Histórico Evolvy,pending,snoozed,2024-10-21 00:56:00
178045,138196,5598,1,Histórico Evolvy,pending,snoozed,2024-10-21 00:57:17
178046,138197,5598,1,Histórico Evolvy,pending,snoozed,2024-10-21 00:57:51
178047,138198,5598,1,Histórico Evolvy,pending,snoozed,2024-10-21 00:58:41
178048,138199,5598,1,Histórico Evolvy,pending,snoozed,2024-10-21 00:59:22
178049,138200,5598,1,Histórico Evolvy,pending,snoozed,2024-10-21 01:00:02
178050,138201,5598,1,Histórico Evolvy,pending,snoozed,2024-10-21 01:00:46
178051,138203,5598,1,Histórico Evolvy,pending,snoozed,2024-10-21 01:01:29
178052,138204,5598,1,Histórico Evolvy,pending,snoozed,2024-10-21 01:02:04
178053,138206,5598,1,Histórico Evolvy,pending,snoozed,2024-10-21 01:05:01
178055,138208,5598,1,Histórico Evolvy,pending,snoozed,2024-10-21 01:06:25
178056,138209,5598,1,Histórico Evolvy,pending,snoozed,2024-10-21 01:07:06
178057,138211,5598,1,Histórico Evolvy,pending,snoozed,2024-10-21 01:07:49
178060,138217,5598,1,Histórico Evolvy,pending,snoozed,2024-10-21 01:09:46
178063,138222,5598,1,Histórico Evolvy,pending,snoozed,2024-10-21 01:11:46
178069,138280,5598,1,Histórico Evolvy,pending,snoozed,2024-10-21 10:21:18
178070,138281,5598,1,Histórico Evolvy,pending,snoozed,2024-10-21 10:21:24
178071,138282,5598,1,Histórico Evolvy,pending,snoozed,2024-10-21 10:21:30
178072,138283,5598,1,Histórico Evolvy,pending,snoozed,2024-10-21 10:21:35
178073,138284,5598,1,Histórico Evolvy,pending,snoozed,2024-10-21 10:21:40
178074,138285,5598,1,Histórico Evolvy,pending,snoozed,2024-10-21 10:21:45
178075,138286,5598,1,Histórico Evolvy,pending,snoozed,2024-10-21 10:21:50
178076,138287,5598,1,Histórico Evolvy,pending,snoozed,2024-10-21 10:21:55
178079,138290,5598,1,Histórico Evolvy,pending,snoozed,2024-10-21 10:24:11
178080,138291,5598,1,Histórico Evolvy,pending,snoozed,2024-10-21 10:24:18
178081,138292,5598,1,Histórico Evolvy,pending,snoozed,2024-10-21 10:24:23
178082,138293,5598,1,Histórico Evolvy,pending,snoozed,2024-10-21 10:24:28
178084,138295,5598,1,Histórico Evolvy,pending,snoozed,2024-10-21 10:24:38
178085,138296,5598,1,Histórico Evolvy,pending,snoozed,2024-10-21 10:24:43
178086,138297,5598,1,Histórico Evolvy,pending,snoozed,2024-10-21 10:24:48
178088,138299,5598,1,Histórico Evolvy,pending,snoozed,2024-10-21 10:24:59
178089,138300,5598,1,Histórico Evolvy,pending,snoozed,2024-10-21 10:25:05
178090,138301,5598,1,Histórico Evolvy,pending,snoozed,2024-10-21 10:26:53
178091,138302,5598,1,Histórico Evolvy,pending,snoozed,2024-10-21 10:26:57
178093,138304,5598,1,Histórico Evolvy,pending,snoozed,2024-10-21 10:27:06
178094,138305,5598,1,Histórico Evolvy,pending,snoozed,2024-10-21 10:27:11
178096,138307,5598,1,Histórico Evolvy,pending,snoozed,2024-10-21 10:28:49
178098,138309,5598,1,Histórico Evolvy,pending,snoozed,2024-10-21 10:28:59
210039,138367,5599,1,Histórico Evolvy,pending,snoozed,2024-10-21 13:28:10
178104,138462,5598,1,Histórico Evolvy,pending,snoozed,2024-10-21 16:10:50
178105,138464,5598,1,Histórico Evolvy,pending,snoozed,2024-10-21 16:10:59
178108,138467,5598,1,Histórico Evolvy,pending,snoozed,2024-10-21 16:11:20
178109,138468,5598,1,Histórico Evolvy,pending,snoozed,2024-10-21 16:11:26
178110,138469,5598,1,Histórico Evolvy,pending,snoozed,2024-10-21 16:11:31
178112,138471,5598,1,Histórico Evolvy,pending,snoozed,2024-10-21 16:11:40
178113,138473,5598,1,Histórico Evolvy,pending,snoozed,2024-10-21 16:11:45
178114,138474,5598,1,Histórico Evolvy,pending,snoozed,2024-10-21 16:11:55
178115,138475,5598,1,Histórico Evolvy,pending,snoozed,2024-10-21 16:12:00
178116,138476,5598,1,Histórico Evolvy,pending,snoozed,2024-10-21 16:12:05
178117,138477,5598,1,Histórico Evolvy,pending,snoozed,2024-10-21 16:12:10
178118,138478,5598,1,Histórico Evolvy,pending,snoozed,2024-10-21 16:12:15
178120,138480,5598,1,Histórico Evolvy,pending,snoozed,2024-10-21 16:12:24
178121,138481,5598,1,Histórico Evolvy,pending,snoozed,2024-10-21 16:12:29
178124,138484,5598,1,Histórico Evolvy,pending,snoozed,2024-10-21 16:12:43
178125,138485,5598,1,Histórico Evolvy,pending,snoozed,2024-10-21 16:12:57
178126,138486,5598,1,Histórico Evolvy,pending,snoozed,2024-10-21 16:13:01
178129,138489,5598,1,Histórico Evolvy,pending,snoozed,2024-10-21 16:13:27
178130,138490,5598,1,Histórico Evolvy,pending,snoozed,2024-10-21 16:13:31
178131,138492,5598,1,Histórico Evolvy,pending,snoozed,2024-10-21 16:13:36
178134,138495,5598,1,Histórico Evolvy,pending,snoozed,2024-10-21 16:13:49
178136,138497,5598,1,Histórico Evolvy,pending,snoozed,2024-10-21 16:13:59
178139,138500,5598,1,Histórico Evolvy,pending,snoozed,2024-10-21 16:14:12
178140,138501,5598,1,Histórico Evolvy,pending,snoozed,2024-10-21 16:14:17
178141,138502,5598,1,Histórico Evolvy,pending,snoozed,2024-10-21 16:14:21
178142,138503,5598,1,Histórico Evolvy,pending,snoozed,2024-10-21 16:14:26
178144,138505,5598,1,Histórico Evolvy,pending,snoozed,2024-10-21 16:14:35
178145,138506,5598,1,Histórico Evolvy,pending,snoozed,2024-10-21 16:14:42
178147,138508,5598,1,Histórico Evolvy,pending,snoozed,2024-10-21 16:14:53
178151,138515,5598,1,Histórico Evolvy,pending,snoozed,2024-10-21 16:18:05
178152,138517,5598,1,Histórico Evolvy,pending,snoozed,2024-10-21 16:18:09
178154,138519,5598,1,Histórico Evolvy,pending,snoozed,2024-10-21 16:18:24
178155,138520,5598,1,Histórico Evolvy,pending,snoozed,2024-10-21 16:18:27
178156,138521,5598,1,Histórico Evolvy,pending,snoozed,2024-10-21 16:18:33
178157,138522,5598,1,Histórico Evolvy,pending,snoozed,2024-10-21 16:18:37
178158,138523,5598,1,Histórico Evolvy,pending,snoozed,2024-10-21 16:18:43
178165,138631,5598,1,Histórico Evolvy,pending,snoozed,2024-10-21 21:20:48
178166,138633,5598,1,Histórico Evolvy,pending,snoozed,2024-10-21 21:21:29
178167,138634,5598,1,Histórico Evolvy,pending,snoozed,2024-10-21 21:21:49
178170,138637,5598,1,Histórico Evolvy,pending,snoozed,2024-10-21 21:22:55
178171,138638,5598,1,Histórico Evolvy,pending,snoozed,2024-10-21 21:23:10
178173,138640,5598,1,Histórico Evolvy,pending,snoozed,2024-10-21 21:23:41
178174,138641,5598,1,Histórico Evolvy,pending,snoozed,2024-10-21 21:24:02
178176,138643,5598,1,Histórico Evolvy,pending,snoozed,2024-10-21 21:24:58
178177,138644,5598,1,Histórico Evolvy,pending,snoozed,2024-10-21 21:25:33
178178,138645,5598,1,Histórico Evolvy,pending,snoozed,2024-10-21 21:25:49
178179,138646,5598,1,Histórico Evolvy,pending,snoozed,2024-10-21 21:26:03
178180,138647,5598,1,Histórico Evolvy,pending,snoozed,2024-10-21 21:26:17
178181,138648,5598,1,Histórico Evolvy,pending,snoozed,2024-10-21 21:26:32
178183,138650,5598,1,Histórico Evolvy,pending,snoozed,2024-10-21 21:27:21
178184,138651,5598,1,Histórico Evolvy,pending,snoozed,2024-10-21 21:27:37
178185,138652,5598,1,Histórico Evolvy,pending,snoozed,2024-10-21 21:28:35
178187,138655,5598,1,Histórico Evolvy,pending,snoozed,2024-10-21 21:29:30
178188,138656,5598,1,Histórico Evolvy,pending,snoozed,2024-10-21 21:29:45
178190,138658,5598,1,Histórico Evolvy,pending,snoozed,2024-10-21 21:30:19
178196,138665,5598,1,Histórico Evolvy,pending,snoozed,2024-10-21 21:34:47
178197,138667,5598,1,Histórico Evolvy,pending,snoozed,2024-10-21 21:37:11
210062,138689,5599,1,Histórico Evolvy,pending,snoozed,2024-10-21 23:02:06
178200,138701,5598,1,Histórico Evolvy,pending,snoozed,2024-10-21 23:36:48
178201,138702,5598,1,Histórico Evolvy,pending,snoozed,2024-10-21 23:37:07
178202,138703,5598,1,Histórico Evolvy,pending,snoozed,2024-10-21 23:37:25
178203,138704,5598,1,Histórico Evolvy,pending,snoozed,2024-10-21 23:37:41
178204,138705,5598,1,Histórico Evolvy,pending,snoozed,2024-10-21 23:37:57
178205,138706,5598,1,Histórico Evolvy,pending,snoozed,2024-10-21 23:38:55
178206,138707,5598,1,Histórico Evolvy,pending,snoozed,2024-10-21 23:39:39
178207,138708,5598,1,Histórico Evolvy,pending,snoozed,2024-10-21 23:40:35
178209,138782,5598,1,Histórico Evolvy,pending,snoozed,2024-10-22 10:30:01
178210,138783,5598,1,Histórico Evolvy,pending,snoozed,2024-10-22 10:30:07
178211,138784,5598,1,Histórico Evolvy,pending,snoozed,2024-10-22 10:30:27
178212,138785,5598,1,Histórico Evolvy,pending,snoozed,2024-10-22 10:30:32
178215,138788,5598,1,Histórico Evolvy,pending,snoozed,2024-10-22 10:30:49
178216,138789,5598,1,Histórico Evolvy,pending,snoozed,2024-10-22 10:30:53
178217,138790,5598,1,Histórico Evolvy,pending,snoozed,2024-10-22 10:30:59
178218,138791,5598,1,Histórico Evolvy,pending,snoozed,2024-10-22 10:31:04
178219,138792,5598,1,Histórico Evolvy,pending,snoozed,2024-10-22 10:31:10
178221,138794,5598,1,Histórico Evolvy,pending,snoozed,2024-10-22 10:31:24
178222,138795,5598,1,Histórico Evolvy,pending,snoozed,2024-10-22 10:31:29
178223,138796,5598,1,Histórico Evolvy,pending,snoozed,2024-10-22 10:31:34
178224,138797,5598,1,Histórico Evolvy,pending,snoozed,2024-10-22 10:31:39
178225,138798,5598,1,Histórico Evolvy,pending,snoozed,2024-10-22 10:31:45
178226,138799,5598,1,Histórico Evolvy,pending,snoozed,2024-10-22 10:31:48
178227,138800,5598,1,Histórico Evolvy,pending,snoozed,2024-10-22 10:31:53
178228,138801,5598,1,Histórico Evolvy,pending,snoozed,2024-10-22 10:31:58
178230,138803,5598,1,Histórico Evolvy,pending,snoozed,2024-10-22 10:32:09
178231,138804,5598,1,Histórico Evolvy,pending,snoozed,2024-10-22 10:32:15
178233,138806,5598,1,Histórico Evolvy,pending,snoozed,2024-10-22 10:32:26
178234,138807,5598,1,Histórico Evolvy,pending,snoozed,2024-10-22 10:32:31
178235,138808,5598,1,Histórico Evolvy,pending,snoozed,2024-10-22 10:32:36
178236,138809,5598,1,Histórico Evolvy,pending,snoozed,2024-10-22 10:32:41
178237,138810,5598,1,Histórico Evolvy,pending,snoozed,2024-10-22 10:32:45
178238,138811,5598,1,Histórico Evolvy,pending,snoozed,2024-10-22 10:32:52
178239,138812,5598,1,Histórico Evolvy,pending,snoozed,2024-10-22 10:32:56
178240,138813,5598,1,Histórico Evolvy,pending,snoozed,2024-10-22 10:33:01
178242,138815,5598,1,Histórico Evolvy,pending,snoozed,2024-10-22 10:33:10
178243,138816,5598,1,Histórico Evolvy,pending,snoozed,2024-10-22 10:33:15
178244,138817,5598,1,Histórico Evolvy,pending,snoozed,2024-10-22 10:33:20
178246,138819,5598,1,Histórico Evolvy,pending,snoozed,2024-10-22 10:33:31
178254,138901,5598,1,Histórico Evolvy,pending,snoozed,2024-10-22 16:09:24
178255,138902,5598,1,Histórico Evolvy,pending,snoozed,2024-10-22 16:09:30
178256,138903,5598,1,Histórico Evolvy,pending,snoozed,2024-10-22 16:09:42
178258,138905,5598,1,Histórico Evolvy,pending,snoozed,2024-10-22 16:09:51
178259,138906,5598,1,Histórico Evolvy,pending,snoozed,2024-10-22 16:09:56
178260,138907,5598,1,Histórico Evolvy,pending,snoozed,2024-10-22 16:10:02
178261,138908,5598,1,Histórico Evolvy,pending,snoozed,2024-10-22 16:10:07
178262,138910,5598,1,Histórico Evolvy,pending,snoozed,2024-10-22 16:10:11
178264,138912,5598,1,Histórico Evolvy,pending,snoozed,2024-10-22 16:10:23
178265,138913,5598,1,Histórico Evolvy,pending,snoozed,2024-10-22 16:10:27
178267,138915,5598,1,Histórico Evolvy,pending,snoozed,2024-10-22 16:10:37
178268,138916,5598,1,Histórico Evolvy,pending,snoozed,2024-10-22 16:10:41
178269,138917,5598,1,Histórico Evolvy,pending,snoozed,2024-10-22 16:10:47
178270,138918,5598,1,Histórico Evolvy,pending,snoozed,2024-10-22 16:10:53
178271,138919,5598,1,Histórico Evolvy,pending,snoozed,2024-10-22 16:10:58
178272,138920,5598,1,Histórico Evolvy,pending,snoozed,2024-10-22 16:11:19
178274,138922,5598,1,Histórico Evolvy,pending,snoozed,2024-10-22 16:11:28
178275,138923,5598,1,Histórico Evolvy,pending,snoozed,2024-10-22 16:11:33
178276,138924,5598,1,Histórico Evolvy,pending,snoozed,2024-10-22 16:11:38
178277,138926,5598,1,Histórico Evolvy,pending,snoozed,2024-10-22 16:11:43
178278,138927,5598,1,Histórico Evolvy,pending,snoozed,2024-10-22 16:11:49
178279,138928,5598,1,Histórico Evolvy,pending,snoozed,2024-10-22 16:11:53
178280,138929,5598,1,Histórico Evolvy,pending,snoozed,2024-10-22 16:11:57
178281,138930,5598,1,Histórico Evolvy,pending,snoozed,2024-10-22 16:12:04
178283,138933,5598,1,Histórico Evolvy,pending,snoozed,2024-10-22 16:14:57
178284,138934,5598,1,Histórico Evolvy,pending,snoozed,2024-10-22 16:15:02
178286,138936,5598,1,Histórico Evolvy,pending,snoozed,2024-10-22 16:15:13
178288,138938,5598,1,Histórico Evolvy,pending,snoozed,2024-10-22 16:15:27
178291,138941,5598,1,Histórico Evolvy,pending,snoozed,2024-10-22 16:15:41
178292,138943,5598,1,Histórico Evolvy,pending,snoozed,2024-10-22 16:17:38
178302,139118,5598,1,Histórico Evolvy,pending,snoozed,2024-10-22 22:13:00
178303,139119,5598,1,Histórico Evolvy,pending,snoozed,2024-10-22 22:13:16
178304,139120,5598,1,Histórico Evolvy,pending,snoozed,2024-10-22 22:13:36
178305,139121,5598,1,Histórico Evolvy,pending,snoozed,2024-10-22 22:14:25
178306,139122,5598,1,Histórico Evolvy,pending,snoozed,2024-10-22 22:15:11
178308,139125,5598,1,Histórico Evolvy,pending,snoozed,2024-10-22 22:16:12
178309,139126,5598,1,Histórico Evolvy,pending,snoozed,2024-10-22 22:16:39
178310,139127,5598,1,Histórico Evolvy,pending,snoozed,2024-10-22 22:16:57
178311,139128,5598,1,Histórico Evolvy,pending,snoozed,2024-10-22 22:17:15
178312,139129,5598,1,Histórico Evolvy,pending,snoozed,2024-10-22 22:17:30
178314,139131,5598,1,Histórico Evolvy,pending,snoozed,2024-10-22 22:18:04
178316,139133,5598,1,Histórico Evolvy,pending,snoozed,2024-10-22 22:19:36
178317,139134,5598,1,Histórico Evolvy,pending,snoozed,2024-10-22 22:19:53
178318,139135,5598,1,Histórico Evolvy,pending,snoozed,2024-10-22 22:20:09
178319,139136,5598,1,Histórico Evolvy,pending,snoozed,2024-10-22 22:20:27
178320,139137,5598,1,Histórico Evolvy,pending,snoozed,2024-10-22 22:21:08
178321,139138,5598,1,Histórico Evolvy,pending,snoozed,2024-10-22 22:24:02
178322,139139,5598,1,Histórico Evolvy,pending,snoozed,2024-10-22 22:24:19
178323,139140,5598,1,Histórico Evolvy,pending,snoozed,2024-10-22 22:24:35
178334,139183,5598,1,Histórico Evolvy,pending,snoozed,2024-10-23 01:17:23
178335,139184,5598,1,Histórico Evolvy,pending,snoozed,2024-10-23 01:17:46
178336,139185,5598,1,Histórico Evolvy,pending,snoozed,2024-10-23 01:18:08
178337,139186,5598,1,Histórico Evolvy,pending,snoozed,2024-10-23 01:18:23
178338,139187,5598,1,Histórico Evolvy,pending,snoozed,2024-10-23 01:18:37
178339,139188,5598,1,Histórico Evolvy,pending,snoozed,2024-10-23 01:18:52
178340,139189,5598,1,Histórico Evolvy,pending,snoozed,2024-10-23 01:19:09
178341,139190,5598,1,Histórico Evolvy,pending,snoozed,2024-10-23 01:19:45
178342,139191,5598,1,Histórico Evolvy,pending,snoozed,2024-10-23 01:20:02
178343,139192,5598,1,Histórico Evolvy,pending,snoozed,2024-10-23 01:20:21
178344,139193,5598,1,Histórico Evolvy,pending,snoozed,2024-10-23 01:20:36
178345,139194,5598,1,Histórico Evolvy,pending,snoozed,2024-10-23 01:20:56
178346,139195,5598,1,Histórico Evolvy,pending,snoozed,2024-10-23 01:21:57
178348,139245,5598,1,Histórico Evolvy,pending,snoozed,2024-10-23 10:30:56
178349,139246,5598,1,Histórico Evolvy,pending,snoozed,2024-10-23 10:31:02
178350,139247,5598,1,Histórico Evolvy,pending,snoozed,2024-10-23 10:31:06
178351,139248,5598,1,Histórico Evolvy,pending,snoozed,2024-10-23 10:31:11
178352,139249,5598,1,Histórico Evolvy,pending,snoozed,2024-10-23 10:31:16
178353,139250,5598,1,Histórico Evolvy,pending,snoozed,2024-10-23 10:31:19
178354,139251,5598,1,Histórico Evolvy,pending,snoozed,2024-10-23 10:31:24
178355,139252,5598,1,Histórico Evolvy,pending,snoozed,2024-10-23 10:31:30
178360,139258,5598,1,Histórico Evolvy,pending,snoozed,2024-10-23 10:41:38
178362,139260,5598,1,Histórico Evolvy,pending,snoozed,2024-10-23 10:41:55
178363,139261,5598,1,Histórico Evolvy,pending,snoozed,2024-10-23 10:41:58
178364,139262,5598,1,Histórico Evolvy,pending,snoozed,2024-10-23 10:42:03
178365,139263,5598,1,Histórico Evolvy,pending,snoozed,2024-10-23 10:42:07
178366,139264,5598,1,Histórico Evolvy,pending,snoozed,2024-10-23 10:42:13
178367,139265,5598,1,Histórico Evolvy,pending,snoozed,2024-10-23 10:42:18
178369,139267,5598,1,Histórico Evolvy,pending,snoozed,2024-10-23 10:42:31
178370,139268,5598,1,Histórico Evolvy,pending,snoozed,2024-10-23 10:42:36
178371,139269,5598,1,Histórico Evolvy,pending,snoozed,2024-10-23 10:42:41
178372,139270,5598,1,Histórico Evolvy,pending,snoozed,2024-10-23 10:42:59
178374,139272,5598,1,Histórico Evolvy,pending,snoozed,2024-10-23 10:45:14
178376,139274,5598,1,Histórico Evolvy,pending,snoozed,2024-10-23 10:45:24
178377,139275,5598,1,Histórico Evolvy,pending,snoozed,2024-10-23 10:45:28
178378,139276,5598,1,Histórico Evolvy,pending,snoozed,2024-10-23 10:45:33
178379,139277,5598,1,Histórico Evolvy,pending,snoozed,2024-10-23 10:45:39
178381,139279,5598,1,Histórico Evolvy,pending,snoozed,2024-10-23 10:45:53
210584,139301,5599,1,Histórico Evolvy,pending,snoozed,2024-10-23 11:50:07
178386,139378,5598,1,Histórico Evolvy,pending,snoozed,2024-10-23 16:44:58
178387,139379,5598,1,Histórico Evolvy,pending,snoozed,2024-10-23 16:45:03
178388,139380,5598,1,Histórico Evolvy,pending,snoozed,2024-10-23 16:45:20
178389,139381,5598,1,Histórico Evolvy,pending,snoozed,2024-10-23 16:45:25
178390,139382,5598,1,Histórico Evolvy,pending,snoozed,2024-10-23 16:45:30
178391,139384,5598,1,Histórico Evolvy,pending,snoozed,2024-10-23 16:45:34
178392,139385,5598,1,Histórico Evolvy,pending,snoozed,2024-10-23 16:45:39
178393,139386,5598,1,Histórico Evolvy,pending,snoozed,2024-10-23 16:46:59
178394,139387,5598,1,Histórico Evolvy,pending,snoozed,2024-10-23 16:47:04
178395,139388,5598,1,Histórico Evolvy,pending,snoozed,2024-10-23 16:47:09
178396,139389,5598,1,Histórico Evolvy,pending,snoozed,2024-10-23 16:48:58
178398,139391,5598,1,Histórico Evolvy,pending,snoozed,2024-10-23 16:49:13
178399,139392,5598,1,Histórico Evolvy,pending,snoozed,2024-10-23 16:49:19
178402,139395,5598,1,Histórico Evolvy,pending,snoozed,2024-10-23 16:49:48
178403,139396,5598,1,Histórico Evolvy,pending,snoozed,2024-10-23 16:49:53
178406,139399,5598,1,Histórico Evolvy,pending,snoozed,2024-10-23 16:50:15
178407,139400,5598,1,Histórico Evolvy,pending,snoozed,2024-10-23 16:50:21
178408,139401,5598,1,Histórico Evolvy,pending,snoozed,2024-10-23 16:50:26
178412,139406,5598,1,Histórico Evolvy,pending,snoozed,2024-10-23 16:50:46
178414,139408,5598,1,Histórico Evolvy,pending,snoozed,2024-10-23 16:50:56
178415,139409,5598,1,Histórico Evolvy,pending,snoozed,2024-10-23 16:51:49
178416,139410,5598,1,Histórico Evolvy,pending,snoozed,2024-10-23 16:51:54
178417,139411,5598,1,Histórico Evolvy,pending,snoozed,2024-10-23 16:52:00
178419,139413,5598,1,Histórico Evolvy,pending,snoozed,2024-10-23 16:52:11
178420,139414,5598,1,Histórico Evolvy,pending,snoozed,2024-10-23 16:52:17
178421,139415,5598,1,Histórico Evolvy,pending,snoozed,2024-10-23 16:52:22
178422,139416,5598,1,Histórico Evolvy,pending,snoozed,2024-10-23 16:52:27
178423,139417,5598,1,Histórico Evolvy,pending,snoozed,2024-10-23 16:52:33
178424,139418,5598,1,Histórico Evolvy,pending,snoozed,2024-10-23 16:52:39
178425,139419,5598,1,Histórico Evolvy,pending,snoozed,2024-10-23 16:52:43
178426,139420,5598,1,Histórico Evolvy,pending,snoozed,2024-10-23 16:52:49
178427,139421,5598,1,Histórico Evolvy,pending,snoozed,2024-10-23 17:02:21
178429,139423,5598,1,Histórico Evolvy,pending,snoozed,2024-10-23 17:02:38
178431,139425,5598,1,Histórico Evolvy,pending,snoozed,2024-10-23 17:03:03
178432,139426,5598,1,Histórico Evolvy,pending,snoozed,2024-10-23 17:03:11
178434,139428,5598,1,Histórico Evolvy,pending,snoozed,2024-10-23 17:03:21
178436,139430,5598,1,Histórico Evolvy,pending,snoozed,2024-10-23 17:03:30
178437,139431,5598,1,Histórico Evolvy,pending,snoozed,2024-10-23 17:06:35
178438,139432,5598,1,Histórico Evolvy,pending,snoozed,2024-10-23 17:06:41
178443,139499,5598,1,Histórico Evolvy,pending,snoozed,2024-10-23 20:24:18
178444,139500,5598,1,Histórico Evolvy,pending,snoozed,2024-10-23 20:24:38
178445,139501,5598,1,Histórico Evolvy,pending,snoozed,2024-10-23 20:25:35
178447,139503,5598,1,Histórico Evolvy,pending,snoozed,2024-10-23 20:26:06
178448,139504,5598,1,Histórico Evolvy,pending,snoozed,2024-10-23 20:26:23
178451,139507,5598,1,Histórico Evolvy,pending,snoozed,2024-10-23 20:27:16
178453,139517,5598,1,Histórico Evolvy,pending,snoozed,2024-10-23 21:14:29
178454,139519,5598,1,Histórico Evolvy,pending,snoozed,2024-10-23 21:15:16
178456,139521,5598,1,Histórico Evolvy,pending,snoozed,2024-10-23 21:16:16
178468,139574,5598,1,Histórico Evolvy,pending,snoozed,2024-10-24 00:04:54
178469,139575,5598,1,Histórico Evolvy,pending,snoozed,2024-10-24 00:05:09
178470,139576,5598,1,Histórico Evolvy,pending,snoozed,2024-10-24 00:05:28
178472,139578,5598,1,Histórico Evolvy,pending,snoozed,2024-10-24 00:06:22
178473,139579,5598,1,Histórico Evolvy,pending,snoozed,2024-10-24 00:06:43
178474,139580,5598,1,Histórico Evolvy,pending,snoozed,2024-10-24 00:07:11
178475,139581,5598,1,Histórico Evolvy,pending,snoozed,2024-10-24 00:07:53
178476,139582,5598,1,Histórico Evolvy,pending,snoozed,2024-10-24 00:08:09
178477,139583,5598,1,Histórico Evolvy,pending,snoozed,2024-10-24 00:08:26
179478,139584,5598,1,Histórico Evolvy,pending,snoozed,2024-10-24 00:08:45
179479,139585,5598,1,Histórico Evolvy,pending,snoozed,2024-10-24 00:09:02
179480,139586,5598,1,Histórico Evolvy,pending,snoozed,2024-10-24 00:09:22
179481,139587,5598,1,Histórico Evolvy,pending,snoozed,2024-10-24 00:09:43
179482,139588,5598,1,Histórico Evolvy,pending,snoozed,2024-10-24 00:10:04
179483,139589,5598,1,Histórico Evolvy,pending,snoozed,2024-10-24 00:10:22
179484,139590,5598,1,Histórico Evolvy,pending,snoozed,2024-10-24 00:10:44
179485,139591,5598,1,Histórico Evolvy,pending,snoozed,2024-10-24 00:11:02
179486,139592,5598,1,Histórico Evolvy,pending,snoozed,2024-10-24 00:11:21
179490,139596,5598,1,Histórico Evolvy,pending,snoozed,2024-10-24 00:12:41
179491,139597,5598,1,Histórico Evolvy,pending,snoozed,2024-10-24 00:13:38
179492,139598,5598,1,Histórico Evolvy,pending,snoozed,2024-10-24 00:13:55
179493,139599,5598,1,Histórico Evolvy,pending,snoozed,2024-10-24 00:14:11
179494,139600,5598,1,Histórico Evolvy,pending,snoozed,2024-10-24 00:14:36
179496,139602,5598,1,Histórico Evolvy,pending,snoozed,2024-10-24 00:14:57
179498,139671,5598,1,Histórico Evolvy,pending,snoozed,2024-10-24 10:31:09
179500,139673,5598,1,Histórico Evolvy,pending,snoozed,2024-10-24 10:31:21
179503,139676,5598,1,Histórico Evolvy,pending,snoozed,2024-10-24 10:31:35
179504,139677,5598,1,Histórico Evolvy,pending,snoozed,2024-10-24 10:31:40
179505,139678,5598,1,Histórico Evolvy,pending,snoozed,2024-10-24 10:31:45
179506,139679,5598,1,Histórico Evolvy,pending,snoozed,2024-10-24 10:31:50
179507,139680,5598,1,Histórico Evolvy,pending,snoozed,2024-10-24 10:31:56
179509,139683,5598,1,Histórico Evolvy,pending,snoozed,2024-10-24 10:33:45
179510,139684,5598,1,Histórico Evolvy,pending,snoozed,2024-10-24 10:33:50
179511,139685,5598,1,Histórico Evolvy,pending,snoozed,2024-10-24 10:33:54
179512,139686,5598,1,Histórico Evolvy,pending,snoozed,2024-10-24 10:33:58
179513,139687,5598,1,Histórico Evolvy,pending,snoozed,2024-10-24 10:34:04
179514,139688,5598,1,Histórico Evolvy,pending,snoozed,2024-10-24 10:34:08
179515,139689,5598,1,Histórico Evolvy,pending,snoozed,2024-10-24 10:34:13
179516,139690,5598,1,Histórico Evolvy,pending,snoozed,2024-10-24 10:34:18
179517,139691,5598,1,Histórico Evolvy,pending,snoozed,2024-10-24 10:34:22
179518,139692,5598,1,Histórico Evolvy,pending,snoozed,2024-10-24 10:34:27
179519,139693,5598,1,Histórico Evolvy,pending,snoozed,2024-10-24 10:34:32
179520,139694,5598,1,Histórico Evolvy,pending,snoozed,2024-10-24 10:34:37
179521,139695,5598,1,Histórico Evolvy,pending,snoozed,2024-10-24 10:34:43
179525,139699,5598,1,Histórico Evolvy,pending,snoozed,2024-10-24 10:37:01
179527,139701,5598,1,Histórico Evolvy,pending,snoozed,2024-10-24 10:37:11
179528,139702,5598,1,Histórico Evolvy,pending,snoozed,2024-10-24 10:37:16
179529,139703,5598,1,Histórico Evolvy,pending,snoozed,2024-10-24 10:37:21
179530,139705,5598,1,Histórico Evolvy,pending,snoozed,2024-10-24 10:37:26
179532,139707,5598,1,Histórico Evolvy,pending,snoozed,2024-10-24 10:39:05
179534,139709,5598,1,Histórico Evolvy,pending,snoozed,2024-10-24 10:39:15
179535,139710,5598,1,Histórico Evolvy,pending,snoozed,2024-10-24 10:39:19
179536,139711,5598,1,Histórico Evolvy,pending,snoozed,2024-10-24 10:39:25
179538,139713,5598,1,Histórico Evolvy,pending,snoozed,2024-10-24 10:39:39
179539,139714,5598,1,Histórico Evolvy,pending,snoozed,2024-10-24 10:39:43
179540,139715,5598,1,Histórico Evolvy,pending,snoozed,2024-10-24 10:39:47
179541,139716,5598,1,Histórico Evolvy,pending,snoozed,2024-10-24 10:39:53
179542,139717,5598,1,Histórico Evolvy,pending,snoozed,2024-10-24 10:39:58
179553,139866,5598,1,Histórico Evolvy,pending,snoozed,2024-10-24 16:12:01
179554,139867,5598,1,Histórico Evolvy,pending,snoozed,2024-10-24 16:12:08
179555,139868,5598,1,Histórico Evolvy,pending,snoozed,2024-10-24 16:12:12
179557,139870,5598,1,Histórico Evolvy,pending,snoozed,2024-10-24 16:12:22
179558,139871,5598,1,Histórico Evolvy,pending,snoozed,2024-10-24 16:12:37
179559,139872,5598,1,Histórico Evolvy,pending,snoozed,2024-10-24 16:12:43
179561,139874,5598,1,Histórico Evolvy,pending,snoozed,2024-10-24 16:12:53
179562,139875,5598,1,Histórico Evolvy,pending,snoozed,2024-10-24 16:13:03
179564,139877,5598,1,Histórico Evolvy,pending,snoozed,2024-10-24 16:13:14
179565,139878,5598,1,Histórico Evolvy,pending,snoozed,2024-10-24 16:13:18
179568,139881,5598,1,Histórico Evolvy,pending,snoozed,2024-10-24 16:13:32
179569,139882,5598,1,Histórico Evolvy,pending,snoozed,2024-10-24 16:13:37
179570,139883,5598,1,Histórico Evolvy,pending,snoozed,2024-10-24 16:13:52
179571,139884,5598,1,Histórico Evolvy,pending,snoozed,2024-10-24 16:13:59
179572,139885,5598,1,Histórico Evolvy,pending,snoozed,2024-10-24 16:14:06
179574,139889,5598,1,Histórico Evolvy,pending,snoozed,2024-10-24 16:18:09
179576,139891,5598,1,Histórico Evolvy,pending,snoozed,2024-10-24 16:18:19
179580,139897,5598,1,Histórico Evolvy,pending,snoozed,2024-10-24 16:18:42
179582,139899,5598,1,Histórico Evolvy,pending,snoozed,2024-10-24 16:18:51
179584,139902,5598,1,Histórico Evolvy,pending,snoozed,2024-10-24 16:19:01
179585,139903,5598,1,Histórico Evolvy,pending,snoozed,2024-10-24 16:19:05
179586,139904,5598,1,Histórico Evolvy,pending,snoozed,2024-10-24 16:19:20
179588,139906,5598,1,Histórico Evolvy,pending,snoozed,2024-10-24 16:19:30
179591,140051,5598,1,Histórico Evolvy,pending,snoozed,2024-10-25 01:28:50
179592,140052,5598,1,Histórico Evolvy,pending,snoozed,2024-10-25 01:29:08
179593,140053,5598,1,Histórico Evolvy,pending,snoozed,2024-10-25 01:29:25
179594,140054,5598,1,Histórico Evolvy,pending,snoozed,2024-10-25 01:29:40
179596,140056,5598,1,Histórico Evolvy,pending,snoozed,2024-10-25 01:30:20
179599,140059,5598,1,Histórico Evolvy,pending,snoozed,2024-10-25 01:31:26
179600,140060,5598,1,Histórico Evolvy,pending,snoozed,2024-10-25 01:31:44
179602,140062,5598,1,Histórico Evolvy,pending,snoozed,2024-10-25 01:32:18
179603,140063,5598,1,Histórico Evolvy,pending,snoozed,2024-10-25 01:32:35
179604,140064,5598,1,Histórico Evolvy,pending,snoozed,2024-10-25 01:32:49
179606,140066,5598,1,Histórico Evolvy,pending,snoozed,2024-10-25 01:33:31
179607,140067,5598,1,Histórico Evolvy,pending,snoozed,2024-10-25 01:37:14
179608,140068,5598,1,Histórico Evolvy,pending,snoozed,2024-10-25 01:38:03
179609,140069,5598,1,Histórico Evolvy,pending,snoozed,2024-10-25 01:38:17
179612,140072,5598,1,Histórico Evolvy,pending,snoozed,2024-10-25 01:39:04
179614,140074,5598,1,Histórico Evolvy,pending,snoozed,2024-10-25 01:39:33
179615,140075,5598,1,Histórico Evolvy,pending,snoozed,2024-10-25 01:39:47
179616,140076,5598,1,Histórico Evolvy,pending,snoozed,2024-10-25 01:40:01
179617,140077,5598,1,Histórico Evolvy,pending,snoozed,2024-10-25 01:40:19
179618,140078,5598,1,Histórico Evolvy,pending,snoozed,2024-10-25 01:40:35
179619,140079,5598,1,Histórico Evolvy,pending,snoozed,2024-10-25 01:40:54
179620,140080,5598,1,Histórico Evolvy,pending,snoozed,2024-10-25 01:41:46
179621,140081,5598,1,Histórico Evolvy,pending,snoozed,2024-10-25 01:42:11
179622,140082,5598,1,Histórico Evolvy,pending,snoozed,2024-10-25 01:42:27
179623,140083,5598,1,Histórico Evolvy,pending,snoozed,2024-10-25 01:42:44
179624,140084,5598,1,Histórico Evolvy,pending,snoozed,2024-10-25 01:43:00
179625,140085,5598,1,Histórico Evolvy,pending,snoozed,2024-10-25 01:43:15
179626,140086,5598,1,Histórico Evolvy,pending,snoozed,2024-10-25 01:46:24
179627,140087,5598,1,Histórico Evolvy,pending,snoozed,2024-10-25 01:46:40
179628,140088,5598,1,Histórico Evolvy,pending,snoozed,2024-10-25 01:46:52
179629,140089,5598,1,Histórico Evolvy,pending,snoozed,2024-10-25 01:47:06
179630,140091,5598,1,Histórico Evolvy,pending,snoozed,2024-10-25 01:47:20
179632,140093,5598,1,Histórico Evolvy,pending,snoozed,2024-10-25 01:47:45
179633,140094,5598,1,Histórico Evolvy,pending,snoozed,2024-10-25 01:48:01
179634,140095,5598,1,Histórico Evolvy,pending,snoozed,2024-10-25 01:48:16
179635,140096,5598,1,Histórico Evolvy,pending,snoozed,2024-10-25 01:48:37
179636,140097,5598,1,Histórico Evolvy,pending,snoozed,2024-10-25 01:49:06
179637,140098,5598,1,Histórico Evolvy,pending,snoozed,2024-10-25 01:49:20
179640,140101,5598,1,Histórico Evolvy,pending,snoozed,2024-10-25 01:50:10
179641,140102,5598,1,Histórico Evolvy,pending,snoozed,2024-10-25 01:50:25
179642,140103,5598,1,Histórico Evolvy,pending,snoozed,2024-10-25 01:51:46
179643,140104,5598,1,Histórico Evolvy,pending,snoozed,2024-10-25 01:52:04
179644,140105,5598,1,Histórico Evolvy,pending,snoozed,2024-10-25 01:52:22
179645,140107,5598,1,Histórico Evolvy,pending,snoozed,2024-10-25 01:52:37
179646,140108,5598,1,Histórico Evolvy,pending,snoozed,2024-10-25 01:52:55
179647,140109,5598,1,Histórico Evolvy,pending,snoozed,2024-10-25 01:53:10
179648,140111,5598,1,Histórico Evolvy,pending,snoozed,2024-10-25 01:53:23
179649,140112,5598,1,Histórico Evolvy,pending,snoozed,2024-10-25 01:53:58
179651,140114,5598,1,Histórico Evolvy,pending,snoozed,2024-10-25 01:54:35
179652,140115,5598,1,Histórico Evolvy,pending,snoozed,2024-10-25 01:54:49
179653,140156,5598,1,Histórico Evolvy,pending,snoozed,2024-10-25 10:48:02
179654,140157,5598,1,Histórico Evolvy,pending,snoozed,2024-10-25 10:49:20
179655,140158,5598,1,Histórico Evolvy,pending,snoozed,2024-10-25 10:49:52
179656,140159,5598,1,Histórico Evolvy,pending,snoozed,2024-10-25 10:50:34
179657,140160,5598,1,Histórico Evolvy,pending,snoozed,2024-10-25 10:51:16
179658,140161,5598,1,Histórico Evolvy,pending,snoozed,2024-10-25 10:51:32
179659,140162,5598,1,Histórico Evolvy,pending,snoozed,2024-10-25 10:51:54
179663,140167,5598,1,Histórico Evolvy,pending,snoozed,2024-10-25 10:55:45
179664,140168,5598,1,Histórico Evolvy,pending,snoozed,2024-10-25 10:56:06
179665,140169,5598,1,Histórico Evolvy,pending,snoozed,2024-10-25 10:56:26
179666,140170,5598,1,Histórico Evolvy,pending,snoozed,2024-10-25 10:56:41
179668,140172,5598,1,Histórico Evolvy,pending,snoozed,2024-10-25 10:57:09
179670,140174,5598,1,Histórico Evolvy,pending,snoozed,2024-10-25 10:57:39
179672,140176,5598,1,Histórico Evolvy,pending,snoozed,2024-10-25 10:59:52
179673,140177,5598,1,Histórico Evolvy,pending,snoozed,2024-10-25 10:59:56
179675,140179,5598,1,Histórico Evolvy,pending,snoozed,2024-10-25 11:00:07
179676,140180,5598,1,Histórico Evolvy,pending,snoozed,2024-10-25 11:01:21
179686,140270,5598,1,Histórico Evolvy,pending,snoozed,2024-10-25 16:21:09
179688,140272,5598,1,Histórico Evolvy,pending,snoozed,2024-10-25 16:21:20
179689,140273,5598,1,Histórico Evolvy,pending,snoozed,2024-10-25 16:21:24
179690,140275,5598,1,Histórico Evolvy,pending,snoozed,2024-10-25 16:21:29
179691,140276,5598,1,Histórico Evolvy,pending,snoozed,2024-10-25 16:21:34
179695,140280,5598,1,Histórico Evolvy,pending,snoozed,2024-10-25 16:21:52
179697,140282,5598,1,Histórico Evolvy,pending,snoozed,2024-10-25 16:22:03
179699,140284,5598,1,Histórico Evolvy,pending,snoozed,2024-10-25 16:22:20
179700,140285,5598,1,Histórico Evolvy,pending,snoozed,2024-10-25 16:22:25
179701,140286,5598,1,Histórico Evolvy,pending,snoozed,2024-10-25 16:22:29
179702,140287,5598,1,Histórico Evolvy,pending,snoozed,2024-10-25 16:22:36
179703,140288,5598,1,Histórico Evolvy,pending,snoozed,2024-10-25 16:23:09
179704,140289,5598,1,Histórico Evolvy,pending,snoozed,2024-10-25 16:23:13
179705,140290,5598,1,Histórico Evolvy,pending,snoozed,2024-10-25 16:23:20
179706,140291,5598,1,Histórico Evolvy,pending,snoozed,2024-10-25 16:23:24
179707,140292,5598,1,Histórico Evolvy,pending,snoozed,2024-10-25 16:23:29
179708,140293,5598,1,Histórico Evolvy,pending,snoozed,2024-10-25 16:23:34
179709,140294,5598,1,Histórico Evolvy,pending,snoozed,2024-10-25 16:23:37
179710,140295,5598,1,Histórico Evolvy,pending,snoozed,2024-10-25 16:23:42
179711,140296,5598,1,Histórico Evolvy,pending,snoozed,2024-10-25 16:23:46
179713,140298,5598,1,Histórico Evolvy,pending,snoozed,2024-10-25 16:23:56
179714,140299,5598,1,Histórico Evolvy,pending,snoozed,2024-10-25 16:24:00
179716,140301,5598,1,Histórico Evolvy,pending,snoozed,2024-10-25 16:24:14
179717,140302,5598,1,Histórico Evolvy,pending,snoozed,2024-10-25 16:24:16
179719,140304,5598,1,Histórico Evolvy,pending,snoozed,2024-10-25 16:24:29
179720,140305,5598,1,Histórico Evolvy,pending,snoozed,2024-10-25 16:24:33
179721,140306,5598,1,Histórico Evolvy,pending,snoozed,2024-10-25 16:24:38
179725,140310,5598,1,Histórico Evolvy,pending,snoozed,2024-10-25 16:24:57
179726,140312,5598,1,Histórico Evolvy,pending,snoozed,2024-10-25 16:31:12
179727,140313,5598,1,Histórico Evolvy,pending,snoozed,2024-10-25 16:31:17
179728,140315,5598,1,Histórico Evolvy,pending,snoozed,2024-10-25 16:31:27
179738,140375,5598,1,Histórico Evolvy,pending,snoozed,2024-10-25 21:23:37
179740,140377,5598,1,Histórico Evolvy,pending,snoozed,2024-10-25 21:24:05
179741,140378,5598,1,Histórico Evolvy,pending,snoozed,2024-10-25 21:24:21
179742,140379,5598,1,Histórico Evolvy,pending,snoozed,2024-10-25 21:25:08
179745,140383,5598,1,Histórico Evolvy,pending,snoozed,2024-10-25 21:27:46
179747,140386,5598,1,Histórico Evolvy,pending,snoozed,2024-10-25 21:28:29
179749,140388,5598,1,Histórico Evolvy,pending,snoozed,2024-10-25 21:28:56
179750,140389,5598,1,Histórico Evolvy,pending,snoozed,2024-10-25 21:29:08
179751,140390,5598,1,Histórico Evolvy,pending,snoozed,2024-10-25 21:29:33
179752,140391,5598,1,Histórico Evolvy,pending,snoozed,2024-10-25 21:29:47
179756,140396,5598,1,Histórico Evolvy,pending,snoozed,2024-10-25 21:38:52
179759,140399,5598,1,Histórico Evolvy,pending,snoozed,2024-10-25 21:40:20
179760,140400,5598,1,Histórico Evolvy,pending,snoozed,2024-10-25 21:40:34
179761,140401,5598,1,Histórico Evolvy,pending,snoozed,2024-10-25 21:40:47
179762,140431,5598,1,Histórico Evolvy,pending,snoozed,2024-10-25 23:45:51
179763,140432,5598,1,Histórico Evolvy,pending,snoozed,2024-10-25 23:46:05
179764,140433,5598,1,Histórico Evolvy,pending,snoozed,2024-10-25 23:46:21
179766,140435,5598,1,Histórico Evolvy,pending,snoozed,2024-10-25 23:46:49
179767,140436,5598,1,Histórico Evolvy,pending,snoozed,2024-10-25 23:47:03
179768,140437,5598,1,Histórico Evolvy,pending,snoozed,2024-10-25 23:47:18
179769,140438,5598,1,Histórico Evolvy,pending,snoozed,2024-10-25 23:47:30
179770,140439,5598,1,Histórico Evolvy,pending,snoozed,2024-10-25 23:48:01
179772,140441,5598,1,Histórico Evolvy,pending,snoozed,2024-10-25 23:49:53
179773,140497,5598,1,Histórico Evolvy,pending,snoozed,2024-10-26 10:46:43
179775,140499,5598,1,Histórico Evolvy,pending,snoozed,2024-10-26 10:46:55
179776,140500,5598,1,Histórico Evolvy,pending,snoozed,2024-10-26 10:47:00
179777,140501,5598,1,Histórico Evolvy,pending,snoozed,2024-10-26 10:47:06
179778,140502,5598,1,Histórico Evolvy,pending,snoozed,2024-10-26 10:47:10
179779,140503,5598,1,Histórico Evolvy,pending,snoozed,2024-10-26 10:47:15
179783,140507,5598,1,Histórico Evolvy,pending,snoozed,2024-10-26 10:47:52
179784,140508,5598,1,Histórico Evolvy,pending,snoozed,2024-10-26 10:47:57
179785,140509,5598,1,Histórico Evolvy,pending,snoozed,2024-10-26 10:48:02
179787,140511,5598,1,Histórico Evolvy,pending,snoozed,2024-10-26 10:48:11
179788,140512,5598,1,Histórico Evolvy,pending,snoozed,2024-10-26 10:48:31
179791,140515,5598,1,Histórico Evolvy,pending,snoozed,2024-10-26 10:51:26
179792,140516,5598,1,Histórico Evolvy,pending,snoozed,2024-10-26 10:51:33
179793,140517,5598,1,Histórico Evolvy,pending,snoozed,2024-10-26 10:51:38
179794,140518,5598,1,Histórico Evolvy,pending,snoozed,2024-10-26 10:51:45
179795,140519,5598,1,Histórico Evolvy,pending,snoozed,2024-10-26 10:51:50
179796,140520,5598,1,Histórico Evolvy,pending,snoozed,2024-10-26 10:51:55
179797,140521,5598,1,Histórico Evolvy,pending,snoozed,2024-10-26 10:52:00
179798,140522,5598,1,Histórico Evolvy,pending,snoozed,2024-10-26 10:52:04
179801,140525,5598,1,Histórico Evolvy,pending,snoozed,2024-10-26 10:52:28
179802,140526,5598,1,Histórico Evolvy,pending,snoozed,2024-10-26 10:52:34
179803,140527,5598,1,Histórico Evolvy,pending,snoozed,2024-10-26 10:52:38
179804,140528,5598,1,Histórico Evolvy,pending,snoozed,2024-10-26 10:57:17
179807,140531,5598,1,Histórico Evolvy,pending,snoozed,2024-10-26 10:57:32
179810,140534,5598,1,Histórico Evolvy,pending,snoozed,2024-10-26 10:59:59
179811,140535,5598,1,Histórico Evolvy,pending,snoozed,2024-10-26 11:00:04
179812,140536,5598,1,Histórico Evolvy,pending,snoozed,2024-10-26 11:00:10
179813,140537,5598,1,Histórico Evolvy,pending,snoozed,2024-10-26 11:00:15
179814,140538,5598,1,Histórico Evolvy,pending,snoozed,2024-10-26 11:00:19
179816,140540,5598,1,Histórico Evolvy,pending,snoozed,2024-10-26 11:00:37
179820,140623,5598,1,Histórico Evolvy,pending,snoozed,2024-10-26 16:06:51
179822,140625,5598,1,Histórico Evolvy,pending,snoozed,2024-10-26 16:07:10
179823,140626,5598,1,Histórico Evolvy,pending,snoozed,2024-10-26 16:07:22
179825,140628,5598,1,Histórico Evolvy,pending,snoozed,2024-10-26 16:07:40
179826,140629,5598,1,Histórico Evolvy,pending,snoozed,2024-10-26 16:07:46
179828,140631,5598,1,Histórico Evolvy,pending,snoozed,2024-10-26 16:07:55
179829,140632,5598,1,Histórico Evolvy,pending,snoozed,2024-10-26 16:08:00
179830,140633,5598,1,Histórico Evolvy,pending,snoozed,2024-10-26 16:08:04
179831,140634,5598,1,Histórico Evolvy,pending,snoozed,2024-10-26 16:08:09
179832,140635,5598,1,Histórico Evolvy,pending,snoozed,2024-10-26 16:08:15
179833,140636,5598,1,Histórico Evolvy,pending,snoozed,2024-10-26 16:08:20
179835,140638,5598,1,Histórico Evolvy,pending,snoozed,2024-10-26 16:08:27
179836,140639,5598,1,Histórico Evolvy,pending,snoozed,2024-10-26 16:08:32
179837,140640,5598,1,Histórico Evolvy,pending,snoozed,2024-10-26 16:08:37
179838,140641,5598,1,Histórico Evolvy,pending,snoozed,2024-10-26 16:08:40
179839,140642,5598,1,Histórico Evolvy,pending,snoozed,2024-10-26 16:08:46
179840,140643,5598,1,Histórico Evolvy,pending,snoozed,2024-10-26 16:08:51
179842,140645,5598,1,Histórico Evolvy,pending,snoozed,2024-10-26 16:08:57
179843,140646,5598,1,Histórico Evolvy,pending,snoozed,2024-10-26 16:09:02
179844,140647,5598,1,Histórico Evolvy,pending,snoozed,2024-10-26 16:09:10
179845,140648,5598,1,Histórico Evolvy,pending,snoozed,2024-10-26 16:09:15
179846,140649,5598,1,Histórico Evolvy,pending,snoozed,2024-10-26 16:09:19
179849,140652,5598,1,Histórico Evolvy,pending,snoozed,2024-10-26 16:09:33
179850,140653,5598,1,Histórico Evolvy,pending,snoozed,2024-10-26 16:09:37
179853,140656,5598,1,Histórico Evolvy,pending,snoozed,2024-10-26 16:09:54
179854,140657,5598,1,Histórico Evolvy,pending,snoozed,2024-10-26 16:09:56
179855,140658,5598,1,Histórico Evolvy,pending,snoozed,2024-10-26 16:10:01
179856,140659,5598,1,Histórico Evolvy,pending,snoozed,2024-10-26 16:10:06
179858,140663,5598,1,Histórico Evolvy,pending,snoozed,2024-10-26 16:18:49
179859,140664,5598,1,Histórico Evolvy,pending,snoozed,2024-10-26 16:18:54
179860,140665,5598,1,Histórico Evolvy,pending,snoozed,2024-10-26 16:18:58
179862,140667,5598,1,Histórico Evolvy,pending,snoozed,2024-10-26 16:19:11
179863,140668,5598,1,Histórico Evolvy,pending,snoozed,2024-10-26 16:19:19
179865,140670,5598,1,Histórico Evolvy,pending,snoozed,2024-10-26 16:19:27
179867,140672,5598,1,Histórico Evolvy,pending,snoozed,2024-10-26 16:19:38
179868,140673,5598,1,Histórico Evolvy,pending,snoozed,2024-10-26 16:19:43
179869,140674,5598,1,Histórico Evolvy,pending,snoozed,2024-10-26 16:19:46
179871,140676,5598,1,Histórico Evolvy,pending,snoozed,2024-10-26 16:19:55
179872,140677,5598,1,Histórico Evolvy,pending,snoozed,2024-10-26 16:20:00
179873,140678,5598,1,Histórico Evolvy,pending,snoozed,2024-10-26 16:20:03
179876,140721,5598,1,Histórico Evolvy,pending,snoozed,2024-10-26 21:22:07
179877,140722,5598,1,Histórico Evolvy,pending,snoozed,2024-10-26 21:23:53
179878,140723,5598,1,Histórico Evolvy,pending,snoozed,2024-10-26 21:24:09
179879,140724,5598,1,Histórico Evolvy,pending,snoozed,2024-10-26 21:24:22
179880,140725,5598,1,Histórico Evolvy,pending,snoozed,2024-10-26 21:24:37
179881,140726,5598,1,Histórico Evolvy,pending,snoozed,2024-10-26 21:25:14
179882,140727,5598,1,Histórico Evolvy,pending,snoozed,2024-10-26 21:25:42
179883,140728,5598,1,Histórico Evolvy,pending,snoozed,2024-10-26 21:25:55
179884,140729,5598,1,Histórico Evolvy,pending,snoozed,2024-10-26 21:26:09
179886,140731,5598,1,Histórico Evolvy,pending,snoozed,2024-10-26 21:26:40
179887,140732,5598,1,Histórico Evolvy,pending,snoozed,2024-10-26 21:27:00
179888,140733,5598,1,Histórico Evolvy,pending,snoozed,2024-10-26 21:27:19
179894,140739,5598,1,Histórico Evolvy,pending,snoozed,2024-10-26 21:32:01
179895,140740,5598,1,Histórico Evolvy,pending,snoozed,2024-10-26 21:32:14
179896,140741,5598,1,Histórico Evolvy,pending,snoozed,2024-10-26 21:32:30
179897,140742,5598,1,Histórico Evolvy,pending,snoozed,2024-10-26 21:32:44
179898,140743,5598,1,Histórico Evolvy,pending,snoozed,2024-10-26 21:32:58
179901,140784,5598,1,Histórico Evolvy,pending,snoozed,2024-10-27 03:33:50
179903,140786,5598,1,Histórico Evolvy,pending,snoozed,2024-10-27 03:34:20
179904,140787,5598,1,Histórico Evolvy,pending,snoozed,2024-10-27 03:34:35
179905,140788,5598,1,Histórico Evolvy,pending,snoozed,2024-10-27 03:34:52
179906,140789,5598,1,Histórico Evolvy,pending,snoozed,2024-10-27 03:35:04
179907,140791,5598,1,Histórico Evolvy,pending,snoozed,2024-10-27 03:35:19
179908,140792,5598,1,Histórico Evolvy,pending,snoozed,2024-10-27 03:35:31
179909,140793,5598,1,Histórico Evolvy,pending,snoozed,2024-10-27 03:35:45
179912,140796,5598,1,Histórico Evolvy,pending,snoozed,2024-10-27 03:36:30
179913,140797,5598,1,Histórico Evolvy,pending,snoozed,2024-10-27 03:36:47
179914,140798,5598,1,Histórico Evolvy,pending,snoozed,2024-10-27 03:37:01
179915,140799,5598,1,Histórico Evolvy,pending,snoozed,2024-10-27 03:37:15
179916,140800,5598,1,Histórico Evolvy,pending,snoozed,2024-10-27 03:37:31
179917,140801,5598,1,Histórico Evolvy,pending,snoozed,2024-10-27 03:37:46
179919,140803,5598,1,Histórico Evolvy,pending,snoozed,2024-10-27 03:38:26
179920,140804,5598,1,Histórico Evolvy,pending,snoozed,2024-10-27 03:38:41
179923,140807,5598,1,Histórico Evolvy,pending,snoozed,2024-10-27 03:39:27
179924,140808,5598,1,Histórico Evolvy,pending,snoozed,2024-10-27 03:40:10
179925,140809,5598,1,Histórico Evolvy,pending,snoozed,2024-10-27 03:40:20
179927,140811,5598,1,Histórico Evolvy,pending,snoozed,2024-10-27 03:42:56
179929,140813,5598,1,Histórico Evolvy,pending,snoozed,2024-10-27 03:43:42
179930,140814,5598,1,Histórico Evolvy,pending,snoozed,2024-10-27 03:43:55
179931,140815,5598,1,Histórico Evolvy,pending,snoozed,2024-10-27 03:44:41
179932,140816,5598,1,Histórico Evolvy,pending,snoozed,2024-10-27 03:44:54
179933,140817,5598,1,Histórico Evolvy,pending,snoozed,2024-10-27 03:45:09
179934,140818,5598,1,Histórico Evolvy,pending,snoozed,2024-10-27 03:45:23
179936,140820,5598,1,Histórico Evolvy,pending,snoozed,2024-10-27 03:45:55
179938,140822,5598,1,Histórico Evolvy,pending,snoozed,2024-10-27 03:46:22
179939,140823,5598,1,Histórico Evolvy,pending,snoozed,2024-10-27 03:46:39
179940,140824,5598,1,Histórico Evolvy,pending,snoozed,2024-10-27 03:46:51
179941,140825,5598,1,Histórico Evolvy,pending,snoozed,2024-10-27 03:47:04
179945,140875,5598,1,Histórico Evolvy,pending,snoozed,2024-10-27 10:34:37
179948,140878,5598,1,Histórico Evolvy,pending,snoozed,2024-10-27 10:38:04
179951,140881,5598,1,Histórico Evolvy,pending,snoozed,2024-10-27 10:38:17
179954,140884,5598,1,Histórico Evolvy,pending,snoozed,2024-10-27 10:38:37
179956,140886,5598,1,Histórico Evolvy,pending,snoozed,2024-10-27 10:38:48
179962,140968,5598,1,Histórico Evolvy,pending,snoozed,2024-10-27 16:25:03
179963,140969,5598,1,Histórico Evolvy,pending,snoozed,2024-10-27 16:25:09
179966,140972,5598,1,Histórico Evolvy,pending,snoozed,2024-10-27 16:25:48
179967,140973,5598,1,Histórico Evolvy,pending,snoozed,2024-10-27 16:25:53
179969,140975,5598,1,Histórico Evolvy,pending,snoozed,2024-10-27 16:26:02
179970,140976,5598,1,Histórico Evolvy,pending,snoozed,2024-10-27 16:26:38
179971,140977,5598,1,Histórico Evolvy,pending,snoozed,2024-10-27 16:26:43
179972,140978,5598,1,Histórico Evolvy,pending,snoozed,2024-10-27 16:26:54
179974,140980,5598,1,Histórico Evolvy,pending,snoozed,2024-10-27 16:27:05
179975,140982,5598,1,Histórico Evolvy,pending,snoozed,2024-10-27 16:27:19
179976,140983,5598,1,Histórico Evolvy,pending,snoozed,2024-10-27 16:27:24
179977,140984,5598,1,Histórico Evolvy,pending,snoozed,2024-10-27 16:27:29
180479,140985,5598,1,Histórico Evolvy,pending,snoozed,2024-10-27 16:27:35
180480,140986,5598,1,Histórico Evolvy,pending,snoozed,2024-10-27 16:27:39
180481,140987,5598,1,Histórico Evolvy,pending,snoozed,2024-10-27 16:27:43
180484,140990,5598,1,Histórico Evolvy,pending,snoozed,2024-10-27 16:28:46
180485,140991,5598,1,Histórico Evolvy,pending,snoozed,2024-10-27 16:28:51
180488,140994,5598,1,Histórico Evolvy,pending,snoozed,2024-10-27 16:29:09
180489,140995,5598,1,Histórico Evolvy,pending,snoozed,2024-10-27 16:29:17
180490,140996,5598,1,Histórico Evolvy,pending,snoozed,2024-10-27 16:29:20
180491,140997,5598,1,Histórico Evolvy,pending,snoozed,2024-10-27 16:29:25
180492,140998,5598,1,Histórico Evolvy,pending,snoozed,2024-10-27 16:29:30
180493,140999,5598,1,Histórico Evolvy,pending,snoozed,2024-10-27 16:29:35
180494,141000,5598,1,Histórico Evolvy,pending,snoozed,2024-10-27 16:29:40
180495,141001,5598,1,Histórico Evolvy,pending,snoozed,2024-10-27 16:29:44
180496,141002,5598,1,Histórico Evolvy,pending,snoozed,2024-10-27 16:29:50
180497,141003,5598,1,Histórico Evolvy,pending,snoozed,2024-10-27 16:29:55
180499,141005,5598,1,Histórico Evolvy,pending,snoozed,2024-10-27 16:30:07
180500,141006,5598,1,Histórico Evolvy,pending,snoozed,2024-10-27 16:30:12
180504,141010,5598,1,Histórico Evolvy,pending,snoozed,2024-10-27 16:30:33
180505,141011,5598,1,Histórico Evolvy,pending,snoozed,2024-10-27 16:30:38
180506,141012,5598,1,Histórico Evolvy,pending,snoozed,2024-10-27 16:30:43
180507,141013,5598,1,Histórico Evolvy,pending,snoozed,2024-10-27 16:30:49
180508,141014,5598,1,Histórico Evolvy,pending,snoozed,2024-10-27 16:30:54
180510,141016,5598,1,Histórico Evolvy,pending,snoozed,2024-10-27 16:31:03
180512,141018,5598,1,Histórico Evolvy,pending,snoozed,2024-10-27 16:31:13
180513,141019,5598,1,Histórico Evolvy,pending,snoozed,2024-10-27 16:31:19
180514,141020,5598,1,Histórico Evolvy,pending,snoozed,2024-10-27 16:31:24
180516,141022,5598,1,Histórico Evolvy,pending,snoozed,2024-10-27 16:31:33
180517,141023,5598,1,Histórico Evolvy,pending,snoozed,2024-10-27 16:31:39
180518,141024,5598,1,Histórico Evolvy,pending,snoozed,2024-10-27 16:31:44
180519,141025,5598,1,Histórico Evolvy,pending,snoozed,2024-10-27 16:31:49
180520,141026,5598,1,Histórico Evolvy,pending,snoozed,2024-10-27 16:31:53
180521,141027,5598,1,Histórico Evolvy,pending,snoozed,2024-10-27 16:31:58
180522,141028,5598,1,Histórico Evolvy,pending,snoozed,2024-10-27 16:32:03
180525,141036,5598,1,Histórico Evolvy,pending,snoozed,2024-10-27 17:05:51
180528,141039,5598,1,Histórico Evolvy,pending,snoozed,2024-10-27 17:06:18
180529,141040,5598,1,Histórico Evolvy,pending,snoozed,2024-10-27 17:06:32
180530,141041,5598,1,Histórico Evolvy,pending,snoozed,2024-10-27 17:06:37
180531,141042,5598,1,Histórico Evolvy,pending,snoozed,2024-10-27 17:06:42
180533,141044,5598,1,Histórico Evolvy,pending,snoozed,2024-10-27 17:06:52
180536,141047,5598,1,Histórico Evolvy,pending,snoozed,2024-10-27 17:07:10
180537,141048,5598,1,Histórico Evolvy,pending,snoozed,2024-10-27 17:07:15
180538,141049,5598,1,Histórico Evolvy,pending,snoozed,2024-10-27 17:07:20
180540,141051,5598,1,Histórico Evolvy,pending,snoozed,2024-10-27 17:07:28
180541,141052,5598,1,Histórico Evolvy,pending,snoozed,2024-10-27 17:07:34
180542,141053,5598,1,Histórico Evolvy,pending,snoozed,2024-10-27 17:07:38
180543,141054,5598,1,Histórico Evolvy,pending,snoozed,2024-10-27 17:07:43
180546,141057,5598,1,Histórico Evolvy,pending,snoozed,2024-10-27 17:08:02
180547,141058,5598,1,Histórico Evolvy,pending,snoozed,2024-10-27 17:08:07
180549,141060,5598,1,Histórico Evolvy,pending,snoozed,2024-10-27 17:08:17
180550,141061,5598,1,Histórico Evolvy,pending,snoozed,2024-10-27 17:08:21
180551,141062,5598,1,Histórico Evolvy,pending,snoozed,2024-10-27 17:09:53
180553,141090,5598,1,Histórico Evolvy,pending,snoozed,2024-10-27 19:45:19
180555,141092,5598,1,Histórico Evolvy,pending,snoozed,2024-10-27 19:45:59
180556,141093,5598,1,Histórico Evolvy,pending,snoozed,2024-10-27 19:46:16
180557,141094,5598,1,Histórico Evolvy,pending,snoozed,2024-10-27 19:46:32
180558,141095,5598,1,Histórico Evolvy,pending,snoozed,2024-10-27 19:46:48
180559,141096,5598,1,Histórico Evolvy,pending,snoozed,2024-10-27 19:47:06
180560,141097,5598,1,Histórico Evolvy,pending,snoozed,2024-10-27 19:47:41
180561,141098,5598,1,Histórico Evolvy,pending,snoozed,2024-10-27 19:47:58
180565,141102,5598,1,Histórico Evolvy,pending,snoozed,2024-10-27 19:49:42
180566,141103,5598,1,Histórico Evolvy,pending,snoozed,2024-10-27 19:49:57
180567,141107,5598,1,Histórico Evolvy,pending,snoozed,2024-10-27 19:53:57
180568,141108,5598,1,Histórico Evolvy,pending,snoozed,2024-10-27 19:54:19
180574,141114,5598,1,Histórico Evolvy,pending,snoozed,2024-10-27 19:56:11
180575,141180,5598,1,Histórico Evolvy,pending,snoozed,2024-10-28 01:46:34
180577,141182,5598,1,Histórico Evolvy,pending,snoozed,2024-10-28 01:46:59
180578,141183,5598,1,Histórico Evolvy,pending,snoozed,2024-10-28 01:47:12
180579,141185,5598,1,Histórico Evolvy,pending,snoozed,2024-10-28 01:47:26
180580,141186,5598,1,Histórico Evolvy,pending,snoozed,2024-10-28 01:47:38
180582,141189,5598,1,Histórico Evolvy,pending,snoozed,2024-10-28 01:48:04
180584,141192,5598,1,Histórico Evolvy,pending,snoozed,2024-10-28 01:49:12
180585,141193,5598,1,Histórico Evolvy,pending,snoozed,2024-10-28 01:49:25
180586,141194,5598,1,Histórico Evolvy,pending,snoozed,2024-10-28 01:49:40
180589,141198,5598,1,Histórico Evolvy,pending,snoozed,2024-10-28 01:50:25
180590,141199,5598,1,Histórico Evolvy,pending,snoozed,2024-10-28 01:50:37
180591,141200,5598,1,Histórico Evolvy,pending,snoozed,2024-10-28 01:50:52
180592,141201,5598,1,Histórico Evolvy,pending,snoozed,2024-10-28 01:51:05
180593,141202,5598,1,Histórico Evolvy,pending,snoozed,2024-10-28 01:51:20
180594,141203,5598,1,Histórico Evolvy,pending,snoozed,2024-10-28 01:51:32
180595,141204,5598,1,Histórico Evolvy,pending,snoozed,2024-10-28 01:52:12
180596,141207,5598,1,Histórico Evolvy,pending,snoozed,2024-10-28 01:52:25
180597,141208,5598,1,Histórico Evolvy,pending,snoozed,2024-10-28 01:52:37
180598,141209,5598,1,Histórico Evolvy,pending,snoozed,2024-10-28 01:52:52
180599,141210,5598,1,Histórico Evolvy,pending,snoozed,2024-10-28 01:53:05
180600,141211,5598,1,Histórico Evolvy,pending,snoozed,2024-10-28 01:53:19
180601,141212,5598,1,Histórico Evolvy,pending,snoozed,2024-10-28 01:53:33
180603,141214,5598,1,Histórico Evolvy,pending,snoozed,2024-10-28 01:54:01
180604,141215,5598,1,Histórico Evolvy,pending,snoozed,2024-10-28 01:54:14
180605,141216,5598,1,Histórico Evolvy,pending,snoozed,2024-10-28 01:54:28
180606,141218,5598,1,Histórico Evolvy,pending,snoozed,2024-10-28 01:55:35
180609,141221,5598,1,Histórico Evolvy,pending,snoozed,2024-10-28 01:56:15
180610,141222,5598,1,Histórico Evolvy,pending,snoozed,2024-10-28 01:56:28
180612,141224,5598,1,Histórico Evolvy,pending,snoozed,2024-10-28 01:56:55
180614,141226,5598,1,Histórico Evolvy,pending,snoozed,2024-10-28 01:57:21
180615,141227,5598,1,Histórico Evolvy,pending,snoozed,2024-10-28 01:57:37
180617,141229,5598,1,Histórico Evolvy,pending,snoozed,2024-10-28 01:58:21
180619,141231,5598,1,Histórico Evolvy,pending,snoozed,2024-10-28 01:58:50
180620,141232,5598,1,Histórico Evolvy,pending,snoozed,2024-10-28 01:59:03
180621,141233,5598,1,Histórico Evolvy,pending,snoozed,2024-10-28 01:59:18
180622,141234,5598,1,Histórico Evolvy,pending,snoozed,2024-10-28 01:59:30
180623,141235,5598,1,Histórico Evolvy,pending,snoozed,2024-10-28 01:59:43
180624,141236,5598,1,Histórico Evolvy,pending,snoozed,2024-10-28 01:59:56
180625,141237,5598,1,Histórico Evolvy,pending,snoozed,2024-10-28 02:00:10
180626,141238,5598,1,Histórico Evolvy,pending,snoozed,2024-10-28 02:00:23
180627,141239,5598,1,Histórico Evolvy,pending,snoozed,2024-10-28 02:00:36
180629,141241,5598,1,Histórico Evolvy,pending,snoozed,2024-10-28 02:01:45
180632,141282,5598,1,Histórico Evolvy,pending,snoozed,2024-10-28 10:33:40
180633,141283,5598,1,Histórico Evolvy,pending,snoozed,2024-10-28 10:33:45
180634,141284,5598,1,Histórico Evolvy,pending,snoozed,2024-10-28 10:33:49
180635,141285,5598,1,Histórico Evolvy,pending,snoozed,2024-10-28 10:33:54
180636,141286,5598,1,Histórico Evolvy,pending,snoozed,2024-10-28 10:35:28
180637,141287,5598,1,Histórico Evolvy,pending,snoozed,2024-10-28 10:35:34
180638,141288,5598,1,Histórico Evolvy,pending,snoozed,2024-10-28 10:35:38
180639,141289,5598,1,Histórico Evolvy,pending,snoozed,2024-10-28 10:35:43
180640,141290,5598,1,Histórico Evolvy,pending,snoozed,2024-10-28 10:35:48
180641,141291,5598,1,Histórico Evolvy,pending,snoozed,2024-10-28 10:35:52
180642,141292,5598,1,Histórico Evolvy,pending,snoozed,2024-10-28 10:35:57
180643,141293,5598,1,Histórico Evolvy,pending,snoozed,2024-10-28 10:36:01
180644,141294,5598,1,Histórico Evolvy,pending,snoozed,2024-10-28 10:36:06
180646,141296,5598,1,Histórico Evolvy,pending,snoozed,2024-10-28 10:36:15
180647,141297,5598,1,Histórico Evolvy,pending,snoozed,2024-10-28 10:36:27
180648,141298,5598,1,Histórico Evolvy,pending,snoozed,2024-10-28 10:36:32
180650,141301,5598,1,Histórico Evolvy,pending,snoozed,2024-10-28 10:39:32
180651,141302,5598,1,Histórico Evolvy,pending,snoozed,2024-10-28 10:39:36
180652,141303,5598,1,Histórico Evolvy,pending,snoozed,2024-10-28 10:39:41
180653,141304,5598,1,Histórico Evolvy,pending,snoozed,2024-10-28 10:39:46
180654,141305,5598,1,Histórico Evolvy,pending,snoozed,2024-10-28 10:39:51
180655,141306,5598,1,Histórico Evolvy,pending,snoozed,2024-10-28 10:39:56
180656,141307,5598,1,Histórico Evolvy,pending,snoozed,2024-10-28 10:40:01
180663,141449,5598,1,Histórico Evolvy,pending,snoozed,2024-10-28 16:11:39
180665,141451,5598,1,Histórico Evolvy,pending,snoozed,2024-10-28 16:11:49
180666,141452,5598,1,Histórico Evolvy,pending,snoozed,2024-10-28 16:11:56
180667,141453,5598,1,Histórico Evolvy,pending,snoozed,2024-10-28 16:12:01
180668,141454,5598,1,Histórico Evolvy,pending,snoozed,2024-10-28 16:12:08
180669,141455,5598,1,Histórico Evolvy,pending,snoozed,2024-10-28 16:12:18
180670,141456,5598,1,Histórico Evolvy,pending,snoozed,2024-10-28 16:12:22
180671,141457,5598,1,Histórico Evolvy,pending,snoozed,2024-10-28 16:12:28
180672,141458,5598,1,Histórico Evolvy,pending,snoozed,2024-10-28 16:12:32
180673,141459,5598,1,Histórico Evolvy,pending,snoozed,2024-10-28 16:12:36
180675,141461,5598,1,Histórico Evolvy,pending,snoozed,2024-10-28 16:13:00
180676,141462,5598,1,Histórico Evolvy,pending,snoozed,2024-10-28 16:13:04
180679,141466,5598,1,Histórico Evolvy,pending,snoozed,2024-10-28 16:13:19
180680,141467,5598,1,Histórico Evolvy,pending,snoozed,2024-10-28 16:13:24
180681,141468,5598,1,Histórico Evolvy,pending,snoozed,2024-10-28 16:13:35
180682,141469,5598,1,Histórico Evolvy,pending,snoozed,2024-10-28 16:13:40
180683,141470,5598,1,Histórico Evolvy,pending,snoozed,2024-10-28 16:14:04
180686,141473,5598,1,Histórico Evolvy,pending,snoozed,2024-10-28 16:14:21
180687,141474,5598,1,Histórico Evolvy,pending,snoozed,2024-10-28 16:14:25
180688,141475,5598,1,Histórico Evolvy,pending,snoozed,2024-10-28 16:14:31
180690,141477,5598,1,Histórico Evolvy,pending,snoozed,2024-10-28 16:14:57
180691,141478,5598,1,Histórico Evolvy,pending,snoozed,2024-10-28 16:15:04
180692,141479,5598,1,Histórico Evolvy,pending,snoozed,2024-10-28 16:15:08
180696,141484,5598,1,Histórico Evolvy,pending,snoozed,2024-10-28 16:15:37
180697,141485,5598,1,Histórico Evolvy,pending,snoozed,2024-10-28 16:15:44
180699,141487,5598,1,Histórico Evolvy,pending,snoozed,2024-10-28 16:16:00
180700,141488,5598,1,Histórico Evolvy,pending,snoozed,2024-10-28 16:16:09
180701,141489,5598,1,Histórico Evolvy,pending,snoozed,2024-10-28 16:16:19
180702,141490,5598,1,Histórico Evolvy,pending,snoozed,2024-10-28 16:18:39
180707,141495,5598,1,Histórico Evolvy,pending,snoozed,2024-10-28 16:19:13
180708,141496,5598,1,Histórico Evolvy,pending,snoozed,2024-10-28 16:19:19
180710,141499,5598,1,Histórico Evolvy,pending,snoozed,2024-10-28 16:19:29
180711,141501,5598,1,Histórico Evolvy,pending,snoozed,2024-10-28 16:19:40
180712,141502,5598,1,Histórico Evolvy,pending,snoozed,2024-10-28 16:19:48
180714,141504,5598,1,Histórico Evolvy,pending,snoozed,2024-10-28 16:21:40
180717,141598,5598,1,Histórico Evolvy,pending,snoozed,2024-10-28 21:01:37
180718,141599,5598,1,Histórico Evolvy,pending,snoozed,2024-10-28 21:01:51
180719,141600,5598,1,Histórico Evolvy,pending,snoozed,2024-10-28 21:02:05
180720,141601,5598,1,Histórico Evolvy,pending,snoozed,2024-10-28 21:02:19
180721,141602,5598,1,Histórico Evolvy,pending,snoozed,2024-10-28 21:02:34
180723,141604,5598,1,Histórico Evolvy,pending,snoozed,2024-10-28 21:04:28
180724,141605,5598,1,Histórico Evolvy,pending,snoozed,2024-10-28 21:04:42
180726,141607,5598,1,Histórico Evolvy,pending,snoozed,2024-10-28 21:05:16
180727,141608,5598,1,Histórico Evolvy,pending,snoozed,2024-10-28 21:06:09
180728,141609,5598,1,Histórico Evolvy,pending,snoozed,2024-10-28 21:07:19
180729,141610,5598,1,Histórico Evolvy,pending,snoozed,2024-10-28 21:08:20
180730,141611,5598,1,Histórico Evolvy,pending,snoozed,2024-10-28 21:08:37
180731,141612,5598,1,Histórico Evolvy,pending,snoozed,2024-10-28 21:11:10
180732,141613,5598,1,Histórico Evolvy,pending,snoozed,2024-10-28 21:11:44
180734,141615,5598,1,Histórico Evolvy,pending,snoozed,2024-10-28 21:12:20
180735,141616,5598,1,Histórico Evolvy,pending,snoozed,2024-10-28 21:12:39
180737,141618,5598,1,Histórico Evolvy,pending,snoozed,2024-10-28 21:13:08
180739,141676,5598,1,Histórico Evolvy,pending,snoozed,2024-10-29 01:03:45
180742,141679,5598,1,Histórico Evolvy,pending,snoozed,2024-10-29 01:04:33
180743,141680,5598,1,Histórico Evolvy,pending,snoozed,2024-10-29 01:04:48
180745,141682,5598,1,Histórico Evolvy,pending,snoozed,2024-10-29 01:05:17
180746,141684,5598,1,Histórico Evolvy,pending,snoozed,2024-10-29 01:05:32
180747,141685,5598,1,Histórico Evolvy,pending,snoozed,2024-10-29 01:05:46
180748,141686,5598,1,Histórico Evolvy,pending,snoozed,2024-10-29 01:06:04
180749,141687,5598,1,Histórico Evolvy,pending,snoozed,2024-10-29 01:06:17
180750,141688,5598,1,Histórico Evolvy,pending,snoozed,2024-10-29 01:07:41
180751,141689,5598,1,Histórico Evolvy,pending,snoozed,2024-10-29 01:07:44
180752,141690,5598,1,Histórico Evolvy,pending,snoozed,2024-10-29 01:08:01
180754,141692,5598,1,Histórico Evolvy,pending,snoozed,2024-10-29 01:08:35
180755,141693,5598,1,Histórico Evolvy,pending,snoozed,2024-10-29 01:08:51
180756,141694,5598,1,Histórico Evolvy,pending,snoozed,2024-10-29 01:09:04
180757,141695,5598,1,Histórico Evolvy,pending,snoozed,2024-10-29 01:09:22
180761,141699,5598,1,Histórico Evolvy,pending,snoozed,2024-10-29 01:10:23
180763,141744,5598,1,Histórico Evolvy,pending,snoozed,2024-10-29 10:32:53
180764,141745,5598,1,Histórico Evolvy,pending,snoozed,2024-10-29 10:32:58
180765,141746,5598,1,Histórico Evolvy,pending,snoozed,2024-10-29 10:34:36
180766,141747,5598,1,Histórico Evolvy,pending,snoozed,2024-10-29 10:34:41
180767,141749,5598,1,Histórico Evolvy,pending,snoozed,2024-10-29 10:37:48
180769,141751,5598,1,Histórico Evolvy,pending,snoozed,2024-10-29 10:38:03
180770,141752,5598,1,Histórico Evolvy,pending,snoozed,2024-10-29 10:38:08
180771,141753,5598,1,Histórico Evolvy,pending,snoozed,2024-10-29 10:38:15
180773,141755,5598,1,Histórico Evolvy,pending,snoozed,2024-10-29 10:38:27
180775,141757,5598,1,Histórico Evolvy,pending,snoozed,2024-10-29 10:38:40
180776,141758,5598,1,Histórico Evolvy,pending,snoozed,2024-10-29 10:38:45
180777,141759,5598,1,Histórico Evolvy,pending,snoozed,2024-10-29 10:38:50
180778,141760,5598,1,Histórico Evolvy,pending,snoozed,2024-10-29 10:38:55
180779,141761,5598,1,Histórico Evolvy,pending,snoozed,2024-10-29 10:39:02
180780,141762,5598,1,Histórico Evolvy,pending,snoozed,2024-10-29 10:39:08
180781,141763,5598,1,Histórico Evolvy,pending,snoozed,2024-10-29 10:39:12
180782,141764,5598,1,Histórico Evolvy,pending,snoozed,2024-10-29 10:39:18
180783,141765,5598,1,Histórico Evolvy,pending,snoozed,2024-10-29 10:39:23
180785,141767,5598,1,Histórico Evolvy,pending,snoozed,2024-10-29 10:39:32
180786,141768,5598,1,Histórico Evolvy,pending,snoozed,2024-10-29 10:40:57
180789,141771,5598,1,Histórico Evolvy,pending,snoozed,2024-10-29 10:41:16
180791,141773,5598,1,Histórico Evolvy,pending,snoozed,2024-10-29 10:41:24
180792,141774,5598,1,Histórico Evolvy,pending,snoozed,2024-10-29 10:41:29
180793,141775,5598,1,Histórico Evolvy,pending,snoozed,2024-10-29 10:41:35
180926,152862,5598,1,Histórico Evolvy,pending,snoozed,2024-11-29 11:39:24
180928,152865,5598,1,Histórico Evolvy,pending,snoozed,2024-11-29 11:46:52
180929,152867,5598,1,Histórico Evolvy,pending,snoozed,2024-11-29 11:47:19
180930,152868,5598,1,Histórico Evolvy,pending,snoozed,2024-11-29 11:47:49
180932,152871,5598,1,Histórico Evolvy,pending,snoozed,2024-11-29 11:48:42
180935,152900,5598,1,Histórico Evolvy,pending,snoozed,2024-11-29 12:46:23
180936,152902,5598,1,Histórico Evolvy,pending,snoozed,2024-11-29 12:46:48
180937,152903,5598,1,Histórico Evolvy,pending,snoozed,2024-11-29 12:47:36
224940,157401,5600,1,Histórico Evolvy,pending,snoozed,2024-12-12 22:12:07
239550,,,1,Histórico Evolvy,open,snoozed,2026-01-07 14:09:18.793418
