chatwoot_id,evolvy_id,inbox_id,inbox_name,status_atual,status_nome,created_at,last_activity_at,assignee_id,team_id,msg_count,respostas
219868,94527,11,Grupo Idiomus - Teacher Poli,2,pending,2024-06-17 17:18:06,2024-07-08 14:18:06,,,6,6
219869,94545,11,Grupo Idiomus - Teacher Poli,2,pending,2024-06-17 17:43:04,2024-06-20 17:43:04,,,4,4
219870,94549,11,Grupo Idiomus - Teacher Poli,2,pending,2024-06-17 17:54:06,2024-07-08 14:54:05,,,6,6
219872,94565,11,Grupo Idiomus - Teacher Poli,2,pending,2024-06-17 18:13:05,2024-07-08 17:13:06,,,7,7
219873,94570,11,Grupo Idiomus - Teacher Poli,2,pending,2024-06-17 18:23:06,2024-07-05 18:23:05,,,3,3
219875,94606,11,Grupo Idiomus - Teacher Poli,2,pending,2024-06-17 19:38:06,2024-07-07 19:38:06,,,5,5
219876,94607,11,Grupo Idiomus - Teacher Poli,2,pending,2024-06-17 19:41:07,2024-07-08 19:41:06,,,11,11
219878,94625,11,Grupo Idiomus - Teacher Poli,2,pending,2024-06-17 20:22:06,2024-07-08 20:22:06,,,11,11
219879,94661,11,Grupo Idiomus - Teacher Poli,2,pending,2024-06-17 21:08:06,2024-07-06 21:08:05,,,4,4
219881,94672,11,Grupo Idiomus - Teacher Poli,2,pending,2024-06-17 21:16:05,2024-07-07 21:16:04,,,5,5
219882,94676,11,Grupo Idiomus - Teacher Poli,2,pending,2024-06-17 21:19:06,2024-07-06 21:19:05,,,4,4
219883,94678,11,Grupo Idiomus - Teacher Poli,2,pending,2024-06-17 21:25:05,2024-07-07 21:25:07,,,5,5
219886,94697,11,Grupo Idiomus - Teacher Poli,2,pending,2024-06-17 21:54:07,2024-07-05 21:54:06,,,3,3
219887,94704,11,Grupo Idiomus - Teacher Poli,2,pending,2024-06-17 22:03:19,2024-07-07 22:03:06,,,5,5
219890,94748,11,Grupo Idiomus - Teacher Poli,2,pending,2024-06-17 23:03:05,2024-07-06 23:03:05,,,4,4
219892,94752,11,Grupo Idiomus - Teacher Poli,2,pending,2024-06-17 23:07:06,2024-07-07 23:07:05,,,5,5
219894,94762,11,Grupo Idiomus - Teacher Poli,2,pending,2024-06-17 23:17:05,2024-07-08 20:17:07,,,6,6
219895,94767,11,Grupo Idiomus - Teacher Poli,2,pending,2024-06-17 23:21:06,2024-07-07 23:21:05,,,5,5
219896,94776,11,Grupo Idiomus - Teacher Poli,2,pending,2024-06-17 23:37:07,2024-07-08 23:37:06,,,11,11
219897,94780,11,Grupo Idiomus - Teacher Poli,2,pending,2024-06-17 23:41:07,2024-07-08 23:41:05,,,11,11
219898,94789,11,Grupo Idiomus - Teacher Poli,2,pending,2024-06-17 23:57:06,2024-07-05 23:57:06,,,3,3
219899,94795,11,Grupo Idiomus - Teacher Poli,2,pending,2024-06-18 00:16:08,2024-07-09 00:16:06,,,11,11
219900,94808,11,Grupo Idiomus - Teacher Poli,2,pending,2024-06-18 00:34:06,2024-07-08 00:34:05,,,5,5
219902,94827,11,Grupo Idiomus - Teacher Poli,2,pending,2024-06-18 01:05:04,2024-07-07 01:05:06,,,4,4
219903,94828,11,Grupo Idiomus - Teacher Poli,2,pending,2024-06-18 01:05:08,2024-07-09 01:05:06,,,11,11
219904,94832,11,Grupo Idiomus - Teacher Poli,2,pending,2024-06-18 01:10:05,2024-07-09 01:10:05,,,11,11
219906,94854,11,Grupo Idiomus - Teacher Poli,2,pending,2024-06-18 01:54:07,2024-07-09 01:54:05,,,11,11
219907,94864,11,Grupo Idiomus - Teacher Poli,2,pending,2024-06-18 02:05:08,2024-07-09 02:05:06,,,11,11
219908,94907,11,Grupo Idiomus - Teacher Poli,2,pending,2024-06-18 06:24:07,2024-07-07 06:24:04,,,4,4
219910,94921,11,Grupo Idiomus - Teacher Poli,2,pending,2024-06-18 08:06:05,2024-07-07 08:10:11,,,5,5
219911,94923,11,Grupo Idiomus - Teacher Poli,2,pending,2024-06-18 08:14:07,2024-07-06 08:14:05,,,3,3
219912,94927,11,Grupo Idiomus - Teacher Poli,2,pending,2024-06-18 08:47:06,2024-07-06 08:47:06,,,3,3
219913,94939,11,Grupo Idiomus - Teacher Poli,2,pending,2024-06-18 09:38:06,2024-07-06 09:38:07,,,3,3
219914,94947,11,Grupo Idiomus - Teacher Poli,2,pending,2024-06-18 09:48:07,2024-07-06 09:48:06,,,3,3
219915,94948,11,Grupo Idiomus - Teacher Poli,2,pending,2024-06-18 09:48:09,2024-07-08 09:48:06,,,5,5
219916,94956,11,Grupo Idiomus - Teacher Poli,2,pending,2024-06-18 09:58:05,2024-07-06 09:58:06,,,3,3
219917,94961,11,Grupo Idiomus - Teacher Poli,2,pending,2024-06-18 10:08:06,2024-07-08 10:08:06,,,5,5
219918,94968,11,Grupo Idiomus - Teacher Poli,2,pending,2024-06-18 10:20:06,2024-07-07 10:20:12,,,4,4
219919,94971,11,Grupo Idiomus - Teacher Poli,2,pending,2024-06-18 10:25:06,2024-07-06 10:25:06,,,3,3
219920,94976,11,Grupo Idiomus - Teacher Poli,2,pending,2024-06-18 10:28:08,2024-07-09 10:28:06,,,11,11
219921,94979,11,Grupo Idiomus - Teacher Poli,2,pending,2024-06-18 10:31:06,2024-07-06 10:31:05,,,3,3
219923,94980,11,Grupo Idiomus - Teacher Poli,2,pending,2024-06-18 10:31:08,2024-07-08 10:31:05,,,5,5
219924,94985,11,Grupo Idiomus - Teacher Poli,2,pending,2024-06-18 10:40:06,2024-07-08 10:40:26,,,5,5
219925,94991,11,Grupo Idiomus - Teacher Poli,2,pending,2024-06-18 10:50:08,2024-07-06 10:50:07,,,3,3
219926,94994,11,Grupo Idiomus - Teacher Poli,2,pending,2024-06-18 10:53:06,2024-07-06 10:53:06,,,3,3
219927,94996,11,Grupo Idiomus - Teacher Poli,2,pending,2024-06-18 10:59:07,2024-07-08 10:59:06,,,5,5
219928,95027,11,Grupo Idiomus - Teacher Poli,2,pending,2024-06-18 11:28:09,2024-07-09 11:28:07,,,11,11
219929,95045,11,Grupo Idiomus - Teacher Poli,2,pending,2024-06-18 11:42:07,2024-07-06 11:42:08,,,3,3
219930,95047,11,Grupo Idiomus - Teacher Poli,2,pending,2024-06-18 11:43:05,2024-07-06 11:43:06,,,3,3
219931,95052,11,Grupo Idiomus - Teacher Poli,2,pending,2024-06-18 11:47:07,2024-07-09 11:47:05,,,11,11
219934,95059,11,Grupo Idiomus - Teacher Poli,2,pending,2024-06-18 11:54:07,2024-07-08 11:54:06,,,5,5
219935,95076,11,Grupo Idiomus - Teacher Poli,2,pending,2024-06-18 12:18:08,2024-07-06 12:18:07,,,3,3
219936,95081,11,Grupo Idiomus - Teacher Poli,2,pending,2024-06-18 12:20:16,2024-07-08 12:20:07,,,5,5
219937,95084,11,Grupo Idiomus - Teacher Poli,2,pending,2024-06-18 12:23:06,2024-07-06 12:23:05,,,3,3
219938,95087,11,Grupo Idiomus - Teacher Poli,2,pending,2024-06-18 12:25:07,2024-07-06 12:25:07,,,3,3
219939,95116,11,Grupo Idiomus - Teacher Poli,2,pending,2024-06-18 12:56:07,2024-07-06 12:56:05,,,3,3
219941,95120,11,Grupo Idiomus - Teacher Poli,2,pending,2024-06-18 12:59:09,2024-07-08 12:59:06,,,5,5
219942,95122,11,Grupo Idiomus - Teacher Poli,2,pending,2024-06-18 13:00:06,2024-07-09 12:59:05,,,11,11
219943,95129,11,Grupo Idiomus - Teacher Poli,2,pending,2024-06-18 13:06:08,2024-07-06 13:06:06,,,3,3
219944,95132,11,Grupo Idiomus - Teacher Poli,2,pending,2024-06-18 13:08:07,2024-07-09 13:08:05,,,11,11
219945,95135,11,Grupo Idiomus - Teacher Poli,2,pending,2024-06-18 13:17:05,2024-07-07 13:17:05,,,4,4
219946,95136,11,Grupo Idiomus - Teacher Poli,2,pending,2024-06-18 13:20:11,2024-07-09 13:20:07,,,11,11
219947,95141,11,Grupo Idiomus - Teacher Poli,2,pending,2024-06-18 13:27:06,2024-07-07 13:27:05,,,4,4
219948,95152,11,Grupo Idiomus - Teacher Poli,2,pending,2024-06-18 13:39:05,2024-07-06 13:39:06,,,3,3
219949,95156,11,Grupo Idiomus - Teacher Poli,2,pending,2024-06-18 13:42:07,2024-07-06 13:42:05,,,3,3
219951,95167,11,Grupo Idiomus - Teacher Poli,2,pending,2024-06-18 13:56:06,2024-07-07 13:56:06,,,4,4
219952,95183,11,Grupo Idiomus - Teacher Poli,2,pending,2024-06-18 14:09:06,2024-06-18 14:09:06,,,1,1
219953,95187,11,Grupo Idiomus - Teacher Poli,2,pending,2024-06-18 14:15:06,2024-07-05 14:15:07,,,2,2
219957,95213,11,Grupo Idiomus - Teacher Poli,2,pending,2024-06-18 15:13:06,2024-07-05 15:13:05,,,2,2
219958,95215,11,Grupo Idiomus - Teacher Poli,2,pending,2024-06-18 15:16:06,2024-06-19 15:16:05,,,2,2
219959,95222,11,Grupo Idiomus - Teacher Poli,2,pending,2024-06-18 15:27:05,2024-07-07 15:27:06,,,4,4
219961,95236,11,Grupo Idiomus - Teacher Poli,2,pending,2024-06-18 15:47:05,2024-07-06 15:47:05,,,3,3
219962,95239,11,Grupo Idiomus - Teacher Poli,2,pending,2024-06-18 15:50:05,2024-07-09 15:50:07,,,11,11
219963,95242,11,Grupo Idiomus - Teacher Poli,2,pending,2024-06-18 15:56:05,2024-07-05 15:56:07,,,2,2
219965,95268,11,Grupo Idiomus - Teacher Poli,2,pending,2024-06-18 16:40:09,2024-07-05 16:40:07,,,2,2
219966,95281,11,Grupo Idiomus - Teacher Poli,2,pending,2024-06-18 17:29:07,2024-07-09 17:29:06,,,11,11
219971,95337,11,Grupo Idiomus - Teacher Poli,2,pending,2024-06-18 20:09:06,2024-07-09 20:09:07,,,11,11
219972,95341,11,Grupo Idiomus - Teacher Poli,2,pending,2024-06-18 20:14:07,2024-07-09 20:14:06,,,11,11
219975,95363,11,Grupo Idiomus - Teacher Poli,2,pending,2024-06-18 21:29:06,2024-07-09 21:29:05,,,11,11
219978,95392,11,Grupo Idiomus - Teacher Poli,2,pending,2024-06-18 22:36:05,2024-07-08 22:36:06,,,5,5
219979,95394,11,Grupo Idiomus - Teacher Poli,2,pending,2024-06-18 22:39:07,2024-07-09 22:39:05,,,11,11
219981,95402,11,Grupo Idiomus - Teacher Poli,2,pending,2024-06-18 23:11:06,2024-07-08 23:11:06,,,5,5
219987,95499,11,Grupo Idiomus - Teacher Poli,2,pending,2024-06-19 09:47:06,2024-07-10 09:47:07,,,11,11
219990,95512,11,Grupo Idiomus - Teacher Poli,2,pending,2024-06-19 10:19:07,2024-07-10 10:19:07,,,11,11
219994,95556,11,Grupo Idiomus - Teacher Poli,2,pending,2024-06-19 11:25:06,2024-07-10 11:25:05,,,11,11
219996,95561,11,Grupo Idiomus - Teacher Poli,2,pending,2024-06-19 11:31:08,2024-07-10 11:31:09,,,11,11
219997,95564,11,Grupo Idiomus - Teacher Poli,2,pending,2024-06-19 11:33:05,2024-07-10 11:33:05,,,11,11
219998,95565,11,Grupo Idiomus - Teacher Poli,2,pending,2024-06-19 11:37:06,2024-07-10 11:37:06,,,11,11
220001,95579,11,Grupo Idiomus - Teacher Poli,2,pending,2024-06-19 12:23:09,2024-07-10 12:23:06,,,11,11
220004,95617,11,Grupo Idiomus - Teacher Poli,2,pending,2024-06-19 13:39:06,2024-07-10 13:39:06,,,11,11
220010,95656,11,Grupo Idiomus - Teacher Poli,2,pending,2024-06-19 15:41:05,2024-07-10 12:41:06,,,6,6
220018,95753,11,Grupo Idiomus - Teacher Poli,2,pending,2024-06-19 20:32:05,2024-07-10 20:32:05,,,11,11
220020,95764,11,Grupo Idiomus - Teacher Poli,2,pending,2024-06-19 21:06:07,2024-07-10 21:06:05,,,11,11
220021,95786,11,Grupo Idiomus - Teacher Poli,2,pending,2024-06-19 21:53:06,2024-07-10 21:53:05,,,11,11
220025,95841,11,Grupo Idiomus - Teacher Poli,2,pending,2024-06-20 01:00:12,2024-07-11 01:00:10,,,11,11
220033,95866,11,Grupo Idiomus - Teacher Poli,2,pending,2024-06-20 01:45:07,2024-07-10 01:45:07,,,5,5
220035,95872,11,Grupo Idiomus - Teacher Poli,2,pending,2024-06-20 02:05:08,2024-07-11 02:05:07,,,11,11
220037,95888,11,Grupo Idiomus - Teacher Poli,2,pending,2024-06-20 03:06:06,2024-07-11 03:06:06,,,11,11
220046,95950,11,Grupo Idiomus - Teacher Poli,2,pending,2024-06-20 10:06:06,2024-06-21 10:06:05,,,7,7
220054,96089,11,Grupo Idiomus - Teacher Poli,2,pending,2024-06-20 15:46:05,2024-07-10 15:46:07,,,5,5
220057,96134,11,Grupo Idiomus - Teacher Poli,2,pending,2024-06-20 17:48:06,2024-07-11 17:48:06,,,11,11
220058,96144,11,Grupo Idiomus - Teacher Poli,2,pending,2024-06-20 18:23:07,2024-07-11 18:23:07,,,11,11
220060,96202,11,Grupo Idiomus - Teacher Poli,2,pending,2024-06-20 21:32:05,2024-07-09 21:32:06,,,4,4
220063,96236,11,Grupo Idiomus - Teacher Poli,2,pending,2024-06-20 23:35:07,2024-07-11 23:35:05,,,11,11
220066,96296,11,Grupo Idiomus - Teacher Poli,2,pending,2024-06-21 03:09:06,2024-07-12 03:09:05,,,11,11
220067,96298,11,Grupo Idiomus - Teacher Poli,2,pending,2024-06-21 03:31:06,2024-07-11 03:31:05,,,5,5
220068,96325,11,Grupo Idiomus - Teacher Poli,2,pending,2024-06-21 08:48:06,2024-07-12 08:48:06,,,11,11
220069,96331,11,Grupo Idiomus - Teacher Poli,2,pending,2024-06-21 09:27:09,2024-07-12 09:27:06,,,11,11
220070,96334,11,Grupo Idiomus - Teacher Poli,2,pending,2024-06-21 09:35:07,2024-07-12 09:35:07,,,11,11
220073,96366,11,Grupo Idiomus - Teacher Poli,2,pending,2024-06-21 11:09:07,2024-07-10 11:09:06,,,4,4
220074,96370,11,Grupo Idiomus - Teacher Poli,2,pending,2024-06-21 11:14:07,2024-07-12 11:14:06,,,11,11
220075,96380,11,Grupo Idiomus - Teacher Poli,2,pending,2024-06-21 11:39:08,2024-07-12 11:39:06,,,11,11
220076,96381,11,Grupo Idiomus - Teacher Poli,2,pending,2024-06-21 11:40:06,2024-07-10 11:40:17,,,4,4
220077,96408,11,Grupo Idiomus - Teacher Poli,2,pending,2024-06-21 12:59:09,2024-07-12 12:59:05,,,11,11
220079,96450,11,Grupo Idiomus - Teacher Poli,2,pending,2024-06-21 14:38:07,2024-07-12 14:38:06,,,11,11
220080,96454,11,Grupo Idiomus - Teacher Poli,2,pending,2024-06-21 14:49:06,2024-07-12 14:49:06,,,11,11
220082,96512,11,Grupo Idiomus - Teacher Poli,2,pending,2024-06-21 18:24:07,2024-07-12 18:24:08,,,11,11
220087,96571,11,Grupo Idiomus - Teacher Poli,2,pending,2024-06-21 21:41:05,2024-07-12 18:41:06,,,6,6
220088,96581,11,Grupo Idiomus - Teacher Poli,2,pending,2024-06-21 22:26:06,2024-07-12 22:26:06,,,11,11
220089,96592,11,Grupo Idiomus - Teacher Poli,2,pending,2024-06-21 22:56:08,2024-07-12 22:56:06,,,11,11
220090,96594,11,Grupo Idiomus - Teacher Poli,2,pending,2024-06-21 23:00:08,2024-07-12 23:00:11,,,11,11
220091,96595,11,Grupo Idiomus - Teacher Poli,2,pending,2024-06-21 23:03:07,2024-07-12 23:03:05,,,11,11
220095,96643,11,Grupo Idiomus - Teacher Poli,2,pending,2024-06-22 02:49:06,2024-07-13 02:49:05,,,11,11
220096,96648,11,Grupo Idiomus - Teacher Poli,2,pending,2024-06-22 03:32:07,2024-07-13 03:32:06,,,11,11
220097,96650,11,Grupo Idiomus - Teacher Poli,2,pending,2024-06-22 03:34:07,2024-07-13 03:34:07,,,11,11
220098,96685,11,Grupo Idiomus - Teacher Poli,2,pending,2024-06-22 09:45:05,2024-06-26 09:45:07,,,10,10
220099,96699,11,Grupo Idiomus - Teacher Poli,2,pending,2024-06-22 10:50:07,2024-07-13 10:50:06,,,11,11
220100,96702,11,Grupo Idiomus - Teacher Poli,2,pending,2024-06-22 10:54:07,2024-07-13 10:54:07,,,11,11
220102,96727,11,Grupo Idiomus - Teacher Poli,2,pending,2024-06-22 12:00:10,2024-07-13 12:00:11,,,11,11
220105,96757,11,Grupo Idiomus - Teacher Poli,2,pending,2024-06-22 13:18:06,2024-07-13 13:18:06,,,11,11
220107,96773,11,Grupo Idiomus - Teacher Poli,2,pending,2024-06-22 13:36:05,2024-07-13 13:36:07,,,11,11
220108,96779,11,Grupo Idiomus - Teacher Poli,2,pending,2024-06-22 13:47:06,2024-07-13 13:47:05,,,11,11
220109,96825,11,Grupo Idiomus - Teacher Poli,2,pending,2024-06-22 15:51:07,2024-07-13 15:51:06,,,11,11
220112,96890,11,Grupo Idiomus - Teacher Poli,2,pending,2024-06-22 21:27:07,2024-07-13 21:27:06,,,11,11
220114,96924,11,Grupo Idiomus - Teacher Poli,2,pending,2024-06-22 23:56:06,2024-07-13 23:56:06,,,11,11
220115,96933,11,Grupo Idiomus - Teacher Poli,2,pending,2024-06-23 00:23:04,2024-07-14 00:23:06,,,11,11
220120,97012,11,Grupo Idiomus - Teacher Poli,2,pending,2024-06-23 11:26:05,2024-06-24 11:26:06,,,7,7
220121,97018,11,Grupo Idiomus - Teacher Poli,2,pending,2024-06-23 11:39:07,2024-07-14 11:39:05,,,11,11
220124,97039,11,Grupo Idiomus - Teacher Poli,2,pending,2024-06-23 12:13:06,2024-07-10 12:13:05,,,2,2
220125,97049,11,Grupo Idiomus - Teacher Poli,2,pending,2024-06-23 12:33:07,2024-07-14 12:33:07,,,11,11
220129,97080,11,Grupo Idiomus - Teacher Poli,2,pending,2024-06-23 15:03:07,2024-07-14 15:03:07,,,11,11
220133,97122,11,Grupo Idiomus - Teacher Poli,2,pending,2024-06-23 19:16:07,2024-07-14 19:16:05,,,11,11
220134,97148,11,Grupo Idiomus - Teacher Poli,2,pending,2024-06-23 22:28:05,2024-07-14 22:28:05,,,11,11
220135,97158,11,Grupo Idiomus - Teacher Poli,2,pending,2024-06-23 23:43:04,2024-07-14 23:43:07,,,11,11
220137,97186,11,Grupo Idiomus - Teacher Poli,2,pending,2024-06-24 01:06:07,2024-07-15 01:06:06,,,11,11
220138,97198,11,Grupo Idiomus - Teacher Poli,2,pending,2024-06-24 01:47:05,2024-07-15 01:47:05,,,11,11
220140,97267,11,Grupo Idiomus - Teacher Poli,2,pending,2024-06-24 12:38:06,2024-07-15 12:38:06,,,11,11
220141,97271,11,Grupo Idiomus - Teacher Poli,2,pending,2024-06-24 12:55:07,2024-07-15 12:55:17,,,11,11
220142,97278,11,Grupo Idiomus - Teacher Poli,2,pending,2024-06-24 13:16:07,2024-07-15 13:16:05,,,11,11
220143,97283,11,Grupo Idiomus - Teacher Poli,2,pending,2024-06-24 13:40:11,2024-07-15 13:40:05,,,11,11
220146,97293,11,Grupo Idiomus - Teacher Poli,2,pending,2024-06-24 14:17:05,2024-07-15 14:17:05,,,11,11
220148,97308,11,Grupo Idiomus - Teacher Poli,2,pending,2024-06-24 15:14:07,2024-07-15 15:14:06,,,11,11
220149,97315,11,Grupo Idiomus - Teacher Poli,2,pending,2024-06-24 15:48:07,2024-07-15 15:48:05,,,10,10
220150,97321,11,Grupo Idiomus - Teacher Poli,2,pending,2024-06-24 16:09:08,2024-06-28 16:09:04,,,10,10
220153,97351,11,Grupo Idiomus - Teacher Poli,2,pending,2024-06-24 17:44:06,2024-07-15 17:44:06,,,11,11
220154,97354,11,Grupo Idiomus - Teacher Poli,2,pending,2024-06-24 17:52:06,2024-07-15 17:52:05,,,11,11
220155,97356,11,Grupo Idiomus - Teacher Poli,2,pending,2024-06-24 17:54:07,2024-07-15 17:54:05,,,10,10
220156,97360,11,Grupo Idiomus - Teacher Poli,2,pending,2024-06-24 18:01:09,2024-07-15 18:01:06,,,11,11
220157,97364,11,Grupo Idiomus - Teacher Poli,2,pending,2024-06-24 18:16:06,2024-07-15 18:16:05,,,11,11
220158,97375,11,Grupo Idiomus - Teacher Poli,2,pending,2024-06-24 19:07:05,2024-07-14 19:07:06,,,5,5
220159,97378,11,Grupo Idiomus - Teacher Poli,2,pending,2024-06-24 19:16:10,2024-07-15 19:16:06,,,11,11
220163,97393,11,Grupo Idiomus - Teacher Poli,2,pending,2024-06-24 20:01:06,2024-07-15 20:01:14,,,11,11
220165,97429,11,Grupo Idiomus - Teacher Poli,2,pending,2024-06-24 21:40:06,2024-06-24 21:40:07,,,1,1
220167,97438,11,Grupo Idiomus - Teacher Poli,2,pending,2024-06-24 22:18:06,2024-07-15 22:17:06,,,11,11
220169,97449,11,Grupo Idiomus - Teacher Poli,2,pending,2024-06-24 22:48:05,2024-07-15 22:48:06,,,11,11
220171,97458,11,Grupo Idiomus - Teacher Poli,2,pending,2024-06-24 23:11:06,2024-07-15 23:11:05,,,11,11
220174,97478,11,Grupo Idiomus - Teacher Poli,2,pending,2024-06-25 00:18:07,2024-07-16 00:18:05,,,11,11
220175,97503,11,Grupo Idiomus - Teacher Poli,2,pending,2024-06-25 01:34:05,2024-07-14 01:34:05,,,4,4
220177,97517,11,Grupo Idiomus - Teacher Poli,2,pending,2024-06-25 02:13:06,2024-07-16 02:13:05,,,11,11
220179,97526,11,Grupo Idiomus - Teacher Poli,2,pending,2024-06-25 03:25:06,2024-07-16 03:25:05,,,11,11
220180,97532,11,Grupo Idiomus - Teacher Poli,2,pending,2024-06-25 05:38:06,2024-07-16 05:38:06,,,11,11
220181,97540,11,Grupo Idiomus - Teacher Poli,2,pending,2024-06-25 08:10:08,2024-07-16 08:10:05,,,11,11
220182,97542,11,Grupo Idiomus - Teacher Poli,2,pending,2024-06-25 08:31:06,2024-07-16 08:31:07,,,11,11
220187,97563,11,Grupo Idiomus - Teacher Poli,2,pending,2024-06-25 10:02:07,2024-07-16 10:02:05,,,11,11
220189,97575,11,Grupo Idiomus - Teacher Poli,2,pending,2024-06-25 10:39:07,2024-07-16 10:39:05,,,11,11
220192,97613,11,Grupo Idiomus - Teacher Poli,2,pending,2024-06-25 12:29:07,2024-07-16 12:29:06,,,11,11
220196,97721,11,Grupo Idiomus - Teacher Poli,2,pending,2024-06-25 15:55:08,2024-07-16 15:55:08,,,11,11
220200,97739,11,Grupo Idiomus - Teacher Poli,2,pending,2024-06-25 17:21:06,2024-07-16 17:21:06,,,11,11
220205,97765,11,Grupo Idiomus - Teacher Poli,2,pending,2024-06-25 18:15:06,2024-07-16 18:15:07,,,11,11
220206,97767,11,Grupo Idiomus - Teacher Poli,2,pending,2024-06-25 18:18:08,2024-07-16 18:18:07,,,11,11
220211,97813,11,Grupo Idiomus - Teacher Poli,2,pending,2024-06-25 20:24:04,2024-07-16 17:24:07,,,6,6
220213,97822,11,Grupo Idiomus - Teacher Poli,2,pending,2024-06-25 20:52:06,2024-07-16 20:52:07,,,11,11
220214,97833,11,Grupo Idiomus - Teacher Poli,2,pending,2024-06-25 21:09:05,2024-07-13 21:09:07,,,3,3
220216,97886,11,Grupo Idiomus - Teacher Poli,2,pending,2024-06-26 01:03:05,2024-07-17 01:03:05,,,11,11
220217,97895,11,Grupo Idiomus - Teacher Poli,2,pending,2024-06-26 01:32:06,2024-07-17 01:32:06,,,11,11
220220,97926,11,Grupo Idiomus - Teacher Poli,2,pending,2024-06-26 04:27:05,2024-07-17 04:27:06,,,11,11
220222,97944,11,Grupo Idiomus - Teacher Poli,2,pending,2024-06-26 09:18:06,2024-07-16 09:18:06,,,5,5
220225,97987,11,Grupo Idiomus - Teacher Poli,2,pending,2024-06-26 12:10:07,2024-07-17 12:10:07,,,11,11
220226,97990,11,Grupo Idiomus - Teacher Poli,2,pending,2024-06-26 12:21:06,2024-07-17 12:21:05,,,11,11
220227,98011,11,Grupo Idiomus - Teacher Poli,2,pending,2024-06-26 13:55:08,2024-07-17 13:55:05,,,11,11
220230,98061,11,Grupo Idiomus - Teacher Poli,2,pending,2024-06-26 16:38:06,2024-07-17 16:38:06,,,11,11
220231,98068,11,Grupo Idiomus - Teacher Poli,2,pending,2024-06-26 17:11:06,2024-07-17 14:11:06,,,6,6
220238,98163,11,Grupo Idiomus - Teacher Poli,2,pending,2024-06-26 23:11:06,2024-07-15 23:11:06,,,4,4
220239,98164,11,Grupo Idiomus - Teacher Poli,2,pending,2024-06-26 23:11:08,2024-07-16 23:11:04,,,5,5
220243,98213,11,Grupo Idiomus - Teacher Poli,2,pending,2024-06-27 03:33:05,2024-07-18 03:33:07,,,11,11
220244,98226,11,Grupo Idiomus - Teacher Poli,2,pending,2024-06-27 06:37:04,2024-07-18 06:37:06,,,11,11
220246,98237,11,Grupo Idiomus - Teacher Poli,2,pending,2024-06-27 08:42:05,2024-07-18 08:42:05,,,11,11
220248,98251,11,Grupo Idiomus - Teacher Poli,2,pending,2024-06-27 09:51:07,2024-07-16 09:51:06,,,4,4
220249,98261,11,Grupo Idiomus - Teacher Poli,2,pending,2024-06-27 10:19:07,2024-07-18 10:19:05,,,11,11
220250,98275,11,Grupo Idiomus - Teacher Poli,2,pending,2024-06-27 11:00:11,2024-07-18 11:00:07,,,11,11
220251,98301,11,Grupo Idiomus - Teacher Poli,2,pending,2024-06-27 12:25:07,2024-07-18 12:25:05,,,11,11
220252,98305,11,Grupo Idiomus - Teacher Poli,2,pending,2024-06-27 12:29:08,2024-07-18 12:29:04,,,11,11
220256,98335,11,Grupo Idiomus - Teacher Poli,2,pending,2024-06-27 14:31:06,2024-07-18 14:31:05,,,11,11
220258,98381,11,Grupo Idiomus - Teacher Poli,2,pending,2024-06-27 16:33:08,2024-07-18 16:33:06,,,11,11
220266,98562,11,Grupo Idiomus - Teacher Poli,2,pending,2024-06-28 10:30:06,2024-07-19 10:30:07,,,11,11
220267,98564,11,Grupo Idiomus - Teacher Poli,2,pending,2024-06-28 10:41:05,2024-07-19 10:41:06,,,11,11
220270,98602,11,Grupo Idiomus - Teacher Poli,2,pending,2024-06-28 12:35:06,2024-07-19 12:35:07,,,11,11
220271,98628,11,Grupo Idiomus - Teacher Poli,2,pending,2024-06-28 13:59:06,2024-07-19 13:59:05,,,11,11
220272,98633,11,Grupo Idiomus - Teacher Poli,2,pending,2024-06-28 14:15:05,2024-07-19 14:15:09,,,11,11
220273,98639,11,Grupo Idiomus - Teacher Poli,2,pending,2024-06-28 14:29:06,2024-07-19 14:29:05,,,11,11
220278,98685,11,Grupo Idiomus - Teacher Poli,2,pending,2024-06-28 16:17:06,2024-07-16 16:17:06,,,3,3
220280,98725,11,Grupo Idiomus - Teacher Poli,2,pending,2024-06-28 19:13:06,2024-07-19 16:13:07,,,6,6
220282,98749,11,Grupo Idiomus - Teacher Poli,2,pending,2024-06-28 21:02:05,2024-07-19 21:02:06,,,11,11
220285,98756,11,Grupo Idiomus - Teacher Poli,2,pending,2024-06-28 21:24:05,2024-07-19 21:24:07,,,11,11
220286,98777,11,Grupo Idiomus - Teacher Poli,2,pending,2024-06-28 22:28:06,2024-07-19 22:28:04,,,11,11
220288,98796,11,Grupo Idiomus - Teacher Poli,2,pending,2024-06-29 00:02:07,2024-07-20 00:02:07,,,11,11
220291,98832,11,Grupo Idiomus - Teacher Poli,2,pending,2024-06-29 04:52:06,2024-07-03 04:52:06,,,10,10
220294,98879,11,Grupo Idiomus - Teacher Poli,2,pending,2024-06-29 11:18:05,2024-07-19 11:18:05,,,5,5
220295,98890,11,Grupo Idiomus - Teacher Poli,2,pending,2024-06-29 12:03:06,2024-07-20 12:03:06,,,11,11
220296,98900,11,Grupo Idiomus - Teacher Poli,2,pending,2024-06-29 12:16:07,2024-07-20 12:16:06,,,11,11
220298,98912,11,Grupo Idiomus - Teacher Poli,2,pending,2024-06-29 12:45:06,2024-07-20 12:45:06,,,11,11
220299,98914,11,Grupo Idiomus - Teacher Poli,2,pending,2024-06-29 12:46:05,2024-07-20 12:46:07,,,11,11
220303,98962,11,Grupo Idiomus - Teacher Poli,2,pending,2024-06-29 14:54:06,2024-07-03 14:54:06,,,10,10
220305,98993,11,Grupo Idiomus - Teacher Poli,2,pending,2024-06-29 17:38:04,2024-07-18 17:38:07,,,4,4
220309,99023,11,Grupo Idiomus - Teacher Poli,2,pending,2024-06-29 21:07:06,2024-07-20 21:07:04,,,11,11
220312,99063,11,Grupo Idiomus - Teacher Poli,2,pending,2024-06-30 00:42:05,2024-07-21 00:42:05,,,11,11
220314,99132,11,Grupo Idiomus - Teacher Poli,2,pending,2024-06-30 10:31:05,2024-07-21 10:31:05,,,11,11
220315,99146,11,Grupo Idiomus - Teacher Poli,2,pending,2024-06-30 10:53:06,2024-07-17 10:53:05,,,2,2
220318,99157,11,Grupo Idiomus - Teacher Poli,2,pending,2024-06-30 11:32:06,2024-07-21 11:31:05,,,11,11
220319,99165,11,Grupo Idiomus - Teacher Poli,2,pending,2024-06-30 11:55:06,2024-07-21 11:55:05,,,11,11
220321,99180,11,Grupo Idiomus - Teacher Poli,2,pending,2024-06-30 12:24:05,2024-07-21 12:24:05,,,11,11
220322,99183,11,Grupo Idiomus - Teacher Poli,2,pending,2024-06-30 12:36:06,2024-07-21 12:36:04,,,11,11
220323,99200,11,Grupo Idiomus - Teacher Poli,2,pending,2024-06-30 13:08:06,2024-07-21 13:08:06,,,11,11
220325,99234,11,Grupo Idiomus - Teacher Poli,2,pending,2024-06-30 14:58:06,2024-07-21 14:58:06,,,11,11
220326,99251,11,Grupo Idiomus - Teacher Poli,2,pending,2024-06-30 16:05:06,2024-07-21 16:05:07,,,11,11
220327,99258,11,Grupo Idiomus - Teacher Poli,2,pending,2024-06-30 16:37:06,2024-07-21 16:37:05,,,11,11
220328,99301,11,Grupo Idiomus - Teacher Poli,2,pending,2024-06-30 21:18:06,2024-07-21 21:18:06,,,11,11
220330,99317,11,Grupo Idiomus - Teacher Poli,2,pending,2024-06-30 22:26:07,2024-07-21 22:26:05,,,11,11
220331,99319,11,Grupo Idiomus - Teacher Poli,2,pending,2024-06-30 22:32:05,2024-07-21 22:32:07,,,11,11
220332,99335,11,Grupo Idiomus - Teacher Poli,2,pending,2024-06-30 23:50:06,2024-07-21 23:50:08,,,11,11
220333,99336,11,Grupo Idiomus - Teacher Poli,2,pending,2024-06-30 23:54:06,2024-07-21 23:54:06,,,11,11
220334,99337,11,Grupo Idiomus - Teacher Poli,2,pending,2024-07-01 00:02:06,2024-07-22 00:02:05,,,11,11
220335,99352,11,Grupo Idiomus - Teacher Poli,2,pending,2024-07-01 01:06:06,2024-07-22 01:06:06,,,11,11
220336,99373,11,Grupo Idiomus - Teacher Poli,2,pending,2024-07-01 05:38:07,2024-07-22 05:38:07,,,11,11
220337,99385,11,Grupo Idiomus - Teacher Poli,2,pending,2024-07-01 09:11:07,2024-07-22 09:11:05,,,11,11
220339,99423,11,Grupo Idiomus - Teacher Poli,2,pending,2024-07-01 11:39:07,2024-07-22 11:39:05,,,11,11
220342,99499,11,Grupo Idiomus - Teacher Poli,2,pending,2024-07-01 16:35:07,2024-07-22 16:35:07,,,11,11
220347,99551,11,Grupo Idiomus - Teacher Poli,2,pending,2024-07-01 19:00:06,2024-07-19 19:00:05,,,3,3
220348,99555,11,Grupo Idiomus - Teacher Poli,2,pending,2024-07-01 19:06:06,2024-07-22 19:06:05,,,11,11
220352,99585,11,Grupo Idiomus - Teacher Poli,2,pending,2024-07-01 20:48:06,2024-07-22 20:48:05,,,11,11
220353,99612,11,Grupo Idiomus - Teacher Poli,2,pending,2024-07-01 22:34:04,2024-07-20 22:34:05,,,4,4
220355,99638,11,Grupo Idiomus - Teacher Poli,2,pending,2024-07-01 23:55:06,2024-07-22 23:55:06,,,11,11
220356,99643,11,Grupo Idiomus - Teacher Poli,2,pending,2024-07-02 00:00:10,2024-07-23 00:00:05,,,11,11
220358,99655,11,Grupo Idiomus - Teacher Poli,2,pending,2024-07-02 00:37:05,2024-07-03 00:37:06,,,2,2
220359,99658,11,Grupo Idiomus - Teacher Poli,2,pending,2024-07-02 00:47:06,2024-07-23 00:47:06,,,11,11
220360,99697,11,Grupo Idiomus - Teacher Poli,2,pending,2024-07-02 03:19:07,2025-01-20 18:35:12,,,12,12
220361,99712,11,Grupo Idiomus - Teacher Poli,2,pending,2024-07-02 07:09:07,2024-07-23 07:09:07,,,11,11
220362,99729,11,Grupo Idiomus - Teacher Poli,2,pending,2024-07-02 09:46:05,2024-07-21 09:46:06,,,4,4
220364,99751,11,Grupo Idiomus - Teacher Poli,2,pending,2024-07-02 11:27:05,2024-07-21 11:27:04,,,4,4
220365,99754,11,Grupo Idiomus - Teacher Poli,2,pending,2024-07-02 11:31:06,2024-07-23 11:31:04,,,11,11
220366,99791,11,Grupo Idiomus - Teacher Poli,2,pending,2024-07-02 13:02:05,2024-07-23 13:02:06,,,11,11
220367,99840,11,Grupo Idiomus - Teacher Poli,2,pending,2024-07-02 14:38:07,2024-07-23 14:38:05,,,11,11
220368,99841,11,Grupo Idiomus - Teacher Poli,2,pending,2024-07-02 14:42:05,2024-07-20 14:42:05,,,3,3
220369,99863,11,Grupo Idiomus - Teacher Poli,2,pending,2024-07-02 15:45:07,2024-07-23 15:45:05,,,11,11
220370,99866,11,Grupo Idiomus - Teacher Poli,2,pending,2024-07-02 15:57:07,2024-07-23 15:57:05,,,11,11
220375,99950,11,Grupo Idiomus - Teacher Poli,2,pending,2024-07-02 23:43:58,2024-07-20 17:46:05,,,3,3
220376,99965,11,Grupo Idiomus - Teacher Poli,2,pending,2024-07-02 23:57:36,2024-07-23 17:07:05,,,11,11
220377,99967,11,Grupo Idiomus - Teacher Poli,2,pending,2024-07-02 23:57:58,2024-07-23 17:27:05,,,11,11
220380,99979,11,Grupo Idiomus - Teacher Poli,2,pending,2024-07-02 23:59:40,2024-07-23 20:33:05,,,11,11
220381,99988,11,Grupo Idiomus - Teacher Poli,2,pending,2024-07-03 00:01:00,2024-07-23 21:12:06,,,11,11
220383,99998,11,Grupo Idiomus - Teacher Poli,2,pending,2024-07-03 00:16:02,2024-07-23 00:10:06,,,5,5
207086,100002,11,Grupo Idiomus - Teacher Poli,2,pending,2024-07-03 00:16:22,2024-07-23 22:09:07,,,11,11
207087,100004,11,Grupo Idiomus - Teacher Poli,2,pending,2024-07-03 00:16:36,2024-07-23 22:43:05,,,11,11
207090,100097,11,Grupo Idiomus - Teacher Poli,2,pending,2024-07-03 14:46:05,2024-07-03 14:46:06,,,1,1
207095,100142,11,Grupo Idiomus - Teacher Poli,2,pending,2024-07-03 17:31:05,2024-07-24 17:31:06,,,11,11
207099,100248,11,Grupo Idiomus - Teacher Poli,2,pending,2024-07-03 21:27:05,2024-07-03 21:27:06,,,1,1
207100,100252,11,Grupo Idiomus - Teacher Poli,2,pending,2024-07-03 21:41:05,2024-07-04 21:41:07,,,2,2
207101,100325,11,Grupo Idiomus - Teacher Poli,2,pending,2024-07-04 01:46:06,2024-07-25 01:46:06,,,11,11
207102,100337,11,Grupo Idiomus - Teacher Poli,2,pending,2024-07-04 02:45:06,2024-07-25 02:45:05,,,11,11
207103,100338,11,Grupo Idiomus - Teacher Poli,2,pending,2024-07-04 02:45:12,2024-07-25 02:45:06,,,11,11
207104,100388,11,Grupo Idiomus - Teacher Poli,2,pending,2024-07-04 10:54:07,2024-07-25 10:54:05,,,11,11
207105,100408,11,Grupo Idiomus - Teacher Poli,2,pending,2024-07-04 11:42:06,2024-07-25 11:42:06,,,11,11
207108,100505,11,Grupo Idiomus - Teacher Poli,2,pending,2024-07-04 16:07:06,2024-07-25 16:07:06,,,11,11
207109,100558,11,Grupo Idiomus - Teacher Poli,2,pending,2024-07-04 17:59:06,2024-07-25 17:59:06,,,11,11
207112,100638,11,Grupo Idiomus - Teacher Poli,2,pending,2024-07-04 21:54:07,2024-07-25 21:54:06,,,11,11
207114,100700,11,Grupo Idiomus - Teacher Poli,2,pending,2024-07-05 06:36:06,2024-07-26 06:36:06,,,11,11
207117,100741,11,Grupo Idiomus - Teacher Poli,2,pending,2024-07-05 11:31:07,2024-07-26 11:31:07,,,11,11
207118,100742,11,Grupo Idiomus - Teacher Poli,2,pending,2024-07-05 11:31:14,2024-07-09 11:31:07,,,10,10
207119,100778,11,Grupo Idiomus - Teacher Poli,2,pending,2024-07-05 13:13:06,2024-07-26 13:13:06,,,11,11
207123,100856,11,Grupo Idiomus - Teacher Poli,2,pending,2024-07-05 15:55:07,2024-07-26 15:55:06,,,11,11
207127,100897,11,Grupo Idiomus - Teacher Poli,2,pending,2024-07-05 18:08:06,2024-07-26 18:08:06,,,11,11
207131,100973,11,Grupo Idiomus - Teacher Poli,2,pending,2024-07-05 22:03:09,2024-07-26 22:03:06,,,11,11
207132,100980,11,Grupo Idiomus - Teacher Poli,2,pending,2024-07-05 22:44:07,2024-07-26 22:44:07,,,11,11
207133,100985,11,Grupo Idiomus - Teacher Poli,2,pending,2024-07-05 23:04:05,2024-07-26 23:04:06,,,11,11
207135,100989,11,Grupo Idiomus - Teacher Poli,2,pending,2024-07-05 23:09:05,2024-07-26 23:09:06,,,11,11
207137,100992,11,Grupo Idiomus - Teacher Poli,2,pending,2024-07-05 23:22:07,2024-07-26 23:22:05,,,11,11
207139,100996,11,Grupo Idiomus - Teacher Poli,2,pending,2024-07-05 23:39:05,2024-07-26 23:39:07,,,11,11
207140,100997,11,Grupo Idiomus - Teacher Poli,2,pending,2024-07-05 23:39:11,2024-07-26 23:39:08,,,11,11
207141,100999,11,Grupo Idiomus - Teacher Poli,2,pending,2024-07-05 23:43:05,2024-07-26 23:43:05,,,11,11
207143,101033,11,Grupo Idiomus - Teacher Poli,2,pending,2024-07-06 04:31:05,2024-07-27 04:31:06,,,11,11
207144,101045,11,Grupo Idiomus - Teacher Poli,2,pending,2024-07-06 08:48:05,2024-07-27 08:48:06,,,11,11
207145,101060,11,Grupo Idiomus - Teacher Poli,2,pending,2024-07-06 10:11:06,2024-07-27 10:11:04,,,11,11
207149,101085,11,Grupo Idiomus - Teacher Poli,2,pending,2024-07-06 11:44:06,2024-07-27 11:44:06,,,11,11
207150,101089,11,Grupo Idiomus - Teacher Poli,2,pending,2024-07-06 11:54:06,2024-07-27 11:54:05,,,11,11
207152,101103,11,Grupo Idiomus - Teacher Poli,2,pending,2024-07-06 12:11:06,2024-07-27 12:11:07,,,11,11
207154,101110,11,Grupo Idiomus - Teacher Poli,2,pending,2024-07-06 12:21:06,2024-07-27 12:21:06,,,11,11
207155,101150,11,Grupo Idiomus - Teacher Poli,2,pending,2024-07-06 13:38:05,2024-07-27 13:38:05,,,11,11
207156,101155,11,Grupo Idiomus - Teacher Poli,2,pending,2024-07-06 13:52:06,2024-07-27 13:52:05,,,11,11
207157,101160,11,Grupo Idiomus - Teacher Poli,2,pending,2024-07-06 14:10:05,2024-07-27 14:10:06,,,11,11
207158,101162,11,Grupo Idiomus - Teacher Poli,2,pending,2024-07-06 14:12:04,2024-07-27 14:12:05,,,11,11
207159,101171,11,Grupo Idiomus - Teacher Poli,2,pending,2024-07-06 14:28:05,2024-07-06 14:28:06,,,1,1
207160,101174,11,Grupo Idiomus - Teacher Poli,2,pending,2024-07-06 14:32:07,2024-07-27 14:32:05,,,11,11
207163,101233,11,Grupo Idiomus - Teacher Poli,2,pending,2024-07-06 17:09:06,2024-07-27 17:09:06,,,11,11
207166,101242,11,Grupo Idiomus - Teacher Poli,2,pending,2024-07-06 17:43:09,2024-07-27 17:43:05,,,11,11
207171,101304,11,Grupo Idiomus - Teacher Poli,2,pending,2024-07-06 21:41:05,2024-07-27 21:41:04,,,11,11
207172,101313,11,Grupo Idiomus - Teacher Poli,2,pending,2024-07-06 22:14:05,2024-07-27 22:14:05,,,11,11
207173,101320,11,Grupo Idiomus - Teacher Poli,2,pending,2024-07-06 23:21:06,2024-07-10 23:21:06,,,10,10
207174,101336,11,Grupo Idiomus - Teacher Poli,2,pending,2024-07-07 00:45:06,2024-07-11 00:45:05,,,10,10
207175,101344,11,Grupo Idiomus - Teacher Poli,2,pending,2024-07-07 01:35:05,2024-07-28 01:35:07,,,11,11
207178,101378,11,Grupo Idiomus - Teacher Poli,2,pending,2024-07-07 09:50:07,2024-07-28 09:50:07,,,11,11
207179,101382,11,Grupo Idiomus - Teacher Poli,2,pending,2024-07-07 10:01:05,2024-07-28 10:01:04,,,11,11
207180,101383,11,Grupo Idiomus - Teacher Poli,2,pending,2024-07-07 10:03:04,2024-07-28 10:03:05,,,11,11
207181,101388,11,Grupo Idiomus - Teacher Poli,2,pending,2024-07-07 10:49:06,2024-07-28 10:49:06,,,11,11
207184,101411,11,Grupo Idiomus - Teacher Poli,2,pending,2024-07-07 11:54:07,2024-07-11 11:54:05,,,10,10
207185,101438,11,Grupo Idiomus - Teacher Poli,2,pending,2024-07-07 12:43:05,2024-07-28 12:43:04,,,11,11
207187,101464,11,Grupo Idiomus - Teacher Poli,2,pending,2024-07-07 13:52:08,2024-07-28 13:52:06,,,11,11
207188,101467,11,Grupo Idiomus - Teacher Poli,2,pending,2024-07-07 13:55:05,2024-07-28 13:55:05,,,11,11
207189,101475,11,Grupo Idiomus - Teacher Poli,2,pending,2024-07-07 14:11:06,2024-07-28 14:11:05,,,11,11
207190,101480,11,Grupo Idiomus - Teacher Poli,2,pending,2024-07-07 14:15:07,2024-07-28 14:15:06,,,11,11
207191,101484,11,Grupo Idiomus - Teacher Poli,2,pending,2024-07-07 14:22:05,2024-07-28 14:22:06,,,11,11
207194,101517,11,Grupo Idiomus - Teacher Poli,2,pending,2024-07-07 15:31:06,2024-07-28 15:31:07,,,11,11
207195,101526,11,Grupo Idiomus - Teacher Poli,2,pending,2024-07-07 15:46:04,2024-07-07 15:46:05,,,1,1
207196,101538,11,Grupo Idiomus - Teacher Poli,2,pending,2024-07-07 16:11:07,2024-07-28 16:11:06,,,11,11
207197,101545,11,Grupo Idiomus - Teacher Poli,2,pending,2024-07-07 16:21:07,2024-07-28 16:21:06,,,11,11
207198,101546,11,Grupo Idiomus - Teacher Poli,2,pending,2024-07-07 16:23:06,2024-07-11 16:23:06,,,10,10
207199,101561,11,Grupo Idiomus - Teacher Poli,2,pending,2024-07-07 17:06:06,2024-07-28 17:05:06,,,11,11
207200,101567,11,Grupo Idiomus - Teacher Poli,2,pending,2024-07-07 17:31:06,2024-07-28 17:31:05,,,11,11
207204,101627,11,Grupo Idiomus - Teacher Poli,2,pending,2024-07-07 22:05:06,2024-07-28 22:05:05,,,11,11
207207,101633,11,Grupo Idiomus - Teacher Poli,2,pending,2024-07-07 22:35:11,2024-07-28 22:35:08,,,11,11
207210,101640,11,Grupo Idiomus - Teacher Poli,2,pending,2024-07-07 23:13:05,2024-07-28 23:13:05,,,11,11
207211,101643,11,Grupo Idiomus - Teacher Poli,2,pending,2024-07-07 23:19:06,2024-07-28 23:19:05,,,11,11
207212,101671,11,Grupo Idiomus - Teacher Poli,2,pending,2024-07-08 01:45:08,2024-07-29 01:45:06,,,11,11
207213,101721,11,Grupo Idiomus - Teacher Poli,2,pending,2024-07-08 10:51:06,2024-07-29 10:51:05,,,11,11
207214,101759,11,Grupo Idiomus - Teacher Poli,2,pending,2024-07-08 12:25:06,2024-07-29 12:25:06,,,11,11
207217,101793,11,Grupo Idiomus - Teacher Poli,2,pending,2024-07-08 14:44:05,2024-07-29 14:44:06,,,11,11
207218,101799,11,Grupo Idiomus - Teacher Poli,2,pending,2024-07-08 14:55:06,2024-07-12 14:55:06,,,10,10
207222,101821,11,Grupo Idiomus - Teacher Poli,2,pending,2024-07-08 16:07:10,2024-07-29 16:07:06,,,11,11
207224,101853,11,Grupo Idiomus - Teacher Poli,2,pending,2024-07-08 17:49:06,2024-07-29 17:49:07,,,11,11
207225,101878,11,Grupo Idiomus - Teacher Poli,2,pending,2024-07-08 19:03:06,2024-07-08 19:03:06,,,1,1
207226,101882,11,Grupo Idiomus - Teacher Poli,2,pending,2024-07-08 19:22:08,2024-07-29 19:22:14,,,11,11
207228,101891,11,Grupo Idiomus - Teacher Poli,2,pending,2024-07-08 19:53:14,2024-07-29 19:53:08,,,11,11
207230,101900,11,Grupo Idiomus - Teacher Poli,2,pending,2024-07-08 20:26:06,2024-07-29 20:26:06,,,11,11
207231,101901,11,Grupo Idiomus - Teacher Poli,2,pending,2024-07-08 20:27:07,2024-07-29 20:27:05,,,11,11
207232,101910,11,Grupo Idiomus - Teacher Poli,2,pending,2024-07-08 20:43:06,2024-07-29 20:43:06,,,11,11
207236,101933,11,Grupo Idiomus - Teacher Poli,2,pending,2024-07-08 22:32:05,2024-07-29 22:32:05,,,11,11
207239,101951,11,Grupo Idiomus - Teacher Poli,2,pending,2024-07-08 23:29:06,2024-07-29 23:29:05,,,11,11
207240,101954,11,Grupo Idiomus - Teacher Poli,2,pending,2024-07-08 23:39:09,2024-07-29 23:39:06,,,11,11
207244,101978,11,Grupo Idiomus - Teacher Poli,2,pending,2024-07-09 00:39:07,2024-07-09 00:39:07,,,1,1
207245,102018,11,Grupo Idiomus - Teacher Poli,2,pending,2024-07-09 07:10:07,2024-07-13 07:10:06,,,10,10
207246,102021,11,Grupo Idiomus - Teacher Poli,2,pending,2024-07-09 08:15:06,2024-07-30 08:15:05,,,11,11
207247,102044,11,Grupo Idiomus - Teacher Poli,2,pending,2024-07-09 11:13:05,2024-07-27 11:13:05,,,3,3
207250,102120,11,Grupo Idiomus - Teacher Poli,2,pending,2024-07-09 15:23:04,2024-07-09 15:23:05,,,1,1
207251,102133,11,Grupo Idiomus - Teacher Poli,2,pending,2024-07-09 15:56:06,2024-07-30 15:56:06,,,11,11
207252,102138,11,Grupo Idiomus - Teacher Poli,2,pending,2024-07-09 16:05:06,2024-07-30 16:05:05,,,11,11
207253,102141,11,Grupo Idiomus - Teacher Poli,2,pending,2024-07-09 16:21:08,2024-07-30 16:21:06,,,11,11
207254,102168,11,Grupo Idiomus - Teacher Poli,2,pending,2024-07-09 18:04:07,2024-07-30 18:04:06,,,11,11
207255,102170,11,Grupo Idiomus - Teacher Poli,2,pending,2024-07-09 18:05:06,2024-07-30 18:05:06,,,11,11
207256,102173,11,Grupo Idiomus - Teacher Poli,2,pending,2024-07-09 18:13:05,2024-07-30 18:13:05,,,11,11
207258,102180,11,Grupo Idiomus - Teacher Poli,2,pending,2024-07-09 18:51:07,2024-07-30 18:50:06,,,11,11
207263,102282,11,Grupo Idiomus - Teacher Poli,2,pending,2024-07-10 02:22:06,2024-07-31 02:22:06,,,11,11
207266,102341,11,Grupo Idiomus - Teacher Poli,2,pending,2024-07-10 10:19:09,2024-07-31 10:19:06,,,11,11
207268,102397,11,Grupo Idiomus - Teacher Poli,2,pending,2024-07-10 13:21:06,2024-07-31 13:21:05,,,11,11
207269,102402,11,Grupo Idiomus - Teacher Poli,2,pending,2024-07-10 13:33:06,2024-07-31 13:33:04,,,11,11
207272,102436,11,Grupo Idiomus - Teacher Poli,2,pending,2024-07-10 15:04:05,2024-07-31 15:04:04,,,11,11
207279,102566,11,Grupo Idiomus - Teacher Poli,2,pending,2024-07-10 23:19:08,2024-07-31 23:19:05,,,11,11
207281,102587,11,Grupo Idiomus - Teacher Poli,2,pending,2024-07-11 00:28:06,2024-08-01 00:28:07,,,11,11
207282,102595,11,Grupo Idiomus - Teacher Poli,2,pending,2024-07-11 01:02:07,2024-07-11 01:02:07,,,1,1
207283,102662,11,Grupo Idiomus - Teacher Poli,2,pending,2024-07-11 10:57:05,2024-07-15 10:57:06,,,10,10
207285,102681,11,Grupo Idiomus - Teacher Poli,2,pending,2024-07-11 12:08:07,2024-08-01 12:08:06,,,11,11
207286,102693,11,Grupo Idiomus - Teacher Poli,2,pending,2024-07-11 12:49:07,2024-08-01 12:49:05,,,11,11
207289,102724,11,Grupo Idiomus - Teacher Poli,2,pending,2024-07-11 14:52:05,2024-08-01 14:52:06,,,11,11
207290,102725,11,Grupo Idiomus - Teacher Poli,2,pending,2024-07-11 14:52:11,2024-08-01 14:52:08,,,11,11
207294,102766,11,Grupo Idiomus - Teacher Poli,2,pending,2024-07-11 17:14:06,2024-08-01 17:14:05,,,11,11
207295,102774,11,Grupo Idiomus - Teacher Poli,2,pending,2024-07-11 18:09:07,2024-08-01 18:09:06,,,11,11
207296,102825,11,Grupo Idiomus - Teacher Poli,2,pending,2024-07-11 22:41:06,2024-08-01 22:41:04,,,11,11
207297,102829,11,Grupo Idiomus - Teacher Poli,2,pending,2024-07-11 22:59:07,2024-07-15 22:59:07,,,10,10
207298,102852,11,Grupo Idiomus - Teacher Poli,2,pending,2024-07-12 00:56:06,2024-08-02 00:56:07,,,11,11
207299,102911,11,Grupo Idiomus - Teacher Poli,2,pending,2024-07-12 09:50:07,2024-07-16 09:50:05,,,10,10
207300,102912,11,Grupo Idiomus - Teacher Poli,2,pending,2024-07-12 09:53:07,2024-08-02 09:53:06,,,11,11
207305,102987,11,Grupo Idiomus - Teacher Poli,2,pending,2024-07-12 13:47:08,2024-08-02 13:47:06,,,11,11
207307,102997,11,Grupo Idiomus - Teacher Poli,2,pending,2024-07-12 14:09:05,2024-08-02 14:08:05,,,11,11
207308,103001,11,Grupo Idiomus - Teacher Poli,2,pending,2024-07-12 14:24:06,2024-08-02 14:24:06,,,11,11
207312,103056,11,Grupo Idiomus - Teacher Poli,2,pending,2024-07-12 19:22:08,2024-07-31 19:22:05,,,4,4
207313,103067,11,Grupo Idiomus - Teacher Poli,2,pending,2024-07-12 19:57:06,2024-08-02 19:57:05,,,11,11
207319,103174,11,Grupo Idiomus - Teacher Poli,2,pending,2024-07-13 10:06:06,2024-08-03 10:06:06,,,11,11
207320,103194,11,Grupo Idiomus - Teacher Poli,2,pending,2024-07-13 11:07:06,2024-08-03 11:07:06,,,11,11
207322,103223,11,Grupo Idiomus - Teacher Poli,2,pending,2024-07-13 12:06:07,2024-08-03 12:06:05,,,11,11
207323,103258,11,Grupo Idiomus - Teacher Poli,2,pending,2024-07-13 13:42:06,2024-07-17 13:42:05,,,10,10
207324,103269,11,Grupo Idiomus - Teacher Poli,2,pending,2024-07-13 13:59:06,2024-08-03 13:59:05,,,11,11
207328,103379,11,Grupo Idiomus - Teacher Poli,2,pending,2024-07-13 18:48:05,2024-08-03 18:48:07,,,11,11
207330,103411,11,Grupo Idiomus - Teacher Poli,2,pending,2024-07-13 21:05:07,2024-08-03 21:05:07,,,11,11
207331,103420,11,Grupo Idiomus - Teacher Poli,2,pending,2024-07-13 21:58:06,2024-07-17 21:58:05,,,10,10
207332,103421,11,Grupo Idiomus - Teacher Poli,2,pending,2024-07-13 22:05:06,2024-08-03 22:05:06,,,11,11
207333,103424,11,Grupo Idiomus - Teacher Poli,2,pending,2024-07-13 22:14:07,2024-08-03 22:14:06,,,11,11
207335,103427,11,Grupo Idiomus - Teacher Poli,2,pending,2024-07-13 22:36:07,2024-08-03 22:36:04,,,11,11
207339,103473,11,Grupo Idiomus - Teacher Poli,2,pending,2024-07-14 06:08:07,2024-08-04 06:08:06,,,11,11
207340,103495,11,Grupo Idiomus - Teacher Poli,2,pending,2024-07-14 11:25:05,2024-08-04 11:25:06,,,11,11
207341,103499,11,Grupo Idiomus - Teacher Poli,2,pending,2024-07-14 11:46:06,2024-07-14 11:46:07,,,1,1
207342,103519,11,Grupo Idiomus - Teacher Poli,2,pending,2024-07-14 12:49:06,2024-07-14 12:49:07,,,1,1
207343,103541,11,Grupo Idiomus - Teacher Poli,2,pending,2024-07-14 14:11:07,2024-08-04 14:11:06,,,11,11
207344,103578,11,Grupo Idiomus - Teacher Poli,2,pending,2024-07-14 16:40:09,2024-07-18 16:40:05,,,10,10
207345,103582,11,Grupo Idiomus - Teacher Poli,2,pending,2024-07-14 16:54:07,2024-08-04 16:54:05,,,11,11
207348,103644,11,Grupo Idiomus - Teacher Poli,2,pending,2024-07-14 19:23:05,2024-08-04 19:23:04,,,11,11
207349,103657,11,Grupo Idiomus - Teacher Poli,2,pending,2024-07-14 20:06:06,2024-08-04 20:06:05,,,11,11
207351,103667,11,Grupo Idiomus - Teacher Poli,2,pending,2024-07-14 20:33:06,2024-08-04 20:33:05,,,10,10
207353,103690,11,Grupo Idiomus - Teacher Poli,2,pending,2024-07-14 22:46:06,2024-08-04 22:46:05,,,11,11
207355,103718,11,Grupo Idiomus - Teacher Poli,2,pending,2024-07-15 01:16:04,2024-08-05 01:16:06,,,11,11
207357,103727,11,Grupo Idiomus - Teacher Poli,2,pending,2024-07-15 02:15:06,2024-07-15 02:15:06,,,1,1
207358,103752,11,Grupo Idiomus - Teacher Poli,2,pending,2024-07-15 08:04:05,2024-08-02 08:04:05,,,3,3
207359,103770,11,Grupo Idiomus - Teacher Poli,2,pending,2024-07-15 10:42:06,2024-08-05 10:42:06,,,11,11
207362,103797,11,Grupo Idiomus - Teacher Poli,2,pending,2024-07-15 11:59:05,2024-08-05 11:59:06,,,11,11
207370,103893,11,Grupo Idiomus - Teacher Poli,2,pending,2024-07-15 17:01:08,2024-08-05 17:01:06,,,11,11
207373,103954,11,Grupo Idiomus - Teacher Poli,2,pending,2024-07-15 20:53:07,2024-08-05 20:53:05,,,11,11
207375,103990,11,Grupo Idiomus - Teacher Poli,2,pending,2024-07-16 00:22:06,2024-08-06 00:22:05,,,11,11
207376,104057,11,Grupo Idiomus - Teacher Poli,2,pending,2024-07-16 10:01:06,2024-07-16 10:01:06,,,1,1
207377,104091,11,Grupo Idiomus - Teacher Poli,2,pending,2024-07-16 11:59:07,2024-08-06 11:59:06,,,11,11
207381,104223,11,Grupo Idiomus - Teacher Poli,2,pending,2024-07-16 18:17:06,2024-08-03 18:17:06,,,3,3
207382,104227,11,Grupo Idiomus - Teacher Poli,2,pending,2024-07-16 18:42:13,2024-07-16 18:42:14,,,1,1
207385,104321,11,Grupo Idiomus - Teacher Poli,2,pending,2024-07-17 00:21:06,2024-08-03 00:21:05,,,2,2
207390,104354,11,Grupo Idiomus - Teacher Poli,2,pending,2024-07-17 03:30:08,2024-08-07 03:30:06,,,11,11
207391,104410,11,Grupo Idiomus - Teacher Poli,2,pending,2024-07-17 11:15:05,2024-08-07 11:15:06,,,11,11
207392,104499,11,Grupo Idiomus - Teacher Poli,2,pending,2024-07-17 15:18:05,2024-08-05 15:18:12,,,4,4
207395,104546,11,Grupo Idiomus - Teacher Poli,2,pending,2024-07-17 17:34:07,2024-08-07 17:34:06,,,11,11
207396,104571,11,Grupo Idiomus - Teacher Poli,2,pending,2024-07-17 18:31:07,2024-08-07 18:31:19,,,11,11
207398,104641,11,Grupo Idiomus - Teacher Poli,2,pending,2024-07-17 22:41:05,2024-08-07 22:41:06,,,11,11
207399,104642,11,Grupo Idiomus - Teacher Poli,2,pending,2024-07-17 22:41:11,2024-08-07 22:41:07,,,11,11
207401,104654,11,Grupo Idiomus - Teacher Poli,2,pending,2024-07-17 23:55:08,2024-08-07 23:55:05,,,11,11
207402,104659,11,Grupo Idiomus - Teacher Poli,2,pending,2024-07-18 00:08:06,2024-07-18 00:08:07,,,1,1
207404,104710,11,Grupo Idiomus - Teacher Poli,2,pending,2024-07-18 06:18:08,2024-08-08 06:18:05,,,11,11
207405,104717,11,Grupo Idiomus - Teacher Poli,2,pending,2024-07-18 08:33:06,2024-07-18 08:33:07,,,1,1
207406,104733,11,Grupo Idiomus - Teacher Poli,2,pending,2024-07-18 10:42:08,2024-08-08 10:42:05,,,11,11
207408,104792,11,Grupo Idiomus - Teacher Poli,2,pending,2024-07-18 14:20:10,2024-08-08 14:20:05,,,11,11
207411,104815,11,Grupo Idiomus - Teacher Poli,2,pending,2024-07-18 15:51:07,2024-08-08 15:51:06,,,11,11
207417,104987,11,Grupo Idiomus - Teacher Poli,2,pending,2024-07-19 02:26:07,2024-08-09 02:26:05,,,11,11
207418,104999,11,Grupo Idiomus - Teacher Poli,2,pending,2024-07-19 03:31:06,2024-08-09 03:31:06,,,11,11
207420,105044,11,Grupo Idiomus - Teacher Poli,2,pending,2024-07-19 11:34:06,2024-08-09 11:34:06,,,11,11
207422,105067,11,Grupo Idiomus - Teacher Poli,2,pending,2024-07-19 12:34:06,2024-07-23 12:34:06,,,10,10
207423,105199,11,Grupo Idiomus - Teacher Poli,2,pending,2024-07-19 20:31:06,2024-08-09 20:31:05,,,11,11
207424,105213,11,Grupo Idiomus - Teacher Poli,2,pending,2024-07-19 20:52:05,2024-08-09 20:52:06,,,11,11
207427,105233,11,Grupo Idiomus - Teacher Poli,2,pending,2024-07-19 22:29:08,2024-08-09 22:29:07,,,11,11
207429,105262,11,Grupo Idiomus - Teacher Poli,2,pending,2024-07-20 01:00:08,2024-08-10 01:00:10,,,11,11
207430,105286,11,Grupo Idiomus - Teacher Poli,2,pending,2024-07-20 04:05:07,2024-08-10 04:05:05,,,11,11
207432,105334,11,Grupo Idiomus - Teacher Poli,2,pending,2024-07-20 11:49:07,2024-08-10 11:49:06,,,11,11
207433,105343,11,Grupo Idiomus - Teacher Poli,2,pending,2024-07-20 12:19:07,2024-08-10 12:19:06,,,11,11
207435,105409,11,Grupo Idiomus - Teacher Poli,2,pending,2024-07-20 14:36:05,2024-07-24 14:36:07,,,10,10
207436,105415,11,Grupo Idiomus - Teacher Poli,2,pending,2024-07-20 14:45:07,2024-08-10 14:45:07,,,11,11
207437,105426,11,Grupo Idiomus - Teacher Poli,2,pending,2024-07-20 15:07:06,2024-07-23 15:07:05,,,9,9
207438,105485,11,Grupo Idiomus - Teacher Poli,2,pending,2024-07-20 17:04:05,2024-08-10 17:04:06,,,11,11
207439,105597,11,Grupo Idiomus - Teacher Poli,2,pending,2024-07-21 00:12:05,2024-08-11 00:12:06,,,11,11
207441,105650,11,Grupo Idiomus - Teacher Poli,2,pending,2024-07-21 10:15:07,2024-08-11 10:15:06,,,11,11
207442,105664,11,Grupo Idiomus - Teacher Poli,2,pending,2024-07-21 10:51:04,2024-08-11 10:50:06,,,11,11
207443,105698,11,Grupo Idiomus - Teacher Poli,2,pending,2024-07-21 12:01:05,2024-07-21 12:01:05,,,1,1
207444,105725,11,Grupo Idiomus - Teacher Poli,2,pending,2024-07-21 12:51:06,2024-08-11 12:51:06,,,11,11
207445,105753,11,Grupo Idiomus - Teacher Poli,2,pending,2024-07-21 14:10:06,2024-08-11 14:10:06,,,11,11
207446,105763,11,Grupo Idiomus - Teacher Poli,2,pending,2024-07-21 15:06:06,2024-08-11 15:06:05,,,11,11
207447,105793,11,Grupo Idiomus - Teacher Poli,2,pending,2024-07-21 16:40:11,2024-08-11 16:40:12,,,11,11
207448,105812,11,Grupo Idiomus - Teacher Poli,2,pending,2024-07-21 17:43:05,2024-08-11 17:43:05,,,11,11
207449,105845,11,Grupo Idiomus - Teacher Poli,2,pending,2024-07-21 20:51:07,2024-08-11 20:51:06,,,11,11
207450,105853,11,Grupo Idiomus - Teacher Poli,2,pending,2024-07-21 21:33:06,2024-08-11 21:33:07,,,11,11
207451,105872,11,Grupo Idiomus - Teacher Poli,2,pending,2024-07-21 23:09:07,2024-08-11 23:09:06,,,11,11
207454,105964,11,Grupo Idiomus - Teacher Poli,2,pending,2024-07-22 11:52:06,2024-08-12 11:52:07,,,11,11
207455,105998,11,Grupo Idiomus - Teacher Poli,2,pending,2024-07-22 14:23:12,2024-08-12 14:23:07,,,11,11
207457,106020,11,Grupo Idiomus - Teacher Poli,2,pending,2024-07-22 15:59:07,2024-08-12 15:59:06,,,11,11
207461,106171,11,Grupo Idiomus - Teacher Poli,2,pending,2024-07-23 00:49:07,2024-07-27 00:49:04,,,10,10
207463,106194,11,Grupo Idiomus - Teacher Poli,2,pending,2024-07-23 02:40:12,2024-08-13 02:40:06,,,11,11
207464,106226,11,Grupo Idiomus - Teacher Poli,2,pending,2024-07-23 09:43:06,2024-08-11 09:43:05,,,4,4
207466,106237,11,Grupo Idiomus - Teacher Poli,2,pending,2024-07-23 10:08:06,2024-08-13 10:08:05,,,11,11
207467,106250,11,Grupo Idiomus - Teacher Poli,2,pending,2024-07-23 10:48:07,2024-08-13 10:48:05,,,11,11
207468,106261,11,Grupo Idiomus - Teacher Poli,2,pending,2024-07-23 11:35:06,2024-08-13 11:35:06,,,11,11
207470,106337,11,Grupo Idiomus - Teacher Poli,2,pending,2024-07-23 16:11:05,2024-08-13 13:11:06,,,6,6
207471,106356,11,Grupo Idiomus - Teacher Poli,2,pending,2024-07-23 17:36:06,2024-08-13 17:36:05,,,11,11
207472,106375,11,Grupo Idiomus - Teacher Poli,2,pending,2024-07-23 19:11:05,2024-07-23 19:11:05,,,1,1
207473,106384,11,Grupo Idiomus - Teacher Poli,2,pending,2024-07-23 19:48:06,2024-08-13 19:48:06,,,11,11
207474,106450,11,Grupo Idiomus - Teacher Poli,2,pending,2024-07-24 00:18:06,2024-08-14 00:18:06,,,11,11
207475,106455,11,Grupo Idiomus - Teacher Poli,2,pending,2024-07-24 00:28:06,2024-08-14 00:28:06,,,11,11
207476,106461,11,Grupo Idiomus - Teacher Poli,2,pending,2024-07-24 00:49:06,2024-08-14 00:49:05,,,11,11
207478,106473,11,Grupo Idiomus - Teacher Poli,2,pending,2024-07-24 01:49:07,2024-08-14 01:49:04,,,11,11
207479,106498,11,Grupo Idiomus - Teacher Poli,2,pending,2024-07-24 05:20:11,2024-08-14 05:20:11,,,11,11
207481,106862,11,Grupo Idiomus - Teacher Poli,2,pending,2024-07-24 16:47:06,2024-08-14 16:47:05,,,11,11
207482,106901,11,Grupo Idiomus - Teacher Poli,2,pending,2024-07-24 21:39:07,2024-08-14 21:39:06,,,11,11
207485,106970,11,Grupo Idiomus - Teacher Poli,2,pending,2024-07-25 01:26:07,2024-08-15 01:26:05,,,11,11
207486,107003,11,Grupo Idiomus - Teacher Poli,2,pending,2024-07-25 05:25:06,2024-08-15 05:25:04,,,11,11
207487,107031,11,Grupo Idiomus - Teacher Poli,2,pending,2024-07-25 10:29:06,2024-08-15 10:29:05,,,11,11
207488,107035,11,Grupo Idiomus - Teacher Poli,2,pending,2024-07-25 10:52:06,2024-08-15 10:52:05,,,11,11
207491,107206,11,Grupo Idiomus - Teacher Poli,2,pending,2024-07-25 22:05:07,2024-08-15 22:05:04,,,11,11
207492,107233,11,Grupo Idiomus - Teacher Poli,2,pending,2024-07-26 00:33:06,2024-08-16 00:33:06,,,15,15
207494,107253,11,Grupo Idiomus - Teacher Poli,2,pending,2024-07-26 02:30:07,2024-08-16 02:30:06,,,15,15
207504,107399,11,Grupo Idiomus - Teacher Poli,2,pending,2024-07-26 17:52:14,2024-08-16 17:52:05,,,15,15
207505,107439,11,Grupo Idiomus - Teacher Poli,2,pending,2024-07-26 19:23:06,2024-07-31 19:23:06,,,14,14
207506,107442,11,Grupo Idiomus - Teacher Poli,2,pending,2024-07-26 19:26:06,2024-08-16 19:26:05,,,15,15
207507,107468,11,Grupo Idiomus - Teacher Poli,2,pending,2024-07-26 20:17:07,2024-08-16 20:17:07,,,15,15
207509,107549,11,Grupo Idiomus - Teacher Poli,2,pending,2024-07-27 10:31:06,2024-08-17 10:31:04,,,15,15
207510,107558,11,Grupo Idiomus - Teacher Poli,2,pending,2024-07-27 11:02:07,2024-08-17 11:02:06,,,15,15
207514,107648,11,Grupo Idiomus - Teacher Poli,2,pending,2024-07-27 17:04:06,2024-08-17 17:03:05,,,15,15
207516,107685,11,Grupo Idiomus - Teacher Poli,2,pending,2024-07-27 19:24:05,2024-08-01 19:24:05,,,14,14
207517,107690,11,Grupo Idiomus - Teacher Poli,2,pending,2024-07-27 19:47:07,2024-08-17 19:47:05,,,15,15
207518,107703,11,Grupo Idiomus - Teacher Poli,2,pending,2024-07-27 21:20:09,2024-08-17 21:20:05,,,14,14
207520,107713,11,Grupo Idiomus - Teacher Poli,2,pending,2024-07-27 23:00:09,2024-08-17 23:00:05,,,15,15
207521,107717,11,Grupo Idiomus - Teacher Poli,2,pending,2024-07-27 23:44:04,2024-08-17 23:44:05,,,15,15
207522,107718,11,Grupo Idiomus - Teacher Poli,2,pending,2024-07-27 23:44:11,2024-08-17 23:44:06,,,15,15
207523,107720,11,Grupo Idiomus - Teacher Poli,2,pending,2024-07-28 00:19:08,2024-08-18 00:19:06,,,15,15
207525,107750,11,Grupo Idiomus - Teacher Poli,2,pending,2024-07-28 03:48:06,2024-08-18 03:48:06,,,14,14
207529,107852,11,Grupo Idiomus - Teacher Poli,2,pending,2024-07-28 15:01:07,2024-08-18 15:01:04,,,15,15
207530,107855,11,Grupo Idiomus - Teacher Poli,2,pending,2024-07-28 15:21:07,2024-08-18 15:21:05,,,15,15
207532,107891,11,Grupo Idiomus - Teacher Poli,2,pending,2024-07-28 18:44:05,2024-08-18 18:44:06,,,15,15
207534,107930,11,Grupo Idiomus - Teacher Poli,2,pending,2024-07-28 22:13:06,2024-08-18 22:13:05,,,15,15
207536,107945,11,Grupo Idiomus - Teacher Poli,2,pending,2024-07-28 23:54:05,2024-08-18 23:54:06,,,15,15
207538,107984,11,Grupo Idiomus - Teacher Poli,2,pending,2024-07-29 05:45:06,2024-08-19 05:45:05,,,15,15
207544,108128,11,Grupo Idiomus - Teacher Poli,2,pending,2024-07-29 18:47:06,2024-08-19 18:47:05,,,15,15
207546,108143,11,Grupo Idiomus - Teacher Poli,2,pending,2024-07-29 19:53:06,2024-07-29 19:53:07,,,1,1
207548,108178,11,Grupo Idiomus - Teacher Poli,2,pending,2024-07-29 22:27:06,2024-08-19 22:27:05,,,15,15
207557,108427,11,Grupo Idiomus - Teacher Poli,2,pending,2024-07-31 00:20:11,2024-08-21 00:20:14,,,15,15
207559,108441,11,Grupo Idiomus - Teacher Poli,2,pending,2024-07-31 01:02:07,2024-08-21 01:02:06,,,15,15
207560,108442,11,Grupo Idiomus - Teacher Poli,2,pending,2024-07-31 01:06:06,2024-08-21 01:06:05,,,15,15
207563,108647,11,Grupo Idiomus - Teacher Poli,2,pending,2024-07-31 17:55:06,2024-08-20 17:55:07,,,8,8
207564,108651,11,Grupo Idiomus - Teacher Poli,2,pending,2024-07-31 18:38:07,2024-08-21 18:38:05,,,15,15
207565,108685,11,Grupo Idiomus - Teacher Poli,2,pending,2024-07-31 21:14:09,2024-08-21 21:14:06,,,14,14
207566,108687,11,Grupo Idiomus - Teacher Poli,2,pending,2024-07-31 21:30:07,2024-08-21 21:30:08,,,14,14
207567,108708,11,Grupo Idiomus - Teacher Poli,2,pending,2024-07-31 22:55:07,2024-08-21 22:55:07,,,15,15
207569,108744,11,Grupo Idiomus - Teacher Poli,2,pending,2024-08-01 01:26:05,2024-08-22 01:26:06,,,15,15
207571,108804,11,Grupo Idiomus - Teacher Poli,2,pending,2024-08-01 11:19:06,2024-08-01 11:19:06,,,1,1
207574,108958,11,Grupo Idiomus - Teacher Poli,2,pending,2024-08-01 22:36:07,2024-08-22 22:36:06,,,15,15
207575,108995,11,Grupo Idiomus - Teacher Poli,2,pending,2024-08-02 01:32:06,2024-08-23 01:32:06,,,15,15
207576,109003,11,Grupo Idiomus - Teacher Poli,2,pending,2024-08-02 01:57:07,2024-08-23 01:57:06,,,15,15
207577,109010,11,Grupo Idiomus - Teacher Poli,2,pending,2024-08-02 02:58:06,2024-08-23 02:58:05,,,15,15
207578,109017,11,Grupo Idiomus - Teacher Poli,2,pending,2024-08-02 04:10:05,2024-08-23 04:10:06,,,15,15
207579,109062,11,Grupo Idiomus - Teacher Poli,2,pending,2024-08-02 12:00:12,2024-08-23 12:00:07,,,15,15
207582,109132,11,Grupo Idiomus - Teacher Poli,2,pending,2024-08-02 17:13:07,2024-08-23 17:13:06,,,15,15
207584,109169,11,Grupo Idiomus - Teacher Poli,2,pending,2024-08-02 19:53:05,2024-08-23 19:53:06,,,15,15
208088,109177,11,Grupo Idiomus - Teacher Poli,2,pending,2024-08-02 20:07:05,2024-08-03 02:07:07,,,2,2
208089,109183,11,Grupo Idiomus - Teacher Poli,2,pending,2024-08-02 20:19:05,2024-08-23 20:19:07,,,15,15
208090,109229,11,Grupo Idiomus - Teacher Poli,2,pending,2024-08-02 21:27:06,2024-08-23 21:27:06,,,15,15
208092,109285,11,Grupo Idiomus - Teacher Poli,2,pending,2024-08-03 07:09:06,2024-08-08 07:09:06,,,14,14
208093,109295,11,Grupo Idiomus - Teacher Poli,2,pending,2024-08-03 09:00:09,2024-08-07 09:00:10,,,12,12
208094,109298,11,Grupo Idiomus - Teacher Poli,2,pending,2024-08-03 09:37:06,2024-08-08 09:37:05,,,14,14
208095,109318,11,Grupo Idiomus - Teacher Poli,2,pending,2024-08-03 11:02:06,2024-08-24 11:02:05,,,15,15
208096,109346,11,Grupo Idiomus - Teacher Poli,2,pending,2024-08-03 12:36:07,2024-08-24 12:36:06,,,15,15
208098,109458,11,Grupo Idiomus - Teacher Poli,2,pending,2024-08-03 21:26:06,2024-08-24 21:26:06,,,15,15
208099,109478,11,Grupo Idiomus - Teacher Poli,2,pending,2024-08-03 23:11:05,2024-08-24 23:11:06,,,15,15
208100,109479,11,Grupo Idiomus - Teacher Poli,2,pending,2024-08-03 23:12:07,2024-08-08 23:12:06,,,14,14
208101,109507,11,Grupo Idiomus - Teacher Poli,2,pending,2024-08-04 02:12:06,2024-08-25 02:12:05,,,8,8
208103,109523,11,Grupo Idiomus - Teacher Poli,2,pending,2024-08-04 09:30:07,2024-08-25 09:37:35,,,15,15
208104,109532,11,Grupo Idiomus - Teacher Poli,2,pending,2024-08-04 10:17:07,2024-08-25 10:17:06,,,15,15
208106,109579,11,Grupo Idiomus - Teacher Poli,2,pending,2024-08-04 13:10:08,2024-08-09 13:10:08,,,14,14
208107,109585,11,Grupo Idiomus - Teacher Poli,2,pending,2024-08-04 13:22:06,2024-08-25 13:22:06,,,15,15
208108,109594,11,Grupo Idiomus - Teacher Poli,2,pending,2024-08-04 13:36:17,2024-08-25 13:36:05,,,15,15
208109,109602,11,Grupo Idiomus - Teacher Poli,2,pending,2024-08-04 13:59:07,2024-08-25 13:59:05,,,15,15
208112,109658,11,Grupo Idiomus - Teacher Poli,2,pending,2024-08-04 19:22:07,2024-08-25 19:22:04,,,15,15
208115,109735,11,Grupo Idiomus - Teacher Poli,2,pending,2024-08-05 02:46:06,2024-08-10 02:45:10,,,14,14
208117,109832,11,Grupo Idiomus - Teacher Poli,2,pending,2024-08-05 15:29:06,2024-08-26 15:29:06,,,15,15
208119,109936,11,Grupo Idiomus - Teacher Poli,2,pending,2024-08-05 21:27:08,2024-08-26 21:27:06,,,15,15
208120,109950,11,Grupo Idiomus - Teacher Poli,2,pending,2024-08-05 22:04:05,2024-08-26 22:04:06,,,15,15
208121,109955,11,Grupo Idiomus - Teacher Poli,2,pending,2024-08-05 22:18:06,2024-08-26 22:18:04,,,15,15
208122,110003,11,Grupo Idiomus - Teacher Poli,2,pending,2024-08-06 02:04:07,2024-08-27 02:04:05,,,15,15
208123,110004,11,Grupo Idiomus - Teacher Poli,2,pending,2024-08-06 02:11:08,2024-08-27 02:11:04,,,15,15
208124,110031,11,Grupo Idiomus - Teacher Poli,2,pending,2024-08-06 08:51:06,2024-08-27 08:51:06,,,15,15
208125,110055,11,Grupo Idiomus - Teacher Poli,2,pending,2024-08-06 11:19:06,2024-08-27 11:19:07,,,15,15
208133,110240,11,Grupo Idiomus - Teacher Poli,2,pending,2024-08-07 01:55:06,2024-08-28 01:55:06,,,15,15
208135,110270,11,Grupo Idiomus - Teacher Poli,2,pending,2024-08-07 08:45:07,2024-08-28 08:45:06,,,15,15
208136,110293,11,Grupo Idiomus - Teacher Poli,2,pending,2024-08-07 10:52:07,2024-08-28 10:52:06,,,15,15
208137,110379,11,Grupo Idiomus - Teacher Poli,2,pending,2024-08-07 14:46:05,2024-08-28 14:46:06,,,15,15
208138,110389,11,Grupo Idiomus - Teacher Poli,2,pending,2024-08-07 15:23:08,2024-08-12 15:23:07,,,14,14
208143,110480,11,Grupo Idiomus - Teacher Poli,2,pending,2024-08-07 20:58:07,2024-08-28 20:58:06,,,15,15
208144,110518,11,Grupo Idiomus - Teacher Poli,2,pending,2024-08-08 00:02:05,2024-08-29 00:02:06,,,15,15
208145,110520,11,Grupo Idiomus - Teacher Poli,2,pending,2024-08-08 00:08:05,2024-08-29 00:08:06,,,15,15
208147,110540,11,Grupo Idiomus - Teacher Poli,2,pending,2024-08-08 01:26:08,2024-08-29 01:26:06,,,15,15
208149,110662,11,Grupo Idiomus - Teacher Poli,2,pending,2024-08-08 14:04:06,2024-08-29 14:04:05,,,15,15
208152,110682,11,Grupo Idiomus - Teacher Poli,2,pending,2024-08-08 14:55:08,2024-08-29 14:55:07,,,15,15
208153,110724,11,Grupo Idiomus - Teacher Poli,2,pending,2024-08-08 16:41:09,2024-08-29 16:41:06,,,15,15
208154,110765,11,Grupo Idiomus - Teacher Poli,2,pending,2024-08-08 19:08:07,2024-08-29 19:08:06,,,15,15
208156,110805,11,Grupo Idiomus - Teacher Poli,2,pending,2024-08-08 21:55:07,2024-08-29 21:55:06,,,15,15
208158,110938,11,Grupo Idiomus - Teacher Poli,2,pending,2024-08-09 11:08:06,2024-08-30 11:08:06,,,15,15
208159,110952,11,Grupo Idiomus - Teacher Poli,2,pending,2024-08-09 11:42:06,2024-08-09 11:42:06,,,1,1
208165,111034,11,Grupo Idiomus - Teacher Poli,2,pending,2024-08-09 15:53:09,2024-08-30 15:53:07,,,15,15
208167,111077,11,Grupo Idiomus - Teacher Poli,2,pending,2024-08-09 18:35:07,2024-08-30 18:35:06,,,15,15
208168,111087,11,Grupo Idiomus - Teacher Poli,2,pending,2024-08-09 19:00:12,2024-08-30 19:00:14,,,15,15
208170,111125,11,Grupo Idiomus - Teacher Poli,2,pending,2024-08-09 22:24:06,2024-08-30 22:24:05,,,15,15
208172,111156,11,Grupo Idiomus - Teacher Poli,2,pending,2024-08-10 00:59:06,2024-08-31 00:59:06,,,15,15
208176,111183,11,Grupo Idiomus - Teacher Poli,2,pending,2024-08-10 03:48:06,2024-08-31 03:48:06,,,15,15
208177,111189,11,Grupo Idiomus - Teacher Poli,2,pending,2024-08-10 05:02:06,2024-08-31 05:02:06,,,15,15
208178,111221,11,Grupo Idiomus - Teacher Poli,2,pending,2024-08-10 10:39:06,2024-08-31 10:39:07,,,15,15
208179,111233,11,Grupo Idiomus - Teacher Poli,2,pending,2024-08-10 11:31:05,2024-08-31 11:31:06,,,15,15
208180,111262,11,Grupo Idiomus - Teacher Poli,2,pending,2024-08-10 12:53:06,2024-08-31 12:53:06,,,15,15
208181,111280,11,Grupo Idiomus - Teacher Poli,2,pending,2024-08-10 13:27:07,2024-08-31 13:27:06,,,15,15
208184,111296,11,Grupo Idiomus - Teacher Poli,2,pending,2024-08-10 13:56:14,2024-08-31 13:56:05,,,15,15
208185,111321,11,Grupo Idiomus - Teacher Poli,2,pending,2024-08-10 15:15:06,2024-08-15 15:15:07,,,14,14
208186,111341,11,Grupo Idiomus - Teacher Poli,2,pending,2024-08-10 16:09:06,2024-08-31 16:09:06,,,15,15
208188,111364,11,Grupo Idiomus - Teacher Poli,2,pending,2024-08-10 16:57:06,2024-08-31 16:57:07,,,15,15
208189,111381,11,Grupo Idiomus - Teacher Poli,2,pending,2024-08-10 18:05:07,2024-08-31 18:05:05,,,15,15
208190,111404,11,Grupo Idiomus - Teacher Poli,2,pending,2024-08-10 19:32:06,2024-08-31 19:32:06,,,15,15
208191,111409,11,Grupo Idiomus - Teacher Poli,2,pending,2024-08-10 19:39:07,2024-08-31 19:39:06,,,15,15
208192,111422,11,Grupo Idiomus - Teacher Poli,2,pending,2024-08-10 20:08:07,2024-08-15 20:08:05,,,14,14
208196,111434,11,Grupo Idiomus - Teacher Poli,2,pending,2024-08-10 20:56:05,2024-08-15 20:56:06,,,14,14
208198,111454,11,Grupo Idiomus - Teacher Poli,2,pending,2024-08-10 22:44:06,2024-08-31 22:44:05,,,15,15
208199,111475,11,Grupo Idiomus - Teacher Poli,2,pending,2024-08-11 01:14:07,2024-09-01 01:14:06,,,15,15
208201,111509,11,Grupo Idiomus - Teacher Poli,2,pending,2024-08-11 08:30:06,2024-09-01 08:30:06,,,15,15
208202,111513,11,Grupo Idiomus - Teacher Poli,2,pending,2024-08-11 09:28:06,2024-09-01 09:55:09,,,15,15
208204,111561,11,Grupo Idiomus - Teacher Poli,2,pending,2024-08-11 11:42:06,2024-09-01 11:42:05,,,15,15
208206,111602,11,Grupo Idiomus - Teacher Poli,2,pending,2024-08-11 13:00:10,2024-09-01 13:00:10,,,15,15
208209,111643,11,Grupo Idiomus - Teacher Poli,2,pending,2024-08-11 14:30:07,2024-09-01 14:30:07,,,15,15
208210,111684,11,Grupo Idiomus - Teacher Poli,2,pending,2024-08-11 16:00:13,2024-09-01 16:00:10,,,15,15
208211,111720,11,Grupo Idiomus - Teacher Poli,2,pending,2024-08-11 19:12:07,2024-09-01 19:12:06,,,15,15
208212,111744,11,Grupo Idiomus - Teacher Poli,2,pending,2024-08-11 20:59:07,2024-09-01 20:59:06,,,15,15
208213,111780,11,Grupo Idiomus - Teacher Poli,2,pending,2024-08-11 23:12:06,2024-09-01 23:12:05,,,15,15
208214,111793,11,Grupo Idiomus - Teacher Poli,2,pending,2024-08-12 00:28:07,2024-09-02 00:28:05,,,15,15
208218,111886,11,Grupo Idiomus - Teacher Poli,2,pending,2024-08-12 11:23:07,2024-09-02 11:23:07,,,15,15
208220,111917,11,Grupo Idiomus - Teacher Poli,2,pending,2024-08-12 12:11:14,2024-09-02 12:11:07,,,15,15
208222,111963,11,Grupo Idiomus - Teacher Poli,2,pending,2024-08-12 14:22:06,2024-09-02 14:22:05,,,15,15
208226,112270,11,Grupo Idiomus - Teacher Poli,2,pending,2024-08-13 10:53:07,2024-08-17 10:53:06,,,13,13
208229,112328,11,Grupo Idiomus - Teacher Poli,2,pending,2024-08-13 13:31:06,2024-09-03 13:31:06,,,15,15
208233,112424,11,Grupo Idiomus - Teacher Poli,2,pending,2024-08-13 17:21:05,2024-09-03 17:21:05,,,15,15
208234,112465,11,Grupo Idiomus - Teacher Poli,2,pending,2024-08-13 19:21:07,2024-09-03 19:21:06,,,15,15
208235,112471,11,Grupo Idiomus - Teacher Poli,2,pending,2024-08-13 19:46:05,2024-09-03 19:46:05,,,15,15
208236,112473,11,Grupo Idiomus - Teacher Poli,2,pending,2024-08-13 19:53:07,2024-09-03 19:53:06,,,15,15
208237,112503,11,Grupo Idiomus - Teacher Poli,2,pending,2024-08-13 21:24:07,2024-09-03 21:24:05,,,15,15
208238,112523,11,Grupo Idiomus - Teacher Poli,2,pending,2024-08-13 22:47:06,2024-09-03 22:47:05,,,15,15
208239,112535,11,Grupo Idiomus - Teacher Poli,2,pending,2024-08-13 23:38:07,2024-09-03 23:38:05,,,15,15
208241,112572,11,Grupo Idiomus - Teacher Poli,2,pending,2024-08-14 00:59:08,2024-09-04 00:59:05,,,15,15
208242,112588,11,Grupo Idiomus - Teacher Poli,2,pending,2024-08-14 01:42:05,2024-09-04 01:42:04,,,15,15
208243,112592,11,Grupo Idiomus - Teacher Poli,2,pending,2024-08-14 01:47:05,2024-09-04 01:47:06,,,15,15
208244,112644,11,Grupo Idiomus - Teacher Poli,2,pending,2024-08-14 10:25:07,2024-09-04 10:25:07,,,14,14
208246,112739,11,Grupo Idiomus - Teacher Poli,2,pending,2024-08-14 15:13:06,2024-09-04 15:13:06,,,15,15
208247,112751,11,Grupo Idiomus - Teacher Poli,2,pending,2024-08-14 15:48:08,2024-09-04 15:48:05,,,15,15
208249,112766,11,Grupo Idiomus - Teacher Poli,2,pending,2024-08-14 16:03:08,2024-09-04 16:03:06,,,15,15
208252,112813,11,Grupo Idiomus - Teacher Poli,2,pending,2024-08-14 18:08:06,2024-09-04 18:08:05,,,15,15
208258,112898,11,Grupo Idiomus - Teacher Poli,2,pending,2024-08-14 23:40:05,2024-09-04 23:40:11,,,15,15
208261,113011,11,Grupo Idiomus - Teacher Poli,2,pending,2024-08-15 11:17:05,2024-09-05 11:17:04,,,14,14
208262,113016,11,Grupo Idiomus - Teacher Poli,2,pending,2024-08-15 11:23:06,2024-09-05 11:23:06,,,14,14
208264,113063,11,Grupo Idiomus - Teacher Poli,2,pending,2024-08-15 13:58:08,2024-09-05 13:58:06,,,15,15
208265,113126,11,Grupo Idiomus - Teacher Poli,2,pending,2024-08-15 16:22:07,2024-09-05 16:22:06,,,15,15
208266,113141,11,Grupo Idiomus - Teacher Poli,2,pending,2024-08-15 17:01:07,2024-09-05 17:01:06,,,16,16
208268,113204,11,Grupo Idiomus - Teacher Poli,2,pending,2024-08-15 20:47:06,2024-09-05 20:47:05,,,15,15
208269,113220,11,Grupo Idiomus - Teacher Poli,2,pending,2024-08-15 21:58:06,2024-09-24 01:51:05,,,2,2
208271,113241,11,Grupo Idiomus - Teacher Poli,2,pending,2024-08-15 23:30:07,2024-08-15 23:30:08,,,1,1
208278,113558,11,Grupo Idiomus - Teacher Poli,2,pending,2024-08-16 21:46:06,2024-09-06 21:46:06,,,15,15
208281,113725,11,Grupo Idiomus - Teacher Poli,2,pending,2024-08-17 16:20:08,2024-09-07 16:20:11,,,15,15
208283,113920,11,Grupo Idiomus - Teacher Poli,2,pending,2024-08-19 00:49:05,2024-09-09 00:49:06,,,15,15
208289,114172,11,Grupo Idiomus - Teacher Poli,2,pending,2024-08-19 19:32:07,2024-09-09 19:32:06,,,15,15
208290,114257,11,Grupo Idiomus - Teacher Poli,2,pending,2024-08-20 01:40:07,2024-08-22 01:50:05,,,11,11
208294,114618,11,Grupo Idiomus - Teacher Poli,2,pending,2024-08-21 11:17:06,2024-09-11 11:17:06,,,15,15
208295,114670,11,Grupo Idiomus - Teacher Poli,2,pending,2024-08-21 14:20:05,2024-09-11 14:20:08,,,15,15
208296,114674,11,Grupo Idiomus - Teacher Poli,2,pending,2024-08-21 14:25:08,2024-09-11 14:25:07,,,15,15
208300,114818,11,Grupo Idiomus - Teacher Poli,2,pending,2024-08-21 21:31:10,2024-09-11 21:28:10,,,15,15
208301,114865,11,Grupo Idiomus - Teacher Poli,2,pending,2024-08-21 22:03:10,2024-09-11 22:03:08,,,14,14
208304,114975,11,Grupo Idiomus - Teacher Poli,2,pending,2024-08-21 22:34:10,2024-09-11 22:11:07,,,14,14
208305,115032,11,Grupo Idiomus - Teacher Poli,2,pending,2024-08-21 22:46:11,2024-09-11 22:16:07,,,14,14
208306,115046,11,Grupo Idiomus - Teacher Poli,2,pending,2024-08-21 22:49:11,2024-09-11 22:17:08,,,14,14
208307,115181,11,Grupo Idiomus - Teacher Poli,2,pending,2024-08-21 23:29:08,2024-09-11 22:46:09,,,15,15
208309,115266,11,Grupo Idiomus - Teacher Poli,2,pending,2024-08-22 07:10:06,2024-09-12 07:10:06,,,15,15
208311,115393,11,Grupo Idiomus - Teacher Poli,2,pending,2024-08-22 14:56:06,2024-09-12 14:56:05,,,15,15
208313,115410,11,Grupo Idiomus - Teacher Poli,2,pending,2024-08-22 15:45:06,2024-09-12 15:45:07,,,15,15
208314,115525,11,Grupo Idiomus - Teacher Poli,2,pending,2024-08-22 21:08:07,2024-09-12 21:08:06,,,14,14
208316,115561,11,Grupo Idiomus - Teacher Poli,2,pending,2024-08-22 22:44:07,2024-09-12 21:43:06,,,9,9
208321,115654,11,Grupo Idiomus - Teacher Poli,2,pending,2024-08-23 03:45:05,2024-09-13 03:45:06,,,15,15
208322,115707,11,Grupo Idiomus - Teacher Poli,2,pending,2024-08-23 10:52:07,2024-09-13 10:52:05,,,15,15
208332,115778,11,Grupo Idiomus - Teacher Poli,2,pending,2024-08-23 14:02:05,2024-08-28 14:02:09,,,14,14
208336,115871,11,Grupo Idiomus - Teacher Poli,2,pending,2024-08-23 18:03:07,2024-09-13 18:03:08,,,15,15
208338,115930,11,Grupo Idiomus - Teacher Poli,2,pending,2024-08-23 22:07:09,2024-09-11 22:07:09,,,6,6
208339,115938,11,Grupo Idiomus - Teacher Poli,2,pending,2024-08-23 22:30:06,2024-08-28 22:30:05,,,14,14
208340,115951,11,Grupo Idiomus - Teacher Poli,2,pending,2024-08-23 23:15:06,2024-09-13 23:15:05,,,15,15
208344,115963,11,Grupo Idiomus - Teacher Poli,2,pending,2024-08-24 00:08:06,2024-09-14 00:08:06,,,15,15
208347,116190,11,Grupo Idiomus - Teacher Poli,2,pending,2024-08-24 18:12:05,2024-09-14 18:12:05,,,15,15
208349,116275,11,Grupo Idiomus - Teacher Poli,2,pending,2024-08-24 23:43:06,2024-09-14 23:43:04,,,15,15
208351,116447,11,Grupo Idiomus - Teacher Poli,2,pending,2024-08-25 15:22:06,2024-08-30 15:22:04,,,14,14
208356,116705,11,Grupo Idiomus - Teacher Poli,2,pending,2024-08-26 12:52:07,2024-09-16 12:52:06,,,15,15
208357,116711,11,Grupo Idiomus - Teacher Poli,2,pending,2024-08-26 13:01:06,2024-09-16 13:01:06,,,15,15
208360,116832,11,Grupo Idiomus - Teacher Poli,2,pending,2024-08-26 18:55:09,2024-09-16 18:55:07,,,15,15
208367,117205,11,Grupo Idiomus - Teacher Poli,2,pending,2024-08-28 01:21:05,2024-09-14 01:21:06,,,3,3
208372,117515,11,Grupo Idiomus - Teacher Poli,2,pending,2024-08-29 10:13:06,2024-09-19 10:13:05,,,16,16
208374,117705,11,Grupo Idiomus - Teacher Poli,2,pending,2024-08-29 17:15:06,2024-09-19 17:15:06,,,16,16
208375,117746,11,Grupo Idiomus - Teacher Poli,2,pending,2024-08-29 18:34:09,2024-09-19 18:34:09,,,16,16
208376,117825,11,Grupo Idiomus - Teacher Poli,2,pending,2024-08-29 21:51:07,2024-09-19 21:51:06,,,16,16
208378,117971,11,Grupo Idiomus - Teacher Poli,2,pending,2024-08-30 07:08:06,2024-09-20 07:08:04,,,16,16
208379,118014,11,Grupo Idiomus - Teacher Poli,2,pending,2024-08-30 10:26:05,2024-09-20 10:26:06,,,16,16
208381,118051,11,Grupo Idiomus - Teacher Poli,2,pending,2024-08-30 11:22:08,2024-09-20 11:22:05,,,16,16
208382,118190,11,Grupo Idiomus - Teacher Poli,2,pending,2024-08-30 15:25:06,2024-09-20 15:25:08,,,16,16
208386,118405,11,Grupo Idiomus - Teacher Poli,2,pending,2024-08-31 01:49:07,2024-09-21 01:49:07,,,16,16
208389,118535,11,Grupo Idiomus - Teacher Poli,2,pending,2024-08-31 12:25:08,2024-09-21 12:25:07,,,16,16
208390,118600,11,Grupo Idiomus - Teacher Poli,2,pending,2024-08-31 14:15:06,2024-09-21 14:15:06,,,16,16
208391,118662,11,Grupo Idiomus - Teacher Poli,2,pending,2024-08-31 16:16:06,2024-08-31 16:16:06,,,1,1
208394,118705,11,Grupo Idiomus - Teacher Poli,2,pending,2024-08-31 18:36:07,2024-09-21 18:36:13,,,16,16
208395,118764,11,Grupo Idiomus - Teacher Poli,2,pending,2024-08-31 22:05:05,2024-09-21 22:05:07,,,16,16
208396,118788,11,Grupo Idiomus - Teacher Poli,2,pending,2024-09-01 00:08:06,2024-09-22 00:08:05,,,16,16
208398,118810,11,Grupo Idiomus - Teacher Poli,2,pending,2024-09-01 01:17:06,2024-09-22 01:17:07,,,16,16
208399,118888,11,Grupo Idiomus - Teacher Poli,2,pending,2024-09-01 11:07:06,2024-09-22 11:07:05,,,16,16
208403,118978,11,Grupo Idiomus - Teacher Poli,2,pending,2024-09-01 14:23:05,2024-09-22 14:23:06,,,16,16
208406,119072,11,Grupo Idiomus - Teacher Poli,2,pending,2024-09-01 20:05:07,2024-09-22 20:05:05,,,16,16
208408,119096,11,Grupo Idiomus - Teacher Poli,2,pending,2024-09-01 21:02:07,2024-09-22 21:02:05,,,16,16
208409,119108,11,Grupo Idiomus - Teacher Poli,2,pending,2024-09-01 21:58:07,2024-09-22 21:58:06,,,16,16
208410,119119,11,Grupo Idiomus - Teacher Poli,2,pending,2024-09-01 22:45:07,2024-09-22 22:45:09,,,16,16
208411,119121,11,Grupo Idiomus - Teacher Poli,2,pending,2024-09-01 22:55:07,2024-09-22 22:55:18,,,16,16
208412,119128,11,Grupo Idiomus - Teacher Poli,2,pending,2024-09-01 23:32:06,2024-09-22 23:32:05,,,16,16
208413,119143,11,Grupo Idiomus - Teacher Poli,2,pending,2024-09-02 00:35:05,2024-09-23 00:35:06,,,16,16
208414,119156,11,Grupo Idiomus - Teacher Poli,2,pending,2024-09-02 01:19:07,2024-09-23 01:19:06,,,16,16
208415,119172,11,Grupo Idiomus - Teacher Poli,2,pending,2024-09-02 02:24:07,2024-09-23 02:24:06,,,16,16
208417,119188,11,Grupo Idiomus - Teacher Poli,2,pending,2024-09-02 03:34:05,2024-09-23 03:34:05,,,16,16
208420,119401,11,Grupo Idiomus - Teacher Poli,2,pending,2024-09-02 18:14:05,2024-09-22 12:14:06,,,8,8
208421,119402,11,Grupo Idiomus - Teacher Poli,2,pending,2024-09-02 18:19:07,2024-09-07 18:19:07,,,15,15
208423,119450,11,Grupo Idiomus - Teacher Poli,2,pending,2024-09-02 20:49:07,2024-09-23 20:49:06,,,16,16
208425,119500,11,Grupo Idiomus - Teacher Poli,2,pending,2024-09-02 23:38:07,2024-09-23 23:38:07,,,16,16
208429,119565,11,Grupo Idiomus - Teacher Poli,2,pending,2024-09-03 03:12:05,2024-09-24 03:12:05,,,16,16
208430,119585,11,Grupo Idiomus - Teacher Poli,2,pending,2024-09-03 08:28:07,2024-09-24 08:28:07,,,16,16
208432,119625,11,Grupo Idiomus - Teacher Poli,2,pending,2024-09-03 11:33:06,2024-09-22 11:33:06,,,6,6
208433,119628,11,Grupo Idiomus - Teacher Poli,2,pending,2024-09-03 11:36:05,2024-09-21 11:36:06,,,4,4
208437,119693,11,Grupo Idiomus - Teacher Poli,2,pending,2024-09-03 14:19:08,2024-09-24 14:19:05,,,16,16
208440,119808,11,Grupo Idiomus - Teacher Poli,2,pending,2024-09-03 18:15:06,2024-09-24 18:15:06,,,16,16
208441,119880,11,Grupo Idiomus - Teacher Poli,2,pending,2024-09-03 20:08:06,2024-09-24 20:08:04,,,16,16
208444,120028,11,Grupo Idiomus - Teacher Poli,2,pending,2024-09-04 07:45:07,2024-09-09 07:45:06,,,15,15
208445,120043,11,Grupo Idiomus - Teacher Poli,2,pending,2024-09-04 09:30:07,2024-09-25 09:30:06,,,16,16
208450,120104,11,Grupo Idiomus - Teacher Poli,2,pending,2024-09-04 12:33:06,2024-09-25 12:33:06,,,16,16
208454,120133,11,Grupo Idiomus - Teacher Poli,2,pending,2024-09-04 13:54:07,2024-09-25 13:54:06,,,16,16
208458,120175,11,Grupo Idiomus - Teacher Poli,2,pending,2024-09-04 15:25:08,2024-09-25 15:25:07,,,16,16
208460,120234,11,Grupo Idiomus - Teacher Poli,2,pending,2024-09-04 16:29:06,2024-09-25 16:29:06,,,16,16
208465,120339,11,Grupo Idiomus - Teacher Poli,2,pending,2024-09-04 22:14:06,2024-09-25 22:14:06,,,16,16
208466,120343,11,Grupo Idiomus - Teacher Poli,2,pending,2024-09-04 22:30:06,2024-09-25 22:30:06,,,16,16
208468,120375,11,Grupo Idiomus - Teacher Poli,2,pending,2024-09-05 00:49:06,2024-09-26 00:49:07,,,16,16
208469,120403,11,Grupo Idiomus - Teacher Poli,2,pending,2024-09-05 02:33:07,2024-09-26 02:33:06,,,16,16
208470,120475,11,Grupo Idiomus - Teacher Poli,2,pending,2024-09-05 11:41:06,2024-09-26 11:41:07,,,16,16
208472,120525,11,Grupo Idiomus - Teacher Poli,2,pending,2024-09-05 13:51:07,2024-09-26 13:51:05,,,16,16
208477,120558,11,Grupo Idiomus - Teacher Poli,2,pending,2024-09-05 15:45:07,2024-09-26 15:45:06,,,16,16
208483,120588,11,Grupo Idiomus - Teacher Poli,2,pending,2024-09-05 17:23:07,2024-09-26 17:23:06,,,16,16
208486,120679,11,Grupo Idiomus - Teacher Poli,2,pending,2024-09-05 22:41:07,2024-09-26 22:41:06,,,16,16
208487,120685,11,Grupo Idiomus - Teacher Poli,2,pending,2024-09-05 23:21:06,2024-09-26 23:21:07,,,16,16
208489,120694,11,Grupo Idiomus - Teacher Poli,2,pending,2024-09-05 23:44:06,2024-09-26 23:44:06,,,16,16
208490,120698,11,Grupo Idiomus - Teacher Poli,2,pending,2024-09-05 23:53:06,2024-09-26 23:53:05,,,16,16
208491,120700,11,Grupo Idiomus - Teacher Poli,2,pending,2024-09-06 00:00:12,2024-09-27 00:00:07,,,16,16
208493,120749,11,Grupo Idiomus - Teacher Poli,2,pending,2024-09-06 07:25:07,2024-09-27 07:25:06,,,16,16
208494,120756,11,Grupo Idiomus - Teacher Poli,2,pending,2024-09-06 08:48:06,2024-09-27 08:48:05,,,16,16
208496,120780,11,Grupo Idiomus - Teacher Poli,2,pending,2024-09-06 10:54:07,2024-09-27 10:54:06,,,16,16
208498,120790,11,Grupo Idiomus - Teacher Poli,2,pending,2024-09-06 11:26:07,2024-09-27 11:26:05,,,16,16
208502,120910,11,Grupo Idiomus - Teacher Poli,2,pending,2024-09-06 17:01:07,2024-09-27 17:01:08,,,16,16
208503,120922,11,Grupo Idiomus - Teacher Poli,2,pending,2024-09-06 17:25:07,2024-09-27 17:25:07,,,16,16
208504,120951,11,Grupo Idiomus - Teacher Poli,2,pending,2024-09-06 18:07:06,2024-09-26 18:07:06,,,9,9
208505,120954,11,Grupo Idiomus - Teacher Poli,2,pending,2024-09-06 18:11:07,2024-09-27 18:11:05,,,16,16
208510,121002,11,Grupo Idiomus - Teacher Poli,2,pending,2024-09-06 21:12:06,2024-09-27 21:12:05,,,16,16
208511,121014,11,Grupo Idiomus - Teacher Poli,2,pending,2024-09-06 22:08:08,2024-09-27 22:08:06,,,16,16
208513,121028,11,Grupo Idiomus - Teacher Poli,2,pending,2024-09-06 23:21:07,2024-09-27 23:21:06,,,16,16
208514,121030,11,Grupo Idiomus - Teacher Poli,2,pending,2024-09-06 23:28:07,2024-09-27 23:28:06,,,16,16
208515,121034,11,Grupo Idiomus - Teacher Poli,2,pending,2024-09-06 23:34:07,2024-09-27 23:34:06,,,16,16
208518,121060,11,Grupo Idiomus - Teacher Poli,2,pending,2024-09-07 01:02:07,2024-09-12 01:02:05,,,15,15
208519,121067,11,Grupo Idiomus - Teacher Poli,2,pending,2024-09-07 01:45:06,2024-09-28 01:45:05,,,16,16
208521,121126,11,Grupo Idiomus - Teacher Poli,2,pending,2024-09-07 10:07:07,2024-09-28 10:07:07,,,16,16
208528,121160,11,Grupo Idiomus - Teacher Poli,2,pending,2024-09-07 11:59:08,2024-09-28 11:59:06,,,16,16
208530,121173,11,Grupo Idiomus - Teacher Poli,2,pending,2024-09-07 12:23:10,2024-09-28 12:23:07,,,16,16
208533,121200,11,Grupo Idiomus - Teacher Poli,2,pending,2024-09-07 13:18:08,2024-09-28 13:18:06,,,16,16
208537,121219,11,Grupo Idiomus - Teacher Poli,2,pending,2024-09-07 14:03:06,2024-09-28 14:03:07,,,16,16
208538,121228,11,Grupo Idiomus - Teacher Poli,2,pending,2024-09-07 14:35:06,2024-09-28 14:35:06,,,16,16
208539,121258,11,Grupo Idiomus - Teacher Poli,2,pending,2024-09-07 15:25:14,2024-09-28 15:25:06,,,16,16
208540,121275,11,Grupo Idiomus - Teacher Poli,2,pending,2024-09-07 16:20:12,2024-09-12 16:20:06,,,15,15
208543,121297,11,Grupo Idiomus - Teacher Poli,2,pending,2024-09-07 18:07:09,2024-09-28 18:07:05,,,16,16
208546,121346,11,Grupo Idiomus - Teacher Poli,2,pending,2024-09-07 22:08:08,2024-09-28 22:08:05,,,16,16
208551,121380,11,Grupo Idiomus - Teacher Poli,2,pending,2024-09-08 00:26:07,2024-09-29 00:26:06,,,16,16
208552,121390,11,Grupo Idiomus - Teacher Poli,2,pending,2024-09-08 01:18:05,2024-09-13 01:18:05,,,15,15
208558,121478,11,Grupo Idiomus - Teacher Poli,2,pending,2024-09-08 11:00:10,2024-09-29 11:00:12,,,16,16
208559,121483,11,Grupo Idiomus - Teacher Poli,2,pending,2024-09-08 11:20:10,2024-09-29 11:20:06,,,16,16
208560,121488,11,Grupo Idiomus - Teacher Poli,2,pending,2024-09-08 11:31:06,2024-09-29 11:31:06,,,16,16
208562,121502,11,Grupo Idiomus - Teacher Poli,2,pending,2024-09-08 11:58:07,2024-09-29 11:58:07,,,16,16
208565,121564,11,Grupo Idiomus - Teacher Poli,2,pending,2024-09-08 13:36:07,2024-09-29 13:36:17,,,16,16
208566,121566,11,Grupo Idiomus - Teacher Poli,2,pending,2024-09-08 13:37:08,2024-09-29 13:37:10,,,16,16
208567,121568,11,Grupo Idiomus - Teacher Poli,2,pending,2024-09-08 13:43:07,2024-09-29 13:43:06,,,16,16
208568,121574,11,Grupo Idiomus - Teacher Poli,2,pending,2024-09-08 13:56:08,2024-09-29 13:56:07,,,15,15
208571,121608,11,Grupo Idiomus - Teacher Poli,2,pending,2024-09-08 14:51:06,2024-09-29 14:51:05,,,16,16
208577,121700,11,Grupo Idiomus - Teacher Poli,2,pending,2024-09-08 20:23:08,2024-09-29 20:23:05,,,16,16
208585,121809,11,Grupo Idiomus - Teacher Poli,2,pending,2024-09-09 01:40:13,2024-09-30 01:40:06,,,16,16
208586,121821,11,Grupo Idiomus - Teacher Poli,2,pending,2024-09-09 02:39:06,2024-09-30 02:39:06,,,16,16
209088,121836,11,Grupo Idiomus - Teacher Poli,2,pending,2024-09-09 04:01:06,2024-09-30 04:01:06,,,16,16
209089,121851,11,Grupo Idiomus - Teacher Poli,2,pending,2024-09-09 08:59:06,2024-09-30 08:59:06,,,16,16
209090,121856,11,Grupo Idiomus - Teacher Poli,2,pending,2024-09-09 09:22:05,2024-09-30 09:22:05,,,16,16
209091,121909,11,Grupo Idiomus - Teacher Poli,2,pending,2024-09-09 11:26:08,2024-09-30 11:26:05,,,16,16
209093,121955,11,Grupo Idiomus - Teacher Poli,2,pending,2024-09-09 13:14:07,2024-09-30 13:14:06,,,16,16
209099,122046,11,Grupo Idiomus - Teacher Poli,2,pending,2024-09-09 17:20:12,2024-09-30 17:20:15,,,16,16
209110,122147,11,Grupo Idiomus - Teacher Poli,2,pending,2024-09-09 22:21:07,2024-09-30 22:21:05,,,16,16
209112,122161,11,Grupo Idiomus - Teacher Poli,2,pending,2024-09-09 23:29:06,2024-09-30 23:29:07,,,16,16
209115,122181,11,Grupo Idiomus - Teacher Poli,2,pending,2024-09-10 00:37:07,2024-10-01 01:06:40,,,16,16
209118,122213,11,Grupo Idiomus - Teacher Poli,2,pending,2024-09-10 03:20:10,2024-10-01 03:20:08,,,16,16
209120,122266,11,Grupo Idiomus - Teacher Poli,2,pending,2024-09-10 12:25:10,2024-10-01 12:25:07,,,16,16
209123,122305,11,Grupo Idiomus - Teacher Poli,2,pending,2024-09-10 15:19:06,2024-10-01 15:19:05,,,16,16
209126,122348,11,Grupo Idiomus - Teacher Poli,2,pending,2024-09-10 16:38:07,2024-10-01 16:38:05,,,16,16
209137,122738,11,Grupo Idiomus - Teacher Poli,2,pending,2024-09-11 01:41:06,2024-09-16 01:41:04,,,15,15
209138,122784,11,Grupo Idiomus - Teacher Poli,2,pending,2024-09-11 03:38:06,2024-10-02 03:38:05,,,16,16
209139,122787,11,Grupo Idiomus - Teacher Poli,2,pending,2024-09-11 04:05:07,2024-10-02 04:05:07,,,16,16
209140,122841,11,Grupo Idiomus - Teacher Poli,2,pending,2024-09-11 11:05:08,2024-10-02 11:05:07,,,16,16
209141,122857,11,Grupo Idiomus - Teacher Poli,2,pending,2024-09-11 11:27:07,2024-10-02 11:27:06,,,16,16
209143,122872,11,Grupo Idiomus - Teacher Poli,2,pending,2024-09-11 11:53:06,2024-10-02 11:53:05,,,16,16
209144,122890,11,Grupo Idiomus - Teacher Poli,2,pending,2024-09-11 12:47:08,2024-10-02 12:47:07,,,16,16
209145,122913,11,Grupo Idiomus - Teacher Poli,2,pending,2024-09-11 13:42:07,2024-10-02 13:42:06,,,15,15
209146,122950,11,Grupo Idiomus - Teacher Poli,2,pending,2024-09-11 14:59:11,2024-10-02 14:59:06,,,16,16
209148,123044,11,Grupo Idiomus - Teacher Poli,2,pending,2024-09-11 17:37:08,2024-10-02 17:37:06,,,16,16
209149,123060,11,Grupo Idiomus - Teacher Poli,2,pending,2024-09-11 18:11:09,2024-10-02 18:11:05,,,16,16
209153,123214,11,Grupo Idiomus - Teacher Poli,2,pending,2024-09-12 00:12:07,2024-10-03 00:12:06,,,16,16
209155,123271,11,Grupo Idiomus - Teacher Poli,2,pending,2024-09-12 02:56:06,2024-10-03 02:56:05,,,16,16
209156,123328,11,Grupo Idiomus - Teacher Poli,2,pending,2024-09-12 10:08:06,2024-09-17 10:08:06,,,15,15
209157,123337,11,Grupo Idiomus - Teacher Poli,2,pending,2024-09-12 10:35:06,2024-09-29 10:35:05,,,3,3
209158,123338,11,Grupo Idiomus - Teacher Poli,2,pending,2024-09-12 10:36:07,2024-10-03 10:36:05,,,16,16
209162,123397,11,Grupo Idiomus - Teacher Poli,2,pending,2024-09-12 12:38:08,2024-10-03 12:38:09,,,16,16
209165,123431,11,Grupo Idiomus - Teacher Poli,2,pending,2024-09-12 13:12:12,2024-10-03 13:12:10,,,16,16
209166,123440,11,Grupo Idiomus - Teacher Poli,2,pending,2024-09-12 13:30:08,2024-10-03 13:30:08,,,16,16
209167,123480,11,Grupo Idiomus - Teacher Poli,2,pending,2024-09-12 14:46:10,2024-10-03 14:46:07,,,16,16
209169,123569,11,Grupo Idiomus - Teacher Poli,2,pending,2024-09-12 17:47:06,2024-10-03 17:47:06,,,16,16
209170,123610,11,Grupo Idiomus - Teacher Poli,2,pending,2024-09-12 18:54:08,2024-10-03 18:54:07,,,16,16
209171,123630,11,Grupo Idiomus - Teacher Poli,2,pending,2024-09-12 19:39:07,2024-10-03 19:39:06,,,16,16
209173,123650,11,Grupo Idiomus - Teacher Poli,2,pending,2024-09-12 20:21:08,2024-10-03 20:21:06,,,16,16
209174,123664,11,Grupo Idiomus - Teacher Poli,2,pending,2024-09-12 21:03:07,2024-10-03 21:03:06,,,16,16
209175,123679,11,Grupo Idiomus - Teacher Poli,2,pending,2024-09-12 21:40:07,2024-10-03 21:40:12,,,16,16
209176,123682,11,Grupo Idiomus - Teacher Poli,2,pending,2024-09-12 21:44:06,2024-10-03 21:44:06,,,16,16
209177,123695,11,Grupo Idiomus - Teacher Poli,2,pending,2024-09-12 22:14:06,2024-10-03 22:14:06,,,16,16
209178,123709,11,Grupo Idiomus - Teacher Poli,2,pending,2024-09-12 23:27:05,2024-09-12 23:27:06,,,1,1
209179,123712,11,Grupo Idiomus - Teacher Poli,2,pending,2024-09-12 23:34:06,2024-10-01 23:34:05,,,6,6
209181,123745,11,Grupo Idiomus - Teacher Poli,2,pending,2024-09-13 01:13:07,2024-10-04 01:13:06,,,16,16
209182,123769,11,Grupo Idiomus - Teacher Poli,2,pending,2024-09-13 02:02:06,2024-10-04 02:02:05,,,16,16
209185,123799,11,Grupo Idiomus - Teacher Poli,2,pending,2024-09-13 03:32:06,2024-10-04 03:32:07,,,16,16
209192,123966,11,Grupo Idiomus - Teacher Poli,2,pending,2024-09-13 14:44:07,2024-10-04 14:44:05,,,16,16
209193,123974,11,Grupo Idiomus - Teacher Poli,2,pending,2024-09-13 15:18:09,2024-10-04 15:18:07,,,16,16
209194,123991,11,Grupo Idiomus - Teacher Poli,2,pending,2024-09-13 16:20:11,2024-09-18 16:20:17,,,15,15
209195,124028,11,Grupo Idiomus - Teacher Poli,2,pending,2024-09-13 17:57:07,2024-10-04 17:57:05,,,16,16
209196,124047,11,Grupo Idiomus - Teacher Poli,2,pending,2024-09-13 18:44:07,2024-10-04 18:44:06,,,16,16
209200,124147,11,Grupo Idiomus - Teacher Poli,2,pending,2024-09-13 21:59:06,2024-10-04 21:59:06,,,16,16
209202,124157,11,Grupo Idiomus - Teacher Poli,2,pending,2024-09-13 22:19:07,2024-10-04 22:19:05,,,16,16
209206,124219,11,Grupo Idiomus - Teacher Poli,2,pending,2024-09-14 01:37:06,2024-09-14 01:37:07,,,1,1
209208,124299,11,Grupo Idiomus - Teacher Poli,2,pending,2024-09-14 10:57:06,2024-10-05 10:57:05,,,16,16
209209,124320,11,Grupo Idiomus - Teacher Poli,2,pending,2024-09-14 11:55:07,2024-10-05 11:55:06,,,16,16
209210,124322,11,Grupo Idiomus - Teacher Poli,2,pending,2024-09-14 11:59:08,2024-10-05 11:59:04,,,16,16
209211,124323,11,Grupo Idiomus - Teacher Poli,2,pending,2024-09-14 12:01:07,2024-10-05 12:01:05,,,16,16
209212,124339,11,Grupo Idiomus - Teacher Poli,2,pending,2024-09-14 12:33:06,2024-10-05 12:33:06,,,16,16
209217,124419,11,Grupo Idiomus - Teacher Poli,2,pending,2024-09-14 14:33:08,2024-10-05 14:33:06,,,15,15
209220,124516,11,Grupo Idiomus - Teacher Poli,2,pending,2024-09-14 19:45:06,2024-10-05 19:45:07,,,16,16
209222,124563,11,Grupo Idiomus - Teacher Poli,2,pending,2024-09-14 22:22:06,2024-10-05 22:22:05,,,16,16
209223,124584,11,Grupo Idiomus - Teacher Poli,2,pending,2024-09-15 00:00:09,2024-10-06 00:00:07,,,16,16
209224,124604,11,Grupo Idiomus - Teacher Poli,2,pending,2024-09-15 01:10:06,2024-09-20 01:10:05,,,15,15
209226,124643,11,Grupo Idiomus - Teacher Poli,2,pending,2024-09-15 03:43:07,2024-10-06 03:43:05,,,16,16
209227,124650,11,Grupo Idiomus - Teacher Poli,2,pending,2024-09-15 04:27:05,2024-10-06 04:27:05,,,16,16
209229,124726,11,Grupo Idiomus - Teacher Poli,2,pending,2024-09-15 12:01:09,2024-10-06 12:01:06,,,16,16
209230,124750,11,Grupo Idiomus - Teacher Poli,2,pending,2024-09-15 12:54:08,2024-10-06 12:54:06,,,16,16
209234,124819,11,Grupo Idiomus - Teacher Poli,2,pending,2024-09-15 14:59:07,2024-10-06 14:59:10,,,16,16
209238,124869,11,Grupo Idiomus - Teacher Poli,2,pending,2024-09-15 16:54:07,2024-10-06 16:54:07,,,16,16
209240,124919,11,Grupo Idiomus - Teacher Poli,2,pending,2024-09-15 19:32:06,2024-10-06 19:32:07,,,16,16
209243,125257,11,Grupo Idiomus - Teacher Poli,2,pending,2024-09-16 16:48:06,2024-09-21 16:48:06,,,15,15
209245,125343,11,Grupo Idiomus - Teacher Poli,2,pending,2024-09-16 19:51:08,2024-10-07 19:51:06,,,16,16
209246,125351,11,Grupo Idiomus - Teacher Poli,2,pending,2024-09-16 20:17:06,2024-10-07 20:17:08,,,16,16
209247,125359,11,Grupo Idiomus - Teacher Poli,2,pending,2024-09-16 20:42:06,2024-10-07 20:42:05,,,15,15
209251,125428,11,Grupo Idiomus - Teacher Poli,2,pending,2024-09-16 23:25:07,2024-09-21 23:25:05,,,15,15
209254,125473,11,Grupo Idiomus - Teacher Poli,2,pending,2024-09-17 02:07:06,2024-10-08 02:07:07,,,16,16
209256,125553,11,Grupo Idiomus - Teacher Poli,2,pending,2024-09-17 10:20:08,2024-10-08 10:20:07,,,16,16
209257,125560,11,Grupo Idiomus - Teacher Poli,2,pending,2024-09-17 10:38:06,2024-10-08 10:38:07,,,16,16
209259,125600,11,Grupo Idiomus - Teacher Poli,2,pending,2024-09-17 12:36:07,2024-09-22 12:36:05,,,15,15
209261,125642,11,Grupo Idiomus - Teacher Poli,2,pending,2024-09-17 13:47:07,2024-10-08 13:47:06,,,16,16
209263,125767,11,Grupo Idiomus - Teacher Poli,2,pending,2024-09-17 18:43:06,2024-09-22 18:43:06,,,15,15
209267,125924,11,Grupo Idiomus - Teacher Poli,2,pending,2024-09-18 00:27:08,2024-10-09 00:27:08,,,16,16
209268,125926,11,Grupo Idiomus - Teacher Poli,2,pending,2024-09-18 00:31:07,2024-09-23 00:31:06,,,15,15
209274,126029,11,Grupo Idiomus - Teacher Poli,2,pending,2024-09-18 10:48:07,2024-10-09 10:48:05,,,16,16
209275,126033,11,Grupo Idiomus - Teacher Poli,2,pending,2024-09-18 10:54:06,2024-10-09 10:54:06,,,16,16
209276,126038,11,Grupo Idiomus - Teacher Poli,2,pending,2024-09-18 11:04:08,2024-10-09 11:04:05,,,16,16
209277,126052,11,Grupo Idiomus - Teacher Poli,2,pending,2024-09-18 11:29:06,2024-10-09 11:29:05,,,16,16
209278,126069,11,Grupo Idiomus - Teacher Poli,2,pending,2024-09-18 12:07:05,2024-10-09 12:07:06,,,16,16
209280,126085,11,Grupo Idiomus - Teacher Poli,2,pending,2024-09-18 12:54:08,2024-10-09 12:54:07,,,16,16
209282,126105,11,Grupo Idiomus - Teacher Poli,2,pending,2024-09-18 13:38:06,2024-10-09 13:38:06,,,16,16
209283,126109,11,Grupo Idiomus - Teacher Poli,2,pending,2024-09-18 13:49:05,2024-10-09 13:49:07,,,16,16
209284,126160,11,Grupo Idiomus - Teacher Poli,2,pending,2024-09-18 16:20:22,2024-10-09 16:20:07,,,16,16
209290,126325,11,Grupo Idiomus - Teacher Poli,2,pending,2024-09-18 23:07:07,2024-10-09 23:07:06,,,16,16
209293,126392,11,Grupo Idiomus - Teacher Poli,2,pending,2024-09-19 02:05:07,2024-10-10 02:05:06,,,16,16
209294,126416,11,Grupo Idiomus - Teacher Poli,2,pending,2024-09-19 03:47:07,2024-10-10 03:47:06,,,16,16
209297,126481,11,Grupo Idiomus - Teacher Poli,2,pending,2024-09-19 11:12:07,2024-10-10 11:12:06,,,16,16
209298,126553,11,Grupo Idiomus - Teacher Poli,2,pending,2024-09-19 14:04:06,2024-10-10 14:04:06,,,16,16
209300,126579,11,Grupo Idiomus - Teacher Poli,2,pending,2024-09-19 15:09:05,2024-10-10 15:09:06,,,16,16
209302,126721,11,Grupo Idiomus - Teacher Poli,2,pending,2024-09-19 20:04:06,2024-10-08 20:04:06,,,6,6
209304,126807,11,Grupo Idiomus - Teacher Poli,2,pending,2024-09-20 00:32:06,2024-10-11 00:32:05,,,16,16
209307,126860,11,Grupo Idiomus - Teacher Poli,2,pending,2024-09-20 04:59:07,2024-10-11 04:59:06,,,16,16
209308,126888,11,Grupo Idiomus - Teacher Poli,2,pending,2024-09-20 10:24:07,2024-10-11 10:24:06,,,16,16
209312,126956,11,Grupo Idiomus - Teacher Poli,2,pending,2024-09-20 13:34:08,2024-10-11 13:34:06,,,16,16
209314,126995,11,Grupo Idiomus - Teacher Poli,2,pending,2024-09-20 15:00:12,2024-09-25 15:00:06,,,15,15
209318,127067,11,Grupo Idiomus - Teacher Poli,2,pending,2024-09-20 17:46:07,2024-10-11 17:46:07,,,15,15
209319,127124,11,Grupo Idiomus - Teacher Poli,2,pending,2024-09-20 19:50:08,2024-10-11 19:50:07,,,16,16
209322,127140,11,Grupo Idiomus - Teacher Poli,2,pending,2024-09-20 20:20:07,2024-10-11 20:20:08,,,16,16
209323,127172,11,Grupo Idiomus - Teacher Poli,2,pending,2024-09-20 21:23:05,2024-09-20 21:23:06,,,1,1
209324,127194,11,Grupo Idiomus - Teacher Poli,2,pending,2024-09-20 21:55:09,2024-10-11 21:55:07,,,16,16
209325,127227,11,Grupo Idiomus - Teacher Poli,2,pending,2024-09-21 00:08:08,2024-10-12 00:08:06,,,16,16
209327,127231,11,Grupo Idiomus - Teacher Poli,2,pending,2024-09-21 00:16:06,2024-10-12 00:16:06,,,16,16
209328,127248,11,Grupo Idiomus - Teacher Poli,2,pending,2024-09-21 00:58:07,2024-10-12 00:58:04,,,16,16
209329,127257,11,Grupo Idiomus - Teacher Poli,2,pending,2024-09-21 02:16:06,2024-10-12 02:16:07,,,16,16
209331,127283,11,Grupo Idiomus - Teacher Poli,2,pending,2024-09-21 05:50:08,2024-10-12 05:50:07,,,15,15
209336,127397,11,Grupo Idiomus - Teacher Poli,2,pending,2024-09-21 13:37:07,2024-10-12 13:37:05,,,16,16
209338,127456,11,Grupo Idiomus - Teacher Poli,2,pending,2024-09-21 14:52:06,2024-09-26 14:52:06,,,15,15
209339,127501,11,Grupo Idiomus - Teacher Poli,2,pending,2024-09-21 16:14:08,2024-09-26 16:14:06,,,15,15
209343,127543,11,Grupo Idiomus - Teacher Poli,2,pending,2024-09-21 18:07:07,2024-10-12 18:07:06,,,16,16
209344,127574,11,Grupo Idiomus - Teacher Poli,2,pending,2024-09-21 19:58:10,2024-09-26 19:58:05,,,15,15
209345,127595,11,Grupo Idiomus - Teacher Poli,2,pending,2024-09-21 21:13:07,2024-10-12 21:13:05,,,16,16
209352,127669,11,Grupo Idiomus - Teacher Poli,2,pending,2024-09-22 01:49:06,2024-10-13 01:49:06,,,16,16
209353,127671,11,Grupo Idiomus - Teacher Poli,2,pending,2024-09-22 01:56:06,2024-10-13 01:56:06,,,16,16
209354,127686,11,Grupo Idiomus - Teacher Poli,2,pending,2024-09-22 02:47:06,2024-10-13 02:47:06,,,16,16
209355,127689,11,Grupo Idiomus - Teacher Poli,2,pending,2024-09-22 02:57:06,2024-10-13 02:57:06,,,16,16
209357,127713,11,Grupo Idiomus - Teacher Poli,2,pending,2024-09-22 06:35:06,2024-10-13 06:35:06,,,16,16
209358,127723,11,Grupo Idiomus - Teacher Poli,2,pending,2024-09-22 07:53:06,2024-10-13 08:45:56,,,16,16
209360,127785,11,Grupo Idiomus - Teacher Poli,2,pending,2024-09-22 11:21:07,2024-10-13 11:21:06,,,16,16
209362,127799,11,Grupo Idiomus - Teacher Poli,2,pending,2024-09-22 11:46:06,2024-10-13 11:46:07,,,15,15
209363,127867,11,Grupo Idiomus - Teacher Poli,2,pending,2024-09-22 13:44:06,2024-10-13 13:44:05,,,16,16
209369,127925,11,Grupo Idiomus - Teacher Poli,2,pending,2024-09-22 16:00:07,2024-10-13 16:00:08,,,16,16
209370,127929,11,Grupo Idiomus - Teacher Poli,2,pending,2024-09-22 16:38:07,2024-10-13 16:38:06,,,15,15
209371,127931,11,Grupo Idiomus - Teacher Poli,2,pending,2024-09-22 16:52:08,2024-10-13 16:52:05,,,16,16
209373,127970,11,Grupo Idiomus - Teacher Poli,2,pending,2024-09-22 18:32:06,2024-10-13 18:32:05,,,16,16
209374,127993,11,Grupo Idiomus - Teacher Poli,2,pending,2024-09-22 19:27:06,2024-10-13 19:27:10,,,16,16
209376,128018,11,Grupo Idiomus - Teacher Poli,2,pending,2024-09-22 20:43:07,2024-10-13 20:43:06,,,16,16
209380,128075,11,Grupo Idiomus - Teacher Poli,2,pending,2024-09-22 23:31:06,2024-10-13 23:31:07,,,16,16
209381,128083,11,Grupo Idiomus - Teacher Poli,2,pending,2024-09-23 00:06:08,2024-10-14 00:06:06,,,16,16
209382,128092,11,Grupo Idiomus - Teacher Poli,2,pending,2024-09-23 00:34:06,2024-10-14 00:34:06,,,16,16
209387,128207,11,Grupo Idiomus - Teacher Poli,2,pending,2024-09-23 11:07:07,2024-10-14 11:07:05,,,16,16
209388,128236,11,Grupo Idiomus - Teacher Poli,2,pending,2024-09-23 11:39:05,2024-10-14 11:39:06,,,16,16
209393,128300,11,Grupo Idiomus - Teacher Poli,2,pending,2024-09-23 14:03:08,2024-10-14 14:03:06,,,16,16
209397,128414,11,Grupo Idiomus - Teacher Poli,2,pending,2024-09-23 18:04:10,2024-09-28 18:04:05,,,15,15
209398,128437,11,Grupo Idiomus - Teacher Poli,2,pending,2024-09-23 19:10:10,2024-10-14 19:10:07,,,16,16
209400,128493,11,Grupo Idiomus - Teacher Poli,2,pending,2024-09-23 22:05:07,2024-09-28 22:05:05,,,15,15
209401,128511,11,Grupo Idiomus - Teacher Poli,2,pending,2024-09-23 22:40:10,2024-10-12 22:40:11,,,6,6
209403,128532,11,Grupo Idiomus - Teacher Poli,2,pending,2024-09-23 23:21:08,2024-10-14 23:21:06,,,16,16
209404,128539,11,Grupo Idiomus - Teacher Poli,2,pending,2024-09-23 23:34:07,2024-10-14 23:34:05,,,16,16
209406,128592,11,Grupo Idiomus - Teacher Poli,2,pending,2024-09-24 01:52:07,2024-10-15 01:52:04,,,16,16
209407,128601,11,Grupo Idiomus - Teacher Poli,2,pending,2024-09-24 02:28:06,2024-10-15 02:28:06,,,16,16
209408,128615,11,Grupo Idiomus - Teacher Poli,2,pending,2024-09-24 04:37:07,2024-09-29 04:37:05,,,15,15
209410,128667,11,Grupo Idiomus - Teacher Poli,2,pending,2024-09-24 11:04:07,2024-09-29 11:04:06,,,15,15
209411,128739,11,Grupo Idiomus - Teacher Poli,2,pending,2024-09-24 13:46:07,2024-10-15 13:46:06,,,16,16
209413,128774,11,Grupo Idiomus - Teacher Poli,2,pending,2024-09-24 15:03:07,2024-10-15 15:03:06,,,16,16
209416,128802,11,Grupo Idiomus - Teacher Poli,2,pending,2024-09-24 16:12:08,2024-10-15 16:12:07,,,16,16
209417,128807,11,Grupo Idiomus - Teacher Poli,2,pending,2024-09-24 16:38:09,2024-10-15 16:38:06,,,15,15
209418,128825,11,Grupo Idiomus - Teacher Poli,2,pending,2024-09-24 17:41:06,2024-10-11 17:41:05,,,3,3
209419,128850,11,Grupo Idiomus - Teacher Poli,2,pending,2024-09-24 18:30:12,2024-09-29 18:30:05,,,15,15
209420,128900,11,Grupo Idiomus - Teacher Poli,2,pending,2024-09-24 20:44:07,2024-10-15 20:44:05,,,16,16
209421,128906,11,Grupo Idiomus - Teacher Poli,2,pending,2024-09-24 21:04:04,2024-09-24 21:04:05,,,1,1
209422,128911,11,Grupo Idiomus - Teacher Poli,2,pending,2024-09-24 21:12:06,2024-10-15 21:12:05,,,16,16
209424,128919,11,Grupo Idiomus - Teacher Poli,2,pending,2024-09-24 21:36:07,2024-10-14 15:36:06,,,8,8
209425,128946,11,Grupo Idiomus - Teacher Poli,2,pending,2024-09-24 22:37:06,2024-10-15 22:37:05,,,16,16
209426,128947,11,Grupo Idiomus - Teacher Poli,2,pending,2024-09-24 22:41:07,2024-09-29 22:41:06,,,15,15
209427,128977,11,Grupo Idiomus - Teacher Poli,2,pending,2024-09-25 00:11:06,2024-09-26 00:11:04,,,2,2
209428,128983,11,Grupo Idiomus - Teacher Poli,2,pending,2024-09-25 00:29:07,2024-10-16 00:29:07,,,16,16
209429,129020,11,Grupo Idiomus - Teacher Poli,2,pending,2024-09-25 02:07:06,2024-10-16 02:07:05,,,16,16
209430,129060,11,Grupo Idiomus - Teacher Poli,2,pending,2024-09-25 08:48:06,2024-10-16 08:48:06,,,16,16
209431,129064,11,Grupo Idiomus - Teacher Poli,2,pending,2024-09-25 09:11:06,2024-10-16 09:11:06,,,16,16
209432,129098,11,Grupo Idiomus - Teacher Poli,2,pending,2024-09-25 11:32:08,2024-10-16 11:32:05,,,16,16
209433,129169,11,Grupo Idiomus - Teacher Poli,2,pending,2024-09-25 14:50:09,2024-09-30 14:50:06,,,15,15
209434,129170,11,Grupo Idiomus - Teacher Poli,2,pending,2024-09-25 14:51:05,2024-10-16 14:51:06,,,16,16
209435,129177,11,Grupo Idiomus - Teacher Poli,2,pending,2024-09-25 15:09:05,2024-10-16 15:09:07,,,16,16
209438,129272,11,Grupo Idiomus - Teacher Poli,2,pending,2024-09-25 19:40:17,2024-10-16 19:40:06,,,16,16
209443,129411,11,Grupo Idiomus - Teacher Poli,2,pending,2024-09-26 02:04:09,2024-10-17 02:04:05,,,16,16
209446,129481,11,Grupo Idiomus - Teacher Poli,2,pending,2024-09-26 11:12:06,2024-10-17 11:12:05,,,16,16
209447,129489,11,Grupo Idiomus - Teacher Poli,2,pending,2024-09-26 11:32:08,2024-10-17 11:32:07,,,16,16
209449,129526,11,Grupo Idiomus - Teacher Poli,2,pending,2024-09-26 13:17:05,2024-10-17 13:17:06,,,16,16
209450,129561,11,Grupo Idiomus - Teacher Poli,2,pending,2024-09-26 15:00:06,2024-10-01 15:00:08,,,15,15
209451,129599,11,Grupo Idiomus - Teacher Poli,2,pending,2024-09-26 16:06:07,2024-10-17 16:06:07,,,16,16
209452,129637,11,Grupo Idiomus - Teacher Poli,2,pending,2024-09-26 17:36:06,2024-10-17 17:36:05,,,16,16
209459,129701,11,Grupo Idiomus - Teacher Poli,2,pending,2024-09-26 20:43:09,2024-10-17 20:43:05,,,16,16
209464,129773,11,Grupo Idiomus - Teacher Poli,2,pending,2024-09-27 00:20:06,2024-10-18 00:20:08,,,16,16
209466,129795,11,Grupo Idiomus - Teacher Poli,2,pending,2024-09-27 01:56:08,2024-10-02 01:56:06,,,15,15
209467,129807,11,Grupo Idiomus - Teacher Poli,2,pending,2024-09-27 03:00:15,2024-10-18 03:00:19,,,16,16
209471,129888,11,Grupo Idiomus - Teacher Poli,2,pending,2024-09-27 12:04:06,2024-10-18 12:04:05,,,16,16
209472,129915,11,Grupo Idiomus - Teacher Poli,2,pending,2024-09-27 12:50:11,2024-10-18 12:50:05,,,16,16
209473,129995,11,Grupo Idiomus - Teacher Poli,2,pending,2024-09-27 16:14:06,2024-10-18 16:14:06,,,16,16
209474,129996,11,Grupo Idiomus - Teacher Poli,2,pending,2024-09-27 16:18:06,2024-10-18 16:18:17,,,16,16
209475,130000,11,Grupo Idiomus - Teacher Poli,2,pending,2024-09-27 16:34:18,2024-10-18 16:34:07,,,16,16
209476,130011,11,Grupo Idiomus - Teacher Poli,2,pending,2024-09-27 17:01:09,2024-10-18 17:01:06,,,16,16
209479,130098,11,Grupo Idiomus - Teacher Poli,2,pending,2024-09-27 21:52:06,2024-10-18 21:52:07,,,16,16
209482,130128,11,Grupo Idiomus - Teacher Poli,2,pending,2024-09-28 00:38:06,2024-10-19 00:38:07,,,16,16
209484,130141,11,Grupo Idiomus - Teacher Poli,2,pending,2024-09-28 01:25:08,2024-10-19 01:25:07,,,16,16
209485,130144,11,Grupo Idiomus - Teacher Poli,2,pending,2024-09-28 01:30:07,2024-10-19 01:30:06,,,16,16
209486,130150,11,Grupo Idiomus - Teacher Poli,2,pending,2024-09-28 01:56:07,2024-10-19 01:56:05,,,17,17
209488,130181,11,Grupo Idiomus - Teacher Poli,2,pending,2024-09-28 07:40:07,2024-10-19 07:40:08,,,16,16
209489,130187,11,Grupo Idiomus - Teacher Poli,2,pending,2024-09-28 08:25:08,2024-10-19 08:25:05,,,15,15
209490,130196,11,Grupo Idiomus - Teacher Poli,2,pending,2024-09-28 09:16:07,2024-10-19 09:16:05,,,16,16
209492,130215,11,Grupo Idiomus - Teacher Poli,2,pending,2024-09-28 10:07:08,2024-10-19 10:07:05,,,16,16
209493,130219,11,Grupo Idiomus - Teacher Poli,2,pending,2024-09-28 10:20:06,2024-10-19 10:20:06,,,16,16
209497,130253,11,Grupo Idiomus - Teacher Poli,2,pending,2024-09-28 11:54:06,2024-10-19 11:54:05,,,16,16
209501,130285,11,Grupo Idiomus - Teacher Poli,2,pending,2024-09-28 13:11:07,2024-10-19 13:11:05,,,16,16
209509,130359,11,Grupo Idiomus - Teacher Poli,2,pending,2024-09-28 15:40:07,2024-10-19 15:40:07,,,16,16
209512,130417,11,Grupo Idiomus - Teacher Poli,2,pending,2024-09-28 18:26:06,2024-10-19 18:26:07,,,17,17
209514,130460,11,Grupo Idiomus - Teacher Poli,2,pending,2024-09-28 20:44:09,2024-10-19 20:44:07,,,16,16
209517,130470,11,Grupo Idiomus - Teacher Poli,2,pending,2024-09-28 21:07:06,2024-10-19 21:07:05,,,16,16
209519,130492,11,Grupo Idiomus - Teacher Poli,2,pending,2024-09-28 22:57:06,2024-10-17 22:57:07,,,6,6
209520,130507,11,Grupo Idiomus - Teacher Poli,2,pending,2024-09-28 23:41:05,2024-10-19 23:41:05,,,16,16
209521,130520,11,Grupo Idiomus - Teacher Poli,2,pending,2024-09-29 00:22:07,2024-10-20 00:22:06,,,16,16
209524,130543,11,Grupo Idiomus - Teacher Poli,2,pending,2024-09-29 01:48:05,2024-10-20 01:48:06,,,16,16
209536,130650,11,Grupo Idiomus - Teacher Poli,2,pending,2024-09-29 12:31:06,2024-09-29 12:31:07,,,1,1
209537,130651,11,Grupo Idiomus - Teacher Poli,2,pending,2024-09-29 12:36:08,2024-10-20 12:36:06,,,16,16
209538,130654,11,Grupo Idiomus - Teacher Poli,2,pending,2024-09-29 12:37:08,2024-10-20 12:37:05,,,16,16
209540,130672,11,Grupo Idiomus - Teacher Poli,2,pending,2024-09-29 13:22:08,2024-10-20 13:22:06,,,16,16
209541,130674,11,Grupo Idiomus - Teacher Poli,2,pending,2024-09-29 13:25:07,2024-10-20 13:25:07,,,16,16
209544,130729,11,Grupo Idiomus - Teacher Poli,2,pending,2024-09-29 14:36:07,2024-10-20 14:36:07,,,16,16
209545,130758,11,Grupo Idiomus - Teacher Poli,2,pending,2024-09-29 15:43:05,2024-10-20 15:43:05,,,16,16
209548,130778,11,Grupo Idiomus - Teacher Poli,2,pending,2024-09-29 16:54:07,2024-10-20 16:54:05,,,16,16
209551,130864,11,Grupo Idiomus - Teacher Poli,2,pending,2024-09-29 22:09:07,2024-10-20 22:09:06,,,16,16
209555,130917,11,Grupo Idiomus - Teacher Poli,2,pending,2024-09-30 01:09:06,2024-10-21 01:09:06,,,16,16
209558,130961,11,Grupo Idiomus - Teacher Poli,2,pending,2024-09-30 06:05:08,2024-10-21 06:05:06,,,16,16
209562,130969,11,Grupo Idiomus - Teacher Poli,2,pending,2024-09-30 08:44:05,2024-10-05 08:44:05,,,15,15
209570,131075,11,Grupo Idiomus - Teacher Poli,2,pending,2024-09-30 12:54:08,2024-10-21 12:54:06,,,17,17
209571,131092,11,Grupo Idiomus - Teacher Poli,2,pending,2024-09-30 13:41:07,2024-10-04 13:41:07,,,8,8
209572,131114,11,Grupo Idiomus - Teacher Poli,2,pending,2024-09-30 15:04:06,2024-10-21 15:04:05,,,16,16
209573,131171,11,Grupo Idiomus - Teacher Poli,2,pending,2024-09-30 17:41:06,2024-09-30 17:41:07,,,1,1
209576,131226,11,Grupo Idiomus - Teacher Poli,2,pending,2024-09-30 20:03:07,2024-10-21 20:03:07,,,16,16
209579,131288,11,Grupo Idiomus - Teacher Poli,2,pending,2024-09-30 22:55:07,2024-10-02 23:05:13,,,12,12
209581,131329,11,Grupo Idiomus - Teacher Poli,2,pending,2024-10-01 01:37:06,2024-10-22 01:37:07,,,16,16
209582,131344,11,Grupo Idiomus - Teacher Poli,2,pending,2024-10-01 02:35:08,2024-10-22 02:35:07,,,16,16
209583,131371,11,Grupo Idiomus - Teacher Poli,2,pending,2024-10-01 07:27:06,2024-10-22 07:27:05,,,16,16
209585,131386,11,Grupo Idiomus - Teacher Poli,2,pending,2024-10-01 10:00:11,2024-10-06 10:00:06,,,15,15
209586,131388,11,Grupo Idiomus - Teacher Poli,2,pending,2024-10-01 10:52:08,2024-10-22 10:52:05,,,16,16
210087,131404,11,Grupo Idiomus - Teacher Poli,2,pending,2024-10-01 12:30:07,2024-10-06 12:30:06,,,15,15
210092,131463,11,Grupo Idiomus - Teacher Poli,2,pending,2024-10-01 16:32:06,2024-10-22 16:32:07,,,16,16
210095,131523,11,Grupo Idiomus - Teacher Poli,2,pending,2024-10-01 19:27:13,2024-10-22 19:27:06,,,16,16
210097,131541,11,Grupo Idiomus - Teacher Poli,2,pending,2024-10-01 20:33:06,2024-10-22 20:33:06,,,16,16
210100,131576,11,Grupo Idiomus - Teacher Poli,2,pending,2024-10-02 00:12:07,2024-10-23 00:12:06,,,16,16
210102,131593,11,Grupo Idiomus - Teacher Poli,2,pending,2024-10-02 02:02:07,2024-10-23 02:02:06,,,16,16
210104,131613,11,Grupo Idiomus - Teacher Poli,2,pending,2024-10-02 05:15:05,2024-10-23 05:15:07,,,16,16
210105,131628,11,Grupo Idiomus - Teacher Poli,2,pending,2024-10-02 08:54:07,2024-10-23 08:54:06,,,16,16
210106,131645,11,Grupo Idiomus - Teacher Poli,2,pending,2024-10-02 10:38:07,2024-10-23 10:38:06,,,16,16
210108,131652,11,Grupo Idiomus - Teacher Poli,2,pending,2024-10-02 11:08:06,2024-10-23 11:08:07,,,16,16
210110,131676,11,Grupo Idiomus - Teacher Poli,2,pending,2024-10-02 13:14:07,2024-10-23 13:14:05,,,16,16
210112,131683,11,Grupo Idiomus - Teacher Poli,2,pending,2024-10-02 13:37:08,2024-10-23 13:37:07,,,16,16
210113,131718,11,Grupo Idiomus - Teacher Poli,2,pending,2024-10-02 15:07:05,2024-10-19 15:07:06,,,3,3
210115,131775,11,Grupo Idiomus - Teacher Poli,2,pending,2024-10-02 18:01:08,2024-10-23 18:01:06,,,16,16
210117,131830,11,Grupo Idiomus - Teacher Poli,2,pending,2024-10-02 21:37:06,2024-10-23 21:37:07,,,16,16
210119,131870,11,Grupo Idiomus - Teacher Poli,2,pending,2024-10-03 00:50:05,2024-10-03 00:50:06,,,1,1
210129,132082,11,Grupo Idiomus - Teacher Poli,2,pending,2024-10-03 22:00:07,2024-10-24 22:00:11,,,16,16
210130,132105,11,Grupo Idiomus - Teacher Poli,2,pending,2024-10-04 00:26:06,2024-10-09 00:26:05,,,15,15
210135,132175,11,Grupo Idiomus - Teacher Poli,2,pending,2024-10-04 11:21:06,2024-10-25 11:21:06,,,16,16
210136,132189,11,Grupo Idiomus - Teacher Poli,2,pending,2024-10-04 13:11:07,2024-10-04 13:11:07,,,1,1
210142,132300,11,Grupo Idiomus - Teacher Poli,2,pending,2024-10-04 22:20:06,2024-10-25 22:20:08,,,16,16
210143,132306,11,Grupo Idiomus - Teacher Poli,2,pending,2024-10-04 22:57:06,2024-10-04 22:57:07,,,1,1
210145,132313,11,Grupo Idiomus - Teacher Poli,2,pending,2024-10-05 00:10:07,2024-10-26 00:10:06,,,16,16
210146,132344,11,Grupo Idiomus - Teacher Poli,2,pending,2024-10-05 08:11:06,2024-10-21 08:11:06,,,2,2
210147,132351,11,Grupo Idiomus - Teacher Poli,2,pending,2024-10-05 09:44:06,2024-10-07 09:54:04,,,12,12
210148,132364,11,Grupo Idiomus - Teacher Poli,2,pending,2024-10-05 10:47:06,2024-10-26 10:47:06,,,16,16
210149,132368,11,Grupo Idiomus - Teacher Poli,2,pending,2024-10-05 11:11:06,2024-10-26 11:11:07,,,16,16
210151,132382,11,Grupo Idiomus - Teacher Poli,2,pending,2024-10-05 12:11:08,2024-10-26 12:11:07,,,16,16
210152,132385,11,Grupo Idiomus - Teacher Poli,2,pending,2024-10-05 12:28:08,2024-10-26 12:28:05,,,16,16
210153,132406,11,Grupo Idiomus - Teacher Poli,2,pending,2024-10-05 13:56:07,2024-10-26 13:56:07,,,16,16
210154,132430,11,Grupo Idiomus - Teacher Poli,2,pending,2024-10-05 15:19:06,2024-10-26 15:19:06,,,16,16
210155,132431,11,Grupo Idiomus - Teacher Poli,2,pending,2024-10-05 15:20:10,2024-10-26 15:20:07,,,16,16
210156,132433,11,Grupo Idiomus - Teacher Poli,2,pending,2024-10-05 15:41:07,2024-10-26 15:41:07,,,16,16
210157,132470,11,Grupo Idiomus - Teacher Poli,2,pending,2024-10-05 18:44:08,2024-10-26 18:44:06,,,16,16
210159,132494,11,Grupo Idiomus - Teacher Poli,2,pending,2024-10-05 21:24:05,2024-10-26 21:24:07,,,16,16
210160,132500,11,Grupo Idiomus - Teacher Poli,2,pending,2024-10-05 22:17:08,2024-10-26 22:17:07,,,16,16
210161,132520,11,Grupo Idiomus - Teacher Poli,2,pending,2024-10-06 01:00:07,2024-10-27 01:00:07,,,16,16
210163,132546,11,Grupo Idiomus - Teacher Poli,2,pending,2024-10-06 07:23:06,2025-01-20 14:47:14,,,16,16
210164,132551,11,Grupo Idiomus - Teacher Poli,2,pending,2024-10-06 09:33:06,2025-01-20 14:47:17,,,17,17
210170,132620,11,Grupo Idiomus - Teacher Poli,2,pending,2024-10-06 15:47:07,2025-01-20 14:47:38,,,16,16
210171,132630,11,Grupo Idiomus - Teacher Poli,2,pending,2024-10-06 18:06:08,2025-01-20 14:47:41,,,16,16
210172,132646,11,Grupo Idiomus - Teacher Poli,2,pending,2024-10-06 19:43:09,2024-10-11 19:43:07,,,15,15
210173,132652,11,Grupo Idiomus - Teacher Poli,2,pending,2024-10-06 20:25:07,2025-01-20 14:47:44,,,16,16
210175,132694,11,Grupo Idiomus - Teacher Poli,2,pending,2024-10-07 02:21:09,2025-01-20 14:47:50,,,16,16
210176,132704,11,Grupo Idiomus - Teacher Poli,2,pending,2024-10-07 05:45:07,2025-01-20 14:47:52,,,16,16
210177,132716,11,Grupo Idiomus - Teacher Poli,2,pending,2024-10-07 09:19:06,2025-01-20 14:47:56,,,16,16
210184,132968,11,Grupo Idiomus - Teacher Poli,2,pending,2024-10-07 19:27:08,2025-01-20 14:48:25,,,16,16
210185,132976,11,Grupo Idiomus - Teacher Poli,2,pending,2024-10-07 19:44:06,2025-01-20 14:48:29,,,16,16
210187,133001,11,Grupo Idiomus - Teacher Poli,2,pending,2024-10-07 20:47:06,2025-01-20 14:48:33,,,16,16
210188,133042,11,Grupo Idiomus - Teacher Poli,2,pending,2024-10-07 22:27:07,2025-01-20 14:48:36,,,16,16
210190,133099,11,Grupo Idiomus - Teacher Poli,2,pending,2024-10-08 00:49:07,2025-01-20 14:48:42,,,16,16
210191,133133,11,Grupo Idiomus - Teacher Poli,2,pending,2024-10-08 03:28:07,2025-01-20 14:48:44,,,16,16
210195,133223,11,Grupo Idiomus - Teacher Poli,2,pending,2024-10-08 11:02:08,2025-01-20 14:48:54,,,16,16
210196,133241,11,Grupo Idiomus - Teacher Poli,2,pending,2024-10-08 11:43:09,2025-01-20 14:48:57,,,16,16
210206,133557,11,Grupo Idiomus - Teacher Poli,2,pending,2024-10-09 09:20:11,2025-01-20 14:49:32,,,16,16
210209,133611,11,Grupo Idiomus - Teacher Poli,2,pending,2024-10-09 12:37:07,2025-01-20 14:49:38,,,16,16
210211,133756,11,Grupo Idiomus - Teacher Poli,2,pending,2024-10-09 18:27:06,2025-01-20 14:49:44,,,16,16
210215,133790,11,Grupo Idiomus - Teacher Poli,2,pending,2024-10-09 20:49:06,2025-01-20 14:49:10,,,8,8
210217,133835,11,Grupo Idiomus - Teacher Poli,2,pending,2024-10-09 23:45:07,2024-10-14 23:45:08,,,15,15
210220,133874,11,Grupo Idiomus - Teacher Poli,2,pending,2024-10-10 02:45:06,2025-01-20 14:49:57,,,16,16
210223,133910,11,Grupo Idiomus - Teacher Poli,2,pending,2024-10-10 10:51:08,2025-01-20 14:50:04,,,16,16
210227,133968,11,Grupo Idiomus - Teacher Poli,2,pending,2024-10-10 13:25:06,2025-01-20 14:50:16,,,16,16
210234,134161,11,Grupo Idiomus - Teacher Poli,2,pending,2024-10-10 22:50:06,2025-01-20 14:50:26,,,16,16
210236,134226,11,Grupo Idiomus - Teacher Poli,2,pending,2024-10-11 02:41:06,2025-01-20 14:50:30,,,16,16
210239,134259,11,Grupo Idiomus - Teacher Poli,2,pending,2024-10-11 08:54:14,2025-01-20 14:50:47,,,16,16
210241,134272,11,Grupo Idiomus - Teacher Poli,2,pending,2024-10-11 10:26:07,2025-01-20 14:50:53,,,16,16
210243,134292,11,Grupo Idiomus - Teacher Poli,2,pending,2024-10-11 11:16:06,2025-01-20 14:50:59,,,16,16
210253,134660,11,Grupo Idiomus - Teacher Poli,2,pending,2024-10-12 09:32:06,2025-01-20 14:51:56,,,16,16
210255,134674,11,Grupo Idiomus - Teacher Poli,2,pending,2024-10-12 10:32:06,2025-01-20 14:49:35,,,4,4
210257,134686,11,Grupo Idiomus - Teacher Poli,2,pending,2024-10-12 11:14:07,2025-01-20 14:52:08,,,16,16
210258,134690,11,Grupo Idiomus - Teacher Poli,2,pending,2024-10-12 11:20:11,2025-01-20 14:52:12,,,16,16
210261,134739,11,Grupo Idiomus - Teacher Poli,2,pending,2024-10-12 12:50:07,2025-01-20 14:52:19,,,16,16
210265,134876,11,Grupo Idiomus - Teacher Poli,2,pending,2024-10-12 22:47:06,2025-01-20 14:57:37,,,16,16
210266,134913,11,Grupo Idiomus - Teacher Poli,2,pending,2024-10-13 01:40:07,2025-01-20 14:58:28,,,16,16
210267,134935,11,Grupo Idiomus - Teacher Poli,2,pending,2024-10-13 03:47:06,2025-01-20 14:55:49,,,16,16
210269,134959,11,Grupo Idiomus - Teacher Poli,2,pending,2024-10-13 09:07:06,2025-01-20 14:59:07,,,16,16
210272,134990,11,Grupo Idiomus - Teacher Poli,2,pending,2024-10-13 11:18:06,2025-01-20 14:54:50,,,16,16
210274,135000,11,Grupo Idiomus - Teacher Poli,2,pending,2024-10-13 11:55:07,2025-01-20 14:59:42,,,16,16
210275,135027,11,Grupo Idiomus - Teacher Poli,2,pending,2024-10-13 12:35:08,2025-01-20 14:59:44,,,16,16
210276,135044,11,Grupo Idiomus - Teacher Poli,2,pending,2024-10-13 13:18:06,2025-01-20 15:00:12,,,16,16
210280,135123,11,Grupo Idiomus - Teacher Poli,2,pending,2024-10-13 16:44:07,2025-01-20 15:01:24,,,16,16
210282,135153,11,Grupo Idiomus - Teacher Poli,2,pending,2024-10-13 18:47:07,2025-01-20 15:02:05,,,16,16
210283,135172,11,Grupo Idiomus - Teacher Poli,2,pending,2024-10-13 20:29:07,2025-01-20 15:02:30,,,16,16
210285,135188,11,Grupo Idiomus - Teacher Poli,2,pending,2024-10-13 21:15:06,2025-01-20 15:02:39,,,16,16
210290,135342,11,Grupo Idiomus - Teacher Poli,2,pending,2024-10-14 10:06:06,2025-01-20 15:04:10,,,16,16
210291,135389,11,Grupo Idiomus - Teacher Poli,2,pending,2024-10-14 12:10:07,2025-01-20 15:04:44,,,16,16
210292,135405,11,Grupo Idiomus - Teacher Poli,2,pending,2024-10-14 12:51:06,2025-01-20 15:05:01,,,16,16
210294,135509,11,Grupo Idiomus - Teacher Poli,2,pending,2024-10-14 16:54:07,2025-01-20 15:06:32,,,16,16
210296,135531,11,Grupo Idiomus - Teacher Poli,2,pending,2024-10-14 18:08:07,2025-01-20 15:06:35,,,16,16
210301,135787,11,Grupo Idiomus - Teacher Poli,2,pending,2024-10-15 02:21:08,2025-01-20 15:07:48,,,16,16
210314,136657,11,Grupo Idiomus - Teacher Poli,2,pending,2024-10-17 06:25:07,2024-10-17 06:25:07,,,1,1
210319,137417,11,Grupo Idiomus - Teacher Poli,2,pending,2024-10-19 08:07:05,2025-01-20 15:08:23,,,3,3
210349,139750,11,Grupo Idiomus - Teacher Poli,2,pending,2024-10-24 12:59:07,2024-10-24 12:59:08,,,1,1
210359,141788,11,Grupo Idiomus - Teacher Poli,2,pending,2024-10-29 11:46:22,2024-10-29 11:46:59,,,3,3
